2017-10-16T17:00:03.165756	{"name": "Peter Paschal", "id": 352125063, "profile_background_color": "C0DEED", "profile_text_color": "333333", "favourites_count": 8140, "profile_sidebar_fill_color": "DDEEF6", "follow_request_sent": false, "profile_link_color": "1DA1F2", "has_extended_profile": true, "created_at": "Wed Aug 10 05:27:37 +0000 2011", "geo_enabled": false, "profile_background_image_url_https": "https://abs.twimg.com/images/themes/theme1/bg.png", "notifications": false, "description": "#AllCatPack", "contributors_enabled": false, "profile_use_background_image": true, "location": "Nashville, TN", "protected": false, "profile_background_tile": false, "utc_offset": -21600, "translator_type": "none", "profile_sidebar_border_color": "C0DEED", "following": false, "profile_image_url_https": "https://pbs.twimg.com/profile_images/782012739271000064/u5c4S9Sc_normal.jpg", "is_translation_enabled": false, "verified": false, "entities": {"description": {"urls": []}, "url": {"urls": [{"indices": [0, 22], "expanded_url": "http://page.is/peter-paschal", "display_url": "page.is/peter-paschal", "url": "http://t.co/BrHAueRfpy"}]}}, "friends_count": 167, "is_translator": false, "default_profile": true, "default_profile_image": false, "followers_count": 247, "lang": "en", "profile_image_url": "http://pbs.twimg.com/profile_images/782012739271000064/u5c4S9Sc_normal.jpg", "status": {"id": 919963467057991680, "created_at": "Mon Oct 16 16:29:17 +0000 2017", "retweet_count": 0, "truncated": true, "retweeted": false, "in_reply_to_status_id_str": "919961647678148609", "in_reply_to_status_id": 919961647678148609, "geo": null, "in_reply_to_user_id_str": "784241829621460993", "is_quote_status": false, "in_reply_to_user_id": 784241829621460993, "favorited": false, "lang": "en", "place": null, "coordinates": null, "in_reply_to_screen_name": "ddas7714", "source": "<a href=\"http://twitter.com\" rel=\"nofollow\">Twitter Web Client</a>", "contributors": null, "id_str": "919963467057991680", "entities": {"urls": [{"indices": [117, 140], "expanded_url": "https://twitter.com/i/web/status/919963467057991680", "display_url": "twitter.com/i/web/status/9\u2026", "url": "https://t.co/ws5kHu6yOr"}], "symbols": [], "user_mentions": [{"name": "DAS", "id": 784241829621460993, "id_str": "784241829621460993", "screen_name": "ddas7714", "indices": [0, 9]}, {"name": "Chuck Woolery", "id": 462104542, "id_str": "462104542", "screen_name": "chuckwoolery", "indices": [10, 23]}], "hashtags": []}, "favorite_count": 1, "text": "@ddas7714 @chuckwoolery `\n\nThe NFL owners didn't have to \"collude\", anymore than carbuyer's choosing not to buy the\u2026 https://t.co/ws5kHu6yOr"}, "url": "http://t.co/BrHAueRfpy", "profile_background_image_url": "http://abs.twimg.com/images/themes/theme1/bg.png", "statuses_count": 15319, "id_str": "352125063", "screen_name": "PeterPaschal7", "time_zone": "Mountain Time (US & Canada)", "listed_count": 31}
2017-10-16T18:00:03.108846	{"has_extended_profile": true, "following": false, "profile_background_image_url_https": "https://abs.twimg.com/images/themes/theme1/bg.png", "profile_image_url_https": "https://pbs.twimg.com/profile_images/782012739271000064/u5c4S9Sc_normal.jpg", "profile_link_color": "1DA1F2", "translator_type": "none", "is_translation_enabled": false, "notifications": false, "screen_name": "PeterPaschal7", "contributors_enabled": false, "profile_text_color": "333333", "followers_count": 247, "verified": false, "time_zone": "Mountain Time (US & Canada)", "geo_enabled": false, "id_str": "352125063", "default_profile": true, "friends_count": 167, "lang": "en", "profile_background_image_url": "http://abs.twimg.com/images/themes/theme1/bg.png", "url": "http://t.co/BrHAueRfpy", "profile_background_color": "C0DEED", "favourites_count": 8140, "location": "Nashville, TN", "utc_offset": -21600, "description": "#AllCatPack", "profile_use_background_image": true, "profile_sidebar_border_color": "C0DEED", "status": {"retweeted": false, "contributors": null, "in_reply_to_status_id_str": "919961647678148609", "favorited": false, "place": null, "in_reply_to_status_id": 919961647678148609, "text": "@ddas7714 @chuckwoolery `\n\nThe NFL owners didn't have to \"collude\", anymore than carbuyer's choosing not to buy the\u2026 https://t.co/ws5kHu6yOr", "truncated": true, "id_str": "919963467057991680", "lang": "en", "source": "<a href=\"http://twitter.com\" rel=\"nofollow\">Twitter Web Client</a>", "is_quote_status": false, "id": 919963467057991680, "in_reply_to_user_id_str": "784241829621460993", "in_reply_to_user_id": 784241829621460993, "entities": {"urls": [{"display_url": "twitter.com/i/web/status/9\u2026", "url": "https://t.co/ws5kHu6yOr", "indices": [117, 140], "expanded_url": "https://twitter.com/i/web/status/919963467057991680"}], "symbols": [], "user_mentions": [{"id_str": "784241829621460993", "id": 784241829621460993, "screen_name": "ddas7714", "indices": [0, 9], "name": "DAS"}, {"id_str": "462104542", "id": 462104542, "screen_name": "chuckwoolery", "indices": [10, 23], "name": "Chuck Woolery"}], "hashtags": []}, "favorite_count": 1, "created_at": "Mon Oct 16 16:29:17 +0000 2017", "coordinates": null, "in_reply_to_screen_name": "ddas7714", "retweet_count": 0, "geo": null}, "name": "Peter Paschal", "protected": false, "entities": {"description": {"urls": []}, "url": {"urls": [{"display_url": "page.is/peter-paschal", "url": "http://t.co/BrHAueRfpy", "indices": [0, 22], "expanded_url": "http://page.is/peter-paschal"}]}}, "listed_count": 31, "profile_background_tile": false, "created_at": "Wed Aug 10 05:27:37 +0000 2011", "profile_sidebar_fill_color": "DDEEF6", "default_profile_image": false, "is_translator": false, "id": 352125063, "statuses_count": 15319, "follow_request_sent": false, "profile_image_url": "http://pbs.twimg.com/profile_images/782012739271000064/u5c4S9Sc_normal.jpg"}
2017-10-16T19:00:03.139886	{"lang": "en", "profile_image_url": "http://pbs.twimg.com/profile_images/782012739271000064/u5c4S9Sc_normal.jpg", "entities": {"description": {"urls": []}, "url": {"urls": [{"indices": [0, 22], "url": "http://t.co/BrHAueRfpy", "expanded_url": "http://page.is/peter-paschal", "display_url": "page.is/peter-paschal"}]}}, "profile_background_color": "C0DEED", "is_translation_enabled": false, "verified": false, "profile_link_color": "1DA1F2", "description": "#AllCatPack", "translator_type": "none", "profile_use_background_image": true, "profile_image_url_https": "https://pbs.twimg.com/profile_images/782012739271000064/u5c4S9Sc_normal.jpg", "statuses_count": 15319, "url": "http://t.co/BrHAueRfpy", "friends_count": 167, "name": "Peter Paschal", "has_extended_profile": true, "profile_background_image_url": "http://abs.twimg.com/images/themes/theme1/bg.png", "contributors_enabled": false, "utc_offset": -21600, "geo_enabled": false, "follow_request_sent": false, "favourites_count": 8142, "listed_count": 31, "screen_name": "PeterPaschal7", "protected": false, "following": false, "id": 352125063, "default_profile": true, "is_translator": false, "created_at": "Wed Aug 10 05:27:37 +0000 2011", "profile_text_color": "333333", "profile_sidebar_fill_color": "DDEEF6", "status": {"in_reply_to_status_id": 919961647678148609, "entities": {"symbols": [], "urls": [{"indices": [117, 140], "url": "https://t.co/ws5kHu6yOr", "expanded_url": "https://twitter.com/i/web/status/919963467057991680", "display_url": "twitter.com/i/web/status/9\u2026"}], "hashtags": [], "user_mentions": [{"indices": [0, 9], "screen_name": "ddas7714", "id_str": "784241829621460993", "name": "DAS", "id": 784241829621460993}, {"indices": [10, 23], "screen_name": "chuckwoolery", "id_str": "462104542", "name": "Chuck Woolery", "id": 462104542}]}, "lang": "en", "truncated": true, "contributors": null, "in_reply_to_status_id_str": "919961647678148609", "in_reply_to_user_id": 784241829621460993, "is_quote_status": false, "text": "@ddas7714 @chuckwoolery `\n\nThe NFL owners didn't have to \"collude\", anymore than carbuyer's choosing not to buy the\u2026 https://t.co/ws5kHu6yOr", "source": "<a href=\"http://twitter.com\" rel=\"nofollow\">Twitter Web Client</a>", "favorited": false, "id": 919963467057991680, "created_at": "Mon Oct 16 16:29:17 +0000 2017", "in_reply_to_screen_name": "ddas7714", "retweeted": false, "place": null, "id_str": "919963467057991680", "favorite_count": 1, "in_reply_to_user_id_str": "784241829621460993", "coordinates": null, "retweet_count": 0, "geo": null}, "id_str": "352125063", "location": "Nashville, TN", "notifications": false, "profile_background_image_url_https": "https://abs.twimg.com/images/themes/theme1/bg.png", "followers_count": 247, "profile_sidebar_border_color": "C0DEED", "profile_background_tile": false, "time_zone": "Mountain Time (US & Canada)", "default_profile_image": false}
2017-10-16T20:00:03.320240	{"profile_image_url": "http://pbs.twimg.com/profile_images/782012739271000064/u5c4S9Sc_normal.jpg", "profile_use_background_image": true, "favourites_count": 8142, "name": "Peter Paschal", "default_profile_image": false, "follow_request_sent": false, "url": "http://t.co/BrHAueRfpy", "profile_sidebar_border_color": "C0DEED", "profile_background_color": "C0DEED", "listed_count": 31, "notifications": false, "utc_offset": -21600, "profile_background_tile": false, "is_translation_enabled": false, "id": 352125063, "profile_background_image_url": "http://abs.twimg.com/images/themes/theme1/bg.png", "profile_background_image_url_https": "https://abs.twimg.com/images/themes/theme1/bg.png", "profile_image_url_https": "https://pbs.twimg.com/profile_images/782012739271000064/u5c4S9Sc_normal.jpg", "contributors_enabled": false, "verified": false, "location": "Nashville, TN", "description": "#AllCatPack", "translator_type": "none", "geo_enabled": false, "default_profile": true, "id_str": "352125063", "profile_text_color": "333333", "statuses_count": 15319, "profile_link_color": "1DA1F2", "created_at": "Wed Aug 10 05:27:37 +0000 2011", "friends_count": 167, "profile_sidebar_fill_color": "DDEEF6", "time_zone": "Mountain Time (US & Canada)", "protected": false, "lang": "en", "followers_count": 247, "status": {"place": null, "in_reply_to_status_id": 919961647678148609, "contributors": null, "id": 919963467057991680, "is_quote_status": false, "in_reply_to_screen_name": "ddas7714", "in_reply_to_user_id_str": "784241829621460993", "lang": "en", "coordinates": null, "retweeted": false, "favorite_count": 1, "retweet_count": 0, "in_reply_to_user_id": 784241829621460993, "truncated": true, "source": "<a href=\"http://twitter.com\" rel=\"nofollow\">Twitter Web Client</a>", "text": "@ddas7714 @chuckwoolery `\n\nThe NFL owners didn't have to \"collude\", anymore than carbuyer's choosing not to buy the\u2026 https://t.co/ws5kHu6yOr", "id_str": "919963467057991680", "favorited": false, "created_at": "Mon Oct 16 16:29:17 +0000 2017", "in_reply_to_status_id_str": "919961647678148609", "geo": null, "entities": {"symbols": [], "urls": [{"display_url": "twitter.com/i/web/status/9\u2026", "url": "https://t.co/ws5kHu6yOr", "expanded_url": "https://twitter.com/i/web/status/919963467057991680", "indices": [117, 140]}], "hashtags": [], "user_mentions": [{"indices": [0, 9], "id_str": "784241829621460993", "name": "DAS", "screen_name": "ddas7714", "id": 784241829621460993}, {"indices": [10, 23], "id_str": "462104542", "name": "Chuck Woolery", "screen_name": "chuckwoolery", "id": 462104542}]}}, "following": false, "screen_name": "PeterPaschal7", "has_extended_profile": true, "entities": {"url": {"urls": [{"display_url": "page.is/peter-paschal", "url": "http://t.co/BrHAueRfpy", "expanded_url": "http://page.is/peter-paschal", "indices": [0, 22]}]}, "description": {"urls": []}}, "is_translator": false}
2017-10-16T21:00:02.902381	{"notifications": false, "lang": "en", "friends_count": 167, "protected": false, "translator_type": "none", "statuses_count": 15319, "url": "http://t.co/BrHAueRfpy", "default_profile": true, "verified": false, "listed_count": 31, "profile_background_tile": false, "profile_image_url": "http://pbs.twimg.com/profile_images/782012739271000064/u5c4S9Sc_normal.jpg", "follow_request_sent": false, "profile_sidebar_fill_color": "DDEEF6", "is_translator": false, "following": false, "profile_use_background_image": true, "profile_link_color": "1DA1F2", "name": "Peter Paschal", "geo_enabled": false, "profile_sidebar_border_color": "C0DEED", "created_at": "Wed Aug 10 05:27:37 +0000 2011", "contributors_enabled": false, "status": {"lang": "en", "retweeted": false, "source": "<a href=\"http://twitter.com\" rel=\"nofollow\">Twitter Web Client</a>", "coordinates": null, "contributors": null, "place": null, "created_at": "Mon Oct 16 16:29:17 +0000 2017", "geo": null, "favorite_count": 1, "text": "@ddas7714 @chuckwoolery `\n\nThe NFL owners didn't have to \"collude\", anymore than carbuyer's choosing not to buy the\u2026 https://t.co/ws5kHu6yOr", "in_reply_to_status_id_str": "919961647678148609", "favorited": false, "truncated": true, "in_reply_to_screen_name": "ddas7714", "in_reply_to_status_id": 919961647678148609, "in_reply_to_user_id_str": "784241829621460993", "entities": {"user_mentions": [{"id_str": "784241829621460993", "name": "DAS", "indices": [0, 9], "id": 784241829621460993, "screen_name": "ddas7714"}, {"id_str": "462104542", "name": "Chuck Woolery", "indices": [10, 23], "id": 462104542, "screen_name": "chuckwoolery"}], "symbols": [], "urls": [{"indices": [117, 140], "expanded_url": "https://twitter.com/i/web/status/919963467057991680", "url": "https://t.co/ws5kHu6yOr", "display_url": "twitter.com/i/web/status/9\u2026"}], "hashtags": []}, "id_str": "919963467057991680", "retweet_count": 0, "id": 919963467057991680, "is_quote_status": false, "in_reply_to_user_id": 784241829621460993}, "location": "Nashville, TN", "profile_background_color": "C0DEED", "followers_count": 247, "profile_background_image_url": "http://abs.twimg.com/images/themes/theme1/bg.png", "is_translation_enabled": false, "screen_name": "PeterPaschal7", "profile_image_url_https": "https://pbs.twimg.com/profile_images/782012739271000064/u5c4S9Sc_normal.jpg", "utc_offset": -21600, "has_extended_profile": true, "time_zone": "Mountain Time (US & Canada)", "profile_background_image_url_https": "https://abs.twimg.com/images/themes/theme1/bg.png", "profile_text_color": "333333", "description": "#AllCatPack", "entities": {"description": {"urls": []}, "url": {"urls": [{"indices": [0, 22], "expanded_url": "http://page.is/peter-paschal", "url": "http://t.co/BrHAueRfpy", "display_url": "page.is/peter-paschal"}]}}, "id_str": "352125063", "id": 352125063, "favourites_count": 8142, "default_profile_image": false}
2017-10-16T22:00:02.826092	{"favourites_count": 8142, "verified": false, "entities": {"description": {"urls": []}, "url": {"urls": [{"indices": [0, 22], "url": "http://t.co/BrHAueRfpy", "display_url": "page.is/peter-paschal", "expanded_url": "http://page.is/peter-paschal"}]}}, "friends_count": 167, "profile_text_color": "333333", "screen_name": "PeterPaschal7", "status": {"truncated": true, "lang": "en", "place": null, "entities": {"user_mentions": [{"name": "DAS", "id": 784241829621460993, "indices": [0, 9], "id_str": "784241829621460993", "screen_name": "ddas7714"}, {"name": "Chuck Woolery", "id": 462104542, "indices": [10, 23], "id_str": "462104542", "screen_name": "chuckwoolery"}], "hashtags": [], "symbols": [], "urls": [{"indices": [117, 140], "url": "https://t.co/ws5kHu6yOr", "display_url": "twitter.com/i/web/status/9\u2026", "expanded_url": "https://twitter.com/i/web/status/919963467057991680"}]}, "favorited": false, "coordinates": null, "in_reply_to_user_id": 784241829621460993, "text": "@ddas7714 @chuckwoolery `\n\nThe NFL owners didn't have to \"collude\", anymore than carbuyer's choosing not to buy the\u2026 https://t.co/ws5kHu6yOr", "retweet_count": 0, "geo": null, "id_str": "919963467057991680", "in_reply_to_status_id_str": "919961647678148609", "retweeted": false, "contributors": null, "in_reply_to_screen_name": "ddas7714", "is_quote_status": false, "id": 919963467057991680, "created_at": "Mon Oct 16 16:29:17 +0000 2017", "source": "<a href=\"http://twitter.com\" rel=\"nofollow\">Twitter Web Client</a>", "in_reply_to_user_id_str": "784241829621460993", "in_reply_to_status_id": 919961647678148609, "favorite_count": 1}, "follow_request_sent": false, "profile_sidebar_border_color": "C0DEED", "profile_image_url": "http://pbs.twimg.com/profile_images/782012739271000064/u5c4S9Sc_normal.jpg", "profile_background_image_url": "http://abs.twimg.com/images/themes/theme1/bg.png", "geo_enabled": false, "has_extended_profile": true, "is_translator": false, "is_translation_enabled": false, "profile_background_tile": false, "utc_offset": -21600, "profile_link_color": "1DA1F2", "protected": false, "following": false, "location": "Nashville, TN", "name": "Peter Paschal", "description": "#AllCatPack", "profile_background_image_url_https": "https://abs.twimg.com/images/themes/theme1/bg.png", "id_str": "352125063", "contributors_enabled": false, "profile_sidebar_fill_color": "DDEEF6", "created_at": "Wed Aug 10 05:27:37 +0000 2011", "default_profile": true, "lang": "en", "url": "http://t.co/BrHAueRfpy", "notifications": false, "translator_type": "none", "listed_count": 31, "profile_use_background_image": true, "profile_image_url_https": "https://pbs.twimg.com/profile_images/782012739271000064/u5c4S9Sc_normal.jpg", "id": 352125063, "followers_count": 247, "statuses_count": 15319, "profile_background_color": "C0DEED", "default_profile_image": false, "time_zone": "Mountain Time (US & Canada)"}
2017-10-16T23:00:02.699464	{"verified": false, "profile_text_color": "333333", "profile_sidebar_fill_color": "DDEEF6", "default_profile": true, "geo_enabled": false, "profile_background_image_url_https": "https://abs.twimg.com/images/themes/theme1/bg.png", "translator_type": "none", "follow_request_sent": false, "time_zone": "Mountain Time (US & Canada)", "following": false, "profile_image_url": "http://pbs.twimg.com/profile_images/782012739271000064/u5c4S9Sc_normal.jpg", "protected": false, "lang": "en", "profile_link_color": "1DA1F2", "followers_count": 247, "contributors_enabled": false, "notifications": false, "profile_sidebar_border_color": "C0DEED", "friends_count": 167, "listed_count": 31, "has_extended_profile": true, "is_translator": false, "profile_background_tile": false, "location": "Nashville, TN", "statuses_count": 15321, "description": "#AllCatPack", "utc_offset": -21600, "favourites_count": 8142, "default_profile_image": false, "id_str": "352125063", "profile_background_color": "C0DEED", "entities": {"url": {"urls": [{"expanded_url": "http://page.is/peter-paschal", "url": "http://t.co/BrHAueRfpy", "display_url": "page.is/peter-paschal", "indices": [0, 22]}]}, "description": {"urls": []}}, "profile_background_image_url": "http://abs.twimg.com/images/themes/theme1/bg.png", "url": "http://t.co/BrHAueRfpy", "created_at": "Wed Aug 10 05:27:37 +0000 2011", "profile_image_url_https": "https://pbs.twimg.com/profile_images/782012739271000064/u5c4S9Sc_normal.jpg", "profile_use_background_image": true, "screen_name": "PeterPaschal7", "id": 352125063, "is_translation_enabled": false, "name": "Peter Paschal", "status": {"retweeted": false, "text": "@Breaking911 `\nOh the humanity..., another brother murdered by police. - Colin Cancernick", "in_reply_to_status_id": 920032869224996866, "coordinates": null, "id": 920051872202874881, "contributors": null, "lang": "en", "favorite_count": 0, "source": "<a href=\"http://twitter.com\" rel=\"nofollow\">Twitter Web Client</a>", "is_quote_status": false, "place": null, "id_str": "920051872202874881", "entities": {"urls": [], "symbols": [], "hashtags": [], "user_mentions": [{"screen_name": "Breaking911", "id": 375721095, "name": "Breaking911", "indices": [0, 12], "id_str": "375721095"}]}, "geo": null, "created_at": "Mon Oct 16 22:20:34 +0000 2017", "in_reply_to_status_id_str": "920032869224996866", "in_reply_to_user_id_str": "375721095", "truncated": false, "favorited": false, "retweet_count": 0, "in_reply_to_screen_name": "Breaking911", "in_reply_to_user_id": 375721095}}
2017-10-17T00:00:03.254089	{"is_translation_enabled": false, "id_str": "352125063", "is_translator": false, "url": "http://t.co/BrHAueRfpy", "geo_enabled": false, "entities": {"url": {"urls": [{"indices": [0, 22], "url": "http://t.co/BrHAueRfpy", "expanded_url": "http://page.is/peter-paschal", "display_url": "page.is/peter-paschal"}]}, "description": {"urls": []}}, "followers_count": 247, "default_profile_image": false, "id": 352125063, "lang": "en", "created_at": "Wed Aug 10 05:27:37 +0000 2011", "default_profile": true, "profile_background_tile": false, "follow_request_sent": false, "screen_name": "PeterPaschal7", "friends_count": 167, "profile_use_background_image": true, "description": "#AllCatPack", "following": false, "status": {"id_str": "920051872202874881", "entities": {"user_mentions": [{"id": 375721095, "screen_name": "Breaking911", "indices": [0, 12], "name": "Breaking911", "id_str": "375721095"}], "symbols": [], "hashtags": [], "urls": []}, "in_reply_to_user_id_str": "375721095", "geo": null, "place": null, "coordinates": null, "id": 920051872202874881, "lang": "en", "created_at": "Mon Oct 16 22:20:34 +0000 2017", "favorite_count": 0, "in_reply_to_user_id": 375721095, "contributors": null, "favorited": false, "source": "<a href=\"http://twitter.com\" rel=\"nofollow\">Twitter Web Client</a>", "in_reply_to_status_id": 920032869224996866, "text": "@Breaking911 `\nOh the humanity..., another brother murdered by police. - Colin Cancernick", "retweeted": false, "in_reply_to_screen_name": "Breaking911", "truncated": false, "is_quote_status": false, "retweet_count": 0, "in_reply_to_status_id_str": "920032869224996866"}, "profile_link_color": "1DA1F2", "utc_offset": -21600, "name": "Peter Paschal", "favourites_count": 8142, "has_extended_profile": true, "protected": false, "profile_background_color": "C0DEED", "profile_sidebar_border_color": "C0DEED", "notifications": false, "profile_image_url": "http://pbs.twimg.com/profile_images/782012739271000064/u5c4S9Sc_normal.jpg", "profile_image_url_https": "https://pbs.twimg.com/profile_images/782012739271000064/u5c4S9Sc_normal.jpg", "contributors_enabled": false, "profile_background_image_url": "http://abs.twimg.com/images/themes/theme1/bg.png", "verified": false, "profile_sidebar_fill_color": "DDEEF6", "location": "Nashville, TN", "translator_type": "none", "profile_background_image_url_https": "https://abs.twimg.com/images/themes/theme1/bg.png", "profile_text_color": "333333", "time_zone": "Mountain Time (US & Canada)", "statuses_count": 15321, "listed_count": 31}
2017-10-17T01:00:02.547561	{"following": false, "favourites_count": 8142, "profile_image_url": "http://pbs.twimg.com/profile_images/782012739271000064/u5c4S9Sc_normal.jpg", "profile_background_tile": false, "has_extended_profile": true, "geo_enabled": false, "profile_image_url_https": "https://pbs.twimg.com/profile_images/782012739271000064/u5c4S9Sc_normal.jpg", "default_profile_image": false, "profile_background_image_url_https": "https://abs.twimg.com/images/themes/theme1/bg.png", "profile_use_background_image": true, "translator_type": "none", "id_str": "352125063", "lang": "en", "location": "Nashville, TN", "time_zone": "Mountain Time (US & Canada)", "follow_request_sent": false, "notifications": false, "name": "Peter Paschal", "listed_count": 31, "status": {"place": null, "in_reply_to_status_id": 920032869224996866, "source": "<a href=\"http://twitter.com\" rel=\"nofollow\">Twitter Web Client</a>", "favorited": false, "coordinates": null, "retweet_count": 0, "id_str": "920051872202874881", "in_reply_to_user_id": 375721095, "is_quote_status": false, "text": "@Breaking911 `\nOh the humanity..., another brother murdered by police. - Colin Cancernick", "in_reply_to_user_id_str": "375721095", "lang": "en", "in_reply_to_screen_name": "Breaking911", "in_reply_to_status_id_str": "920032869224996866", "truncated": false, "id": 920051872202874881, "created_at": "Mon Oct 16 22:20:34 +0000 2017", "entities": {"symbols": [], "user_mentions": [{"id": 375721095, "indices": [0, 12], "name": "Breaking911", "id_str": "375721095", "screen_name": "Breaking911"}], "hashtags": [], "urls": []}, "contributors": null, "geo": null, "favorite_count": 0, "retweeted": false}, "screen_name": "PeterPaschal7", "is_translation_enabled": false, "statuses_count": 15321, "id": 352125063, "description": "#AllCatPack", "is_translator": false, "contributors_enabled": false, "profile_sidebar_border_color": "C0DEED", "profile_text_color": "333333", "url": "http://t.co/BrHAueRfpy", "friends_count": 167, "verified": false, "utc_offset": -21600, "profile_link_color": "1DA1F2", "protected": false, "profile_background_color": "C0DEED", "profile_background_image_url": "http://abs.twimg.com/images/themes/theme1/bg.png", "entities": {"url": {"urls": [{"display_url": "page.is/peter-paschal", "indices": [0, 22], "url": "http://t.co/BrHAueRfpy", "expanded_url": "http://page.is/peter-paschal"}]}, "description": {"urls": []}}, "profile_sidebar_fill_color": "DDEEF6", "default_profile": true, "created_at": "Wed Aug 10 05:27:37 +0000 2011", "followers_count": 247}
2017-10-17T02:00:03.174788	{"profile_background_tile": false, "profile_text_color": "333333", "following": false, "has_extended_profile": true, "is_translator": false, "id": 352125063, "profile_background_image_url_https": "https://abs.twimg.com/images/themes/theme1/bg.png", "profile_image_url": "http://pbs.twimg.com/profile_images/782012739271000064/u5c4S9Sc_normal.jpg", "profile_sidebar_fill_color": "DDEEF6", "geo_enabled": false, "utc_offset": -21600, "listed_count": 31, "default_profile_image": false, "profile_use_background_image": true, "id_str": "352125063", "is_translation_enabled": false, "contributors_enabled": false, "time_zone": "Mountain Time (US & Canada)", "url": "http://t.co/BrHAueRfpy", "profile_sidebar_border_color": "C0DEED", "default_profile": true, "notifications": false, "description": "#AllCatPack", "followers_count": 247, "lang": "en", "status": {"truncated": false, "id": 920051872202874881, "in_reply_to_status_id_str": "920032869224996866", "retweeted": false, "in_reply_to_user_id": 375721095, "id_str": "920051872202874881", "in_reply_to_screen_name": "Breaking911", "text": "@Breaking911 `\nOh the humanity..., another brother murdered by police. - Colin Cancernick", "is_quote_status": false, "contributors": null, "source": "<a href=\"http://twitter.com\" rel=\"nofollow\">Twitter Web Client</a>", "lang": "en", "favorited": false, "in_reply_to_status_id": 920032869224996866, "geo": null, "place": null, "favorite_count": 0, "in_reply_to_user_id_str": "375721095", "entities": {"user_mentions": [{"id": 375721095, "id_str": "375721095", "indices": [0, 12], "name": "Breaking911", "screen_name": "Breaking911"}], "urls": [], "symbols": [], "hashtags": []}, "coordinates": null, "created_at": "Mon Oct 16 22:20:34 +0000 2017", "retweet_count": 0}, "profile_image_url_https": "https://pbs.twimg.com/profile_images/782012739271000064/u5c4S9Sc_normal.jpg", "statuses_count": 15321, "translator_type": "none", "protected": false, "friends_count": 167, "screen_name": "PeterPaschal7", "profile_background_image_url": "http://abs.twimg.com/images/themes/theme1/bg.png", "follow_request_sent": false, "name": "Peter Paschal", "profile_background_color": "C0DEED", "entities": {"url": {"urls": [{"display_url": "page.is/peter-paschal", "url": "http://t.co/BrHAueRfpy", "expanded_url": "http://page.is/peter-paschal", "indices": [0, 22]}]}, "description": {"urls": []}}, "profile_link_color": "1DA1F2", "verified": false, "favourites_count": 8143, "created_at": "Wed Aug 10 05:27:37 +0000 2011", "location": "Nashville, TN"}
2017-10-17T03:00:02.939585	{"profile_link_color": "1DA1F2", "followers_count": 247, "protected": false, "notifications": false, "default_profile_image": false, "profile_background_color": "C0DEED", "is_translation_enabled": false, "follow_request_sent": false, "profile_background_tile": false, "geo_enabled": false, "profile_sidebar_fill_color": "DDEEF6", "time_zone": "Mountain Time (US & Canada)", "id_str": "352125063", "profile_text_color": "333333", "screen_name": "PeterPaschal7", "friends_count": 167, "profile_background_image_url_https": "https://abs.twimg.com/images/themes/theme1/bg.png", "listed_count": 31, "url": "http://t.co/BrHAueRfpy", "contributors_enabled": false, "utc_offset": -21600, "id": 352125063, "has_extended_profile": true, "profile_image_url_https": "https://pbs.twimg.com/profile_images/782012739271000064/u5c4S9Sc_normal.jpg", "statuses_count": 15321, "name": "Peter Paschal", "translator_type": "none", "is_translator": false, "lang": "en", "following": false, "description": "#AllCatPack", "profile_image_url": "http://pbs.twimg.com/profile_images/782012739271000064/u5c4S9Sc_normal.jpg", "profile_use_background_image": true, "favourites_count": 8143, "profile_sidebar_border_color": "C0DEED", "profile_background_image_url": "http://abs.twimg.com/images/themes/theme1/bg.png", "verified": false, "location": "Nashville, TN", "created_at": "Wed Aug 10 05:27:37 +0000 2011", "entities": {"url": {"urls": [{"url": "http://t.co/BrHAueRfpy", "indices": [0, 22], "expanded_url": "http://page.is/peter-paschal", "display_url": "page.is/peter-paschal"}]}, "description": {"urls": []}}, "default_profile": true, "status": {"in_reply_to_status_id_str": "920032869224996866", "text": "@Breaking911 `\nOh the humanity..., another brother murdered by police. - Colin Cancernick", "retweeted": false, "id_str": "920051872202874881", "favorite_count": 0, "source": "<a href=\"http://twitter.com\" rel=\"nofollow\">Twitter Web Client</a>", "geo": null, "contributors": null, "in_reply_to_user_id": 375721095, "id": 920051872202874881, "lang": "en", "favorited": false, "place": null, "coordinates": null, "truncated": false, "in_reply_to_screen_name": "Breaking911", "in_reply_to_status_id": 920032869224996866, "retweet_count": 0, "in_reply_to_user_id_str": "375721095", "created_at": "Mon Oct 16 22:20:34 +0000 2017", "entities": {"user_mentions": [{"name": "Breaking911", "screen_name": "Breaking911", "indices": [0, 12], "id": 375721095, "id_str": "375721095"}], "symbols": [], "hashtags": [], "urls": []}, "is_quote_status": false}}
2017-10-17T04:00:02.709906	{"friends_count": 167, "created_at": "Wed Aug 10 05:27:37 +0000 2011", "following": false, "id_str": "352125063", "profile_background_image_url_https": "https://abs.twimg.com/images/themes/theme1/bg.png", "screen_name": "PeterPaschal7", "profile_sidebar_fill_color": "DDEEF6", "status": {"in_reply_to_status_id_str": "920032869224996866", "coordinates": null, "id_str": "920051872202874881", "in_reply_to_status_id": 920032869224996866, "place": null, "entities": {"urls": [], "user_mentions": [{"screen_name": "Breaking911", "id": 375721095, "name": "Breaking911", "indices": [0, 12], "id_str": "375721095"}], "symbols": [], "hashtags": []}, "source": "<a href=\"http://twitter.com\" rel=\"nofollow\">Twitter Web Client</a>", "in_reply_to_screen_name": "Breaking911", "favorite_count": 0, "truncated": false, "retweeted": false, "text": "@Breaking911 `\nOh the humanity..., another brother murdered by police. - Colin Cancernick", "created_at": "Mon Oct 16 22:20:34 +0000 2017", "geo": null, "lang": "en", "contributors": null, "in_reply_to_user_id_str": "375721095", "in_reply_to_user_id": 375721095, "favorited": false, "retweet_count": 0, "id": 920051872202874881, "is_quote_status": false}, "favourites_count": 8143, "default_profile_image": false, "time_zone": "Mountain Time (US & Canada)", "description": "#AllCatPack", "statuses_count": 15321, "contributors_enabled": false, "entities": {"url": {"urls": [{"url": "http://t.co/BrHAueRfpy", "indices": [0, 22], "display_url": "page.is/peter-paschal", "expanded_url": "http://page.is/peter-paschal"}]}, "description": {"urls": []}}, "has_extended_profile": true, "profile_text_color": "333333", "profile_sidebar_border_color": "C0DEED", "name": "Peter Paschal", "verified": false, "url": "http://t.co/BrHAueRfpy", "profile_background_tile": false, "default_profile": true, "geo_enabled": false, "utc_offset": -21600, "translator_type": "none", "notifications": false, "lang": "en", "profile_image_url_https": "https://pbs.twimg.com/profile_images/782012739271000064/u5c4S9Sc_normal.jpg", "profile_link_color": "1DA1F2", "follow_request_sent": false, "profile_image_url": "http://pbs.twimg.com/profile_images/782012739271000064/u5c4S9Sc_normal.jpg", "profile_background_image_url": "http://abs.twimg.com/images/themes/theme1/bg.png", "protected": false, "is_translator": false, "listed_count": 31, "profile_use_background_image": true, "profile_background_color": "C0DEED", "id": 352125063, "followers_count": 247, "location": "Nashville, TN", "is_translation_enabled": false}
2017-10-17T05:00:02.476680	{"screen_name": "PeterPaschal7", "lang": "en", "utc_offset": -21600, "translator_type": "none", "follow_request_sent": false, "protected": false, "default_profile_image": false, "default_profile": true, "id_str": "352125063", "profile_sidebar_border_color": "C0DEED", "profile_text_color": "333333", "verified": false, "profile_sidebar_fill_color": "DDEEF6", "profile_image_url": "http://pbs.twimg.com/profile_images/782012739271000064/u5c4S9Sc_normal.jpg", "name": "Peter Paschal", "profile_use_background_image": true, "status": {"source": "<a href=\"http://twitter.com\" rel=\"nofollow\">Twitter Web Client</a>", "text": "@Breaking911 `\nOh the humanity..., another brother murdered by police. - Colin Cancernick", "in_reply_to_user_id_str": "375721095", "lang": "en", "favorited": false, "in_reply_to_screen_name": "Breaking911", "truncated": false, "favorite_count": 0, "id_str": "920051872202874881", "in_reply_to_status_id": 920032869224996866, "place": null, "id": 920051872202874881, "coordinates": null, "geo": null, "in_reply_to_status_id_str": "920032869224996866", "created_at": "Mon Oct 16 22:20:34 +0000 2017", "contributors": null, "entities": {"user_mentions": [{"screen_name": "Breaking911", "indices": [0, 12], "id": 375721095, "name": "Breaking911", "id_str": "375721095"}], "urls": [], "symbols": [], "hashtags": []}, "retweet_count": 0, "in_reply_to_user_id": 375721095, "is_quote_status": false, "retweeted": false}, "following": false, "url": "http://t.co/BrHAueRfpy", "id": 352125063, "notifications": false, "contributors_enabled": false, "profile_link_color": "1DA1F2", "time_zone": "Mountain Time (US & Canada)", "has_extended_profile": true, "created_at": "Wed Aug 10 05:27:37 +0000 2011", "profile_image_url_https": "https://pbs.twimg.com/profile_images/782012739271000064/u5c4S9Sc_normal.jpg", "is_translation_enabled": false, "geo_enabled": false, "followers_count": 247, "is_translator": false, "profile_background_tile": false, "entities": {"description": {"urls": []}, "url": {"urls": [{"indices": [0, 22], "url": "http://t.co/BrHAueRfpy", "expanded_url": "http://page.is/peter-paschal", "display_url": "page.is/peter-paschal"}]}}, "listed_count": 31, "favourites_count": 8143, "profile_background_image_url_https": "https://abs.twimg.com/images/themes/theme1/bg.png", "profile_background_image_url": "http://abs.twimg.com/images/themes/theme1/bg.png", "location": "Nashville, TN", "description": "#AllCatPack", "profile_background_color": "C0DEED", "friends_count": 167, "statuses_count": 15321}
2017-10-17T06:00:03.247787	{"followers_count": 248, "translator_type": "none", "profile_text_color": "333333", "utc_offset": -21600, "profile_link_color": "1DA1F2", "statuses_count": 15321, "profile_image_url_https": "https://pbs.twimg.com/profile_images/782012739271000064/u5c4S9Sc_normal.jpg", "friends_count": 167, "profile_sidebar_fill_color": "DDEEF6", "lang": "en", "verified": false, "following": false, "entities": {"url": {"urls": [{"url": "http://t.co/BrHAueRfpy", "expanded_url": "http://page.is/peter-paschal", "display_url": "page.is/peter-paschal", "indices": [0, 22]}]}, "description": {"urls": []}}, "geo_enabled": false, "is_translator": false, "location": "Nashville, TN", "protected": false, "is_translation_enabled": false, "created_at": "Wed Aug 10 05:27:37 +0000 2011", "id": 352125063, "follow_request_sent": false, "url": "http://t.co/BrHAueRfpy", "profile_background_image_url": "http://abs.twimg.com/images/themes/theme1/bg.png", "profile_image_url": "http://pbs.twimg.com/profile_images/782012739271000064/u5c4S9Sc_normal.jpg", "default_profile_image": false, "time_zone": "Mountain Time (US & Canada)", "profile_use_background_image": true, "contributors_enabled": false, "description": "#AllCatPack", "id_str": "352125063", "default_profile": true, "profile_sidebar_border_color": "C0DEED", "name": "Peter Paschal", "status": {"source": "<a href=\"http://twitter.com\" rel=\"nofollow\">Twitter Web Client</a>", "lang": "en", "in_reply_to_status_id": 920032869224996866, "entities": {"hashtags": [], "user_mentions": [{"indices": [0, 12], "id_str": "375721095", "name": "Breaking911", "screen_name": "Breaking911", "id": 375721095}], "urls": [], "symbols": []}, "in_reply_to_user_id_str": "375721095", "in_reply_to_status_id_str": "920032869224996866", "truncated": false, "place": null, "retweeted": false, "coordinates": null, "created_at": "Mon Oct 16 22:20:34 +0000 2017", "id": 920051872202874881, "text": "@Breaking911 `\nOh the humanity..., another brother murdered by police. - Colin Cancernick", "favorite_count": 0, "in_reply_to_user_id": 375721095, "favorited": false, "is_quote_status": false, "id_str": "920051872202874881", "retweet_count": 0, "in_reply_to_screen_name": "Breaking911", "geo": null, "contributors": null}, "favourites_count": 8145, "profile_background_tile": false, "profile_background_image_url_https": "https://abs.twimg.com/images/themes/theme1/bg.png", "profile_background_color": "C0DEED", "has_extended_profile": true, "notifications": false, "screen_name": "PeterPaschal7", "listed_count": 31}
2017-10-17T07:00:03.416348	{"location": "Nashville, TN", "verified": false, "profile_sidebar_fill_color": "DDEEF6", "profile_sidebar_border_color": "C0DEED", "profile_background_tile": false, "profile_background_image_url_https": "https://abs.twimg.com/images/themes/theme1/bg.png", "followers_count": 248, "entities": {"url": {"urls": [{"display_url": "page.is/peter-paschal", "expanded_url": "http://page.is/peter-paschal", "url": "http://t.co/BrHAueRfpy", "indices": [0, 22]}]}, "description": {"urls": []}}, "profile_text_color": "333333", "following": false, "default_profile": true, "utc_offset": -21600, "status": {"coordinates": null, "place": null, "retweeted": false, "entities": {"user_mentions": [{"id_str": "375721095", "indices": [0, 12], "screen_name": "Breaking911", "id": 375721095, "name": "Breaking911"}], "symbols": [], "hashtags": [], "urls": []}, "in_reply_to_status_id_str": "920032869224996866", "contributors": null, "text": "@Breaking911 `\nOh the humanity..., another brother murdered by police. - Colin Cancernick", "favorite_count": 0, "retweet_count": 0, "created_at": "Mon Oct 16 22:20:34 +0000 2017", "lang": "en", "in_reply_to_screen_name": "Breaking911", "is_quote_status": false, "truncated": false, "favorited": false, "id_str": "920051872202874881", "source": "<a href=\"http://twitter.com\" rel=\"nofollow\">Twitter Web Client</a>", "in_reply_to_status_id": 920032869224996866, "in_reply_to_user_id_str": "375721095", "in_reply_to_user_id": 375721095, "id": 920051872202874881, "geo": null}, "default_profile_image": false, "contributors_enabled": false, "is_translation_enabled": false, "notifications": false, "profile_background_image_url": "http://abs.twimg.com/images/themes/theme1/bg.png", "geo_enabled": false, "created_at": "Wed Aug 10 05:27:37 +0000 2011", "profile_use_background_image": true, "lang": "en", "listed_count": 31, "favourites_count": 8145, "url": "http://t.co/BrHAueRfpy", "description": "#AllCatPack", "translator_type": "none", "time_zone": "Mountain Time (US & Canada)", "profile_image_url": "http://pbs.twimg.com/profile_images/782012739271000064/u5c4S9Sc_normal.jpg", "id_str": "352125063", "profile_link_color": "1DA1F2", "is_translator": false, "screen_name": "PeterPaschal7", "profile_image_url_https": "https://pbs.twimg.com/profile_images/782012739271000064/u5c4S9Sc_normal.jpg", "profile_background_color": "C0DEED", "has_extended_profile": true, "follow_request_sent": false, "friends_count": 167, "name": "Peter Paschal", "protected": false, "statuses_count": 15321, "id": 352125063}
2017-10-17T08:00:02.736317	{"profile_text_color": "333333", "following": false, "time_zone": "Mountain Time (US & Canada)", "profile_background_image_url": "http://abs.twimg.com/images/themes/theme1/bg.png", "location": "Nashville, TN", "description": "#AllCatPack", "entities": {"url": {"urls": [{"indices": [0, 22], "url": "http://t.co/BrHAueRfpy", "expanded_url": "http://page.is/peter-paschal", "display_url": "page.is/peter-paschal"}]}, "description": {"urls": []}}, "name": "Peter Paschal", "verified": false, "friends_count": 167, "notifications": false, "favourites_count": 8145, "profile_image_url_https": "https://pbs.twimg.com/profile_images/782012739271000064/u5c4S9Sc_normal.jpg", "translator_type": "none", "profile_link_color": "1DA1F2", "profile_background_tile": false, "status": {"place": null, "source": "<a href=\"http://twitter.com\" rel=\"nofollow\">Twitter Web Client</a>", "entities": {"hashtags": [], "symbols": [], "user_mentions": [{"name": "Breaking911", "id_str": "375721095", "indices": [0, 12], "id": 375721095, "screen_name": "Breaking911"}], "urls": []}, "truncated": false, "retweet_count": 0, "geo": null, "retweeted": false, "in_reply_to_user_id_str": "375721095", "text": "@Breaking911 `\nOh the humanity..., another brother murdered by police. - Colin Cancernick", "coordinates": null, "in_reply_to_screen_name": "Breaking911", "in_reply_to_status_id_str": "920032869224996866", "favorited": false, "id": 920051872202874881, "is_quote_status": false, "favorite_count": 0, "id_str": "920051872202874881", "in_reply_to_status_id": 920032869224996866, "created_at": "Mon Oct 16 22:20:34 +0000 2017", "lang": "en", "in_reply_to_user_id": 375721095, "contributors": null}, "id_str": "352125063", "profile_use_background_image": true, "utc_offset": -21600, "statuses_count": 15321, "contributors_enabled": false, "screen_name": "PeterPaschal7", "follow_request_sent": false, "profile_sidebar_fill_color": "DDEEF6", "id": 352125063, "profile_background_image_url_https": "https://abs.twimg.com/images/themes/theme1/bg.png", "listed_count": 31, "url": "http://t.co/BrHAueRfpy", "geo_enabled": false, "is_translator": false, "followers_count": 248, "profile_background_color": "C0DEED", "lang": "en", "profile_image_url": "http://pbs.twimg.com/profile_images/782012739271000064/u5c4S9Sc_normal.jpg", "profile_sidebar_border_color": "C0DEED", "is_translation_enabled": false, "default_profile_image": false, "default_profile": true, "has_extended_profile": true, "protected": false, "created_at": "Wed Aug 10 05:27:37 +0000 2011"}
2017-10-17T09:00:02.854633	{"follow_request_sent": false, "default_profile": true, "status": {"entities": {"hashtags": [], "symbols": [], "urls": [], "user_mentions": [{"name": "Breaking911", "screen_name": "Breaking911", "indices": [0, 12], "id_str": "375721095", "id": 375721095}]}, "source": "<a href=\"http://twitter.com\" rel=\"nofollow\">Twitter Web Client</a>", "created_at": "Mon Oct 16 22:20:34 +0000 2017", "text": "@Breaking911 `\nOh the humanity..., another brother murdered by police. - Colin Cancernick", "favorite_count": 0, "retweeted": false, "retweet_count": 0, "in_reply_to_screen_name": "Breaking911", "is_quote_status": false, "contributors": null, "in_reply_to_status_id": 920032869224996866, "id_str": "920051872202874881", "in_reply_to_status_id_str": "920032869224996866", "favorited": false, "coordinates": null, "in_reply_to_user_id_str": "375721095", "id": 920051872202874881, "lang": "en", "truncated": false, "in_reply_to_user_id": 375721095, "place": null, "geo": null}, "entities": {"url": {"urls": [{"url": "http://t.co/BrHAueRfpy", "display_url": "page.is/peter-paschal", "expanded_url": "http://page.is/peter-paschal", "indices": [0, 22]}]}, "description": {"urls": []}}, "name": "Peter Paschal", "default_profile_image": false, "protected": false, "followers_count": 248, "time_zone": "Mountain Time (US & Canada)", "profile_use_background_image": true, "created_at": "Wed Aug 10 05:27:37 +0000 2011", "profile_image_url_https": "https://pbs.twimg.com/profile_images/782012739271000064/u5c4S9Sc_normal.jpg", "translator_type": "none", "profile_link_color": "1DA1F2", "profile_sidebar_fill_color": "DDEEF6", "utc_offset": -21600, "description": "#AllCatPack", "listed_count": 31, "geo_enabled": false, "profile_text_color": "333333", "profile_background_tile": false, "profile_image_url": "http://pbs.twimg.com/profile_images/782012739271000064/u5c4S9Sc_normal.jpg", "profile_sidebar_border_color": "C0DEED", "verified": false, "location": "Nashville, TN", "contributors_enabled": false, "has_extended_profile": true, "screen_name": "PeterPaschal7", "is_translation_enabled": false, "id": 352125063, "profile_background_color": "C0DEED", "lang": "en", "notifications": false, "statuses_count": 15321, "id_str": "352125063", "favourites_count": 8145, "friends_count": 167, "url": "http://t.co/BrHAueRfpy", "following": false, "profile_background_image_url": "http://abs.twimg.com/images/themes/theme1/bg.png", "is_translator": false, "profile_background_image_url_https": "https://abs.twimg.com/images/themes/theme1/bg.png"}
2017-10-17T10:00:02.634767	{"profile_background_image_url_https": "https://abs.twimg.com/images/themes/theme1/bg.png", "profile_image_url": "http://pbs.twimg.com/profile_images/782012739271000064/u5c4S9Sc_normal.jpg", "profile_text_color": "333333", "statuses_count": 15321, "translator_type": "none", "friends_count": 167, "screen_name": "PeterPaschal7", "id": 352125063, "is_translator": false, "created_at": "Wed Aug 10 05:27:37 +0000 2011", "id_str": "352125063", "location": "Nashville, TN", "profile_background_color": "C0DEED", "status": {"in_reply_to_status_id_str": "920032869224996866", "retweet_count": 0, "in_reply_to_screen_name": "Breaking911", "id": 920051872202874881, "created_at": "Mon Oct 16 22:20:34 +0000 2017", "contributors": null, "id_str": "920051872202874881", "retweeted": false, "source": "<a href=\"http://twitter.com\" rel=\"nofollow\">Twitter Web Client</a>", "in_reply_to_user_id_str": "375721095", "is_quote_status": false, "favorite_count": 0, "in_reply_to_user_id": 375721095, "lang": "en", "favorited": false, "entities": {"hashtags": [], "user_mentions": [{"screen_name": "Breaking911", "id": 375721095, "name": "Breaking911", "indices": [0, 12], "id_str": "375721095"}], "symbols": [], "urls": []}, "text": "@Breaking911 `\nOh the humanity..., another brother murdered by police. - Colin Cancernick", "coordinates": null, "place": null, "in_reply_to_status_id": 920032869224996866, "truncated": false, "geo": null}, "follow_request_sent": false, "default_profile_image": false, "utc_offset": -21600, "profile_background_tile": false, "time_zone": "Mountain Time (US & Canada)", "has_extended_profile": true, "listed_count": 31, "is_translation_enabled": false, "profile_image_url_https": "https://pbs.twimg.com/profile_images/782012739271000064/u5c4S9Sc_normal.jpg", "profile_sidebar_fill_color": "DDEEF6", "verified": false, "profile_link_color": "1DA1F2", "url": "http://t.co/BrHAueRfpy", "following": false, "entities": {"description": {"urls": []}, "url": {"urls": [{"display_url": "page.is/peter-paschal", "indices": [0, 22], "url": "http://t.co/BrHAueRfpy", "expanded_url": "http://page.is/peter-paschal"}]}}, "protected": false, "default_profile": true, "lang": "en", "name": "Peter Paschal", "profile_sidebar_border_color": "C0DEED", "notifications": false, "geo_enabled": false, "favourites_count": 8145, "profile_use_background_image": true, "profile_background_image_url": "http://abs.twimg.com/images/themes/theme1/bg.png", "description": "#AllCatPack", "contributors_enabled": false, "followers_count": 248}
2017-10-17T11:00:03.512230	{"profile_background_tile": false, "entities": {"description": {"urls": []}, "url": {"urls": [{"display_url": "page.is/peter-paschal", "url": "http://t.co/BrHAueRfpy", "expanded_url": "http://page.is/peter-paschal", "indices": [0, 22]}]}}, "profile_text_color": "333333", "contributors_enabled": false, "status": {"in_reply_to_screen_name": "Breaking911", "entities": {"hashtags": [], "symbols": [], "urls": [], "user_mentions": [{"id": 375721095, "screen_name": "Breaking911", "indices": [0, 12], "id_str": "375721095", "name": "Breaking911"}]}, "favorite_count": 0, "coordinates": null, "text": "@Breaking911 `\nOh the humanity..., another brother murdered by police. - Colin Cancernick", "favorited": false, "in_reply_to_status_id": 920032869224996866, "in_reply_to_user_id_str": "375721095", "contributors": null, "in_reply_to_user_id": 375721095, "truncated": false, "geo": null, "id_str": "920051872202874881", "retweeted": false, "is_quote_status": false, "source": "<a href=\"http://twitter.com\" rel=\"nofollow\">Twitter Web Client</a>", "retweet_count": 0, "in_reply_to_status_id_str": "920032869224996866", "created_at": "Mon Oct 16 22:20:34 +0000 2017", "id": 920051872202874881, "place": null, "lang": "en"}, "notifications": false, "is_translator": false, "profile_image_url": "http://pbs.twimg.com/profile_images/782012739271000064/u5c4S9Sc_normal.jpg", "screen_name": "PeterPaschal7", "profile_use_background_image": true, "profile_sidebar_fill_color": "DDEEF6", "following": false, "protected": false, "profile_image_url_https": "https://pbs.twimg.com/profile_images/782012739271000064/u5c4S9Sc_normal.jpg", "utc_offset": -21600, "has_extended_profile": true, "location": "Nashville, TN", "is_translation_enabled": false, "friends_count": 167, "created_at": "Wed Aug 10 05:27:37 +0000 2011", "default_profile_image": false, "listed_count": 31, "follow_request_sent": false, "description": "#AllCatPack", "profile_background_color": "C0DEED", "url": "http://t.co/BrHAueRfpy", "translator_type": "none", "name": "Peter Paschal", "profile_background_image_url_https": "https://abs.twimg.com/images/themes/theme1/bg.png", "time_zone": "Mountain Time (US & Canada)", "profile_link_color": "1DA1F2", "geo_enabled": false, "id_str": "352125063", "id": 352125063, "profile_background_image_url": "http://abs.twimg.com/images/themes/theme1/bg.png", "profile_sidebar_border_color": "C0DEED", "default_profile": true, "followers_count": 248, "favourites_count": 8145, "statuses_count": 15321, "verified": false, "lang": "en"}
2017-10-17T12:00:02.972395	{"id": 352125063, "profile_background_image_url": "http://abs.twimg.com/images/themes/theme1/bg.png", "has_extended_profile": true, "entities": {"url": {"urls": [{"indices": [0, 22], "url": "http://t.co/BrHAueRfpy", "expanded_url": "http://page.is/peter-paschal", "display_url": "page.is/peter-paschal"}]}, "description": {"urls": []}}, "profile_link_color": "1DA1F2", "name": "Peter Paschal", "translator_type": "none", "protected": false, "status": {"id": 920051872202874881, "source": "<a href=\"http://twitter.com\" rel=\"nofollow\">Twitter Web Client</a>", "in_reply_to_user_id": 375721095, "geo": null, "entities": {"hashtags": [], "symbols": [], "urls": [], "user_mentions": [{"screen_name": "Breaking911", "id": 375721095, "name": "Breaking911", "indices": [0, 12], "id_str": "375721095"}]}, "in_reply_to_user_id_str": "375721095", "text": "@Breaking911 `\nOh the humanity..., another brother murdered by police. - Colin Cancernick", "in_reply_to_status_id_str": "920032869224996866", "id_str": "920051872202874881", "lang": "en", "favorited": false, "retweeted": false, "created_at": "Mon Oct 16 22:20:34 +0000 2017", "in_reply_to_status_id": 920032869224996866, "contributors": null, "place": null, "in_reply_to_screen_name": "Breaking911", "truncated": false, "is_quote_status": false, "favorite_count": 0, "coordinates": null, "retweet_count": 0}, "location": "Nashville, TN", "default_profile_image": false, "description": "#AllCatPack", "default_profile": true, "profile_image_url": "http://pbs.twimg.com/profile_images/782012739271000064/u5c4S9Sc_normal.jpg", "id_str": "352125063", "profile_use_background_image": true, "profile_sidebar_border_color": "C0DEED", "lang": "en", "follow_request_sent": false, "geo_enabled": false, "utc_offset": -21600, "contributors_enabled": false, "notifications": false, "verified": false, "profile_background_tile": false, "statuses_count": 15321, "created_at": "Wed Aug 10 05:27:37 +0000 2011", "favourites_count": 8145, "profile_sidebar_fill_color": "DDEEF6", "url": "http://t.co/BrHAueRfpy", "profile_image_url_https": "https://pbs.twimg.com/profile_images/782012739271000064/u5c4S9Sc_normal.jpg", "listed_count": 31, "screen_name": "PeterPaschal7", "is_translator": false, "profile_background_color": "C0DEED", "profile_background_image_url_https": "https://abs.twimg.com/images/themes/theme1/bg.png", "following": false, "is_translation_enabled": false, "profile_text_color": "333333", "friends_count": 167, "followers_count": 248, "time_zone": "Mountain Time (US & Canada)"}
2017-10-17T13:00:02.612814	{"profile_background_image_url": "http://abs.twimg.com/images/themes/theme1/bg.png", "followers_count": 248, "profile_background_tile": false, "created_at": "Wed Aug 10 05:27:37 +0000 2011", "friends_count": 167, "location": "Nashville, TN", "following": false, "has_extended_profile": true, "time_zone": "Mountain Time (US & Canada)", "profile_background_color": "C0DEED", "profile_image_url_https": "https://pbs.twimg.com/profile_images/782012739271000064/u5c4S9Sc_normal.jpg", "profile_use_background_image": true, "geo_enabled": false, "description": "#AllCatPack", "profile_text_color": "333333", "follow_request_sent": false, "is_translation_enabled": false, "url": "http://t.co/BrHAueRfpy", "name": "Peter Paschal", "id": 352125063, "profile_sidebar_border_color": "C0DEED", "is_translator": false, "contributors_enabled": false, "favourites_count": 8145, "verified": false, "screen_name": "PeterPaschal7", "default_profile": true, "statuses_count": 15321, "id_str": "352125063", "entities": {"description": {"urls": []}, "url": {"urls": [{"indices": [0, 22], "display_url": "page.is/peter-paschal", "url": "http://t.co/BrHAueRfpy", "expanded_url": "http://page.is/peter-paschal"}]}}, "profile_sidebar_fill_color": "DDEEF6", "translator_type": "none", "lang": "en", "listed_count": 31, "profile_background_image_url_https": "https://abs.twimg.com/images/themes/theme1/bg.png", "profile_image_url": "http://pbs.twimg.com/profile_images/782012739271000064/u5c4S9Sc_normal.jpg", "status": {"created_at": "Mon Oct 16 22:20:34 +0000 2017", "in_reply_to_user_id_str": "375721095", "in_reply_to_status_id": 920032869224996866, "entities": {"symbols": [], "user_mentions": [{"id": 375721095, "indices": [0, 12], "id_str": "375721095", "name": "Breaking911", "screen_name": "Breaking911"}], "urls": [], "hashtags": []}, "is_quote_status": false, "retweet_count": 0, "truncated": false, "in_reply_to_screen_name": "Breaking911", "favorite_count": 0, "id": 920051872202874881, "favorited": false, "coordinates": null, "id_str": "920051872202874881", "in_reply_to_user_id": 375721095, "geo": null, "place": null, "lang": "en", "text": "@Breaking911 `\nOh the humanity..., another brother murdered by police. - Colin Cancernick", "retweeted": false, "in_reply_to_status_id_str": "920032869224996866", "source": "<a href=\"http://twitter.com\" rel=\"nofollow\">Twitter Web Client</a>", "contributors": null}, "notifications": false, "utc_offset": -21600, "profile_link_color": "1DA1F2", "protected": false, "default_profile_image": false}
2017-10-17T14:00:03.072632	{"favourites_count": 8144, "status": {"in_reply_to_status_id": 920032869224996866, "in_reply_to_screen_name": "Breaking911", "is_quote_status": false, "id_str": "920051872202874881", "truncated": false, "text": "@Breaking911 `\nOh the humanity..., another brother murdered by police. - Colin Cancernick", "id": 920051872202874881, "retweeted": false, "coordinates": null, "lang": "en", "place": null, "in_reply_to_user_id_str": "375721095", "retweet_count": 0, "favorited": false, "favorite_count": 0, "source": "<a href=\"http://twitter.com\" rel=\"nofollow\">Twitter Web Client</a>", "in_reply_to_user_id": 375721095, "geo": null, "in_reply_to_status_id_str": "920032869224996866", "created_at": "Mon Oct 16 22:20:34 +0000 2017", "entities": {"hashtags": [], "urls": [], "symbols": [], "user_mentions": [{"indices": [0, 12], "name": "Breaking911", "id": 375721095, "id_str": "375721095", "screen_name": "Breaking911"}]}, "contributors": null}, "lang": "en", "profile_background_color": "C0DEED", "default_profile": true, "geo_enabled": false, "contributors_enabled": false, "profile_link_color": "1DA1F2", "following": false, "id": 352125063, "profile_background_image_url": "http://abs.twimg.com/images/themes/theme1/bg.png", "follow_request_sent": false, "url": "http://t.co/BrHAueRfpy", "protected": false, "profile_image_url_https": "https://pbs.twimg.com/profile_images/782012739271000064/u5c4S9Sc_normal.jpg", "friends_count": 167, "has_extended_profile": true, "utc_offset": -21600, "profile_background_tile": false, "profile_text_color": "333333", "screen_name": "PeterPaschal7", "notifications": false, "followers_count": 248, "description": "#AllCatPack", "id_str": "352125063", "is_translator": false, "profile_background_image_url_https": "https://abs.twimg.com/images/themes/theme1/bg.png", "profile_sidebar_fill_color": "DDEEF6", "name": "Peter Paschal", "verified": false, "profile_use_background_image": true, "profile_image_url": "http://pbs.twimg.com/profile_images/782012739271000064/u5c4S9Sc_normal.jpg", "is_translation_enabled": false, "statuses_count": 15321, "translator_type": "none", "profile_sidebar_border_color": "C0DEED", "time_zone": "Mountain Time (US & Canada)", "created_at": "Wed Aug 10 05:27:37 +0000 2011", "location": "Nashville, TN", "listed_count": 31, "entities": {"url": {"urls": [{"url": "http://t.co/BrHAueRfpy", "indices": [0, 22], "display_url": "page.is/peter-paschal", "expanded_url": "http://page.is/peter-paschal"}]}, "description": {"urls": []}}, "default_profile_image": false}
2017-10-17T15:00:02.566447	{"protected": false, "is_translation_enabled": false, "entities": {"url": {"urls": [{"url": "http://t.co/BrHAueRfpy", "expanded_url": "http://page.is/peter-paschal", "display_url": "page.is/peter-paschal", "indices": [0, 22]}]}, "description": {"urls": []}}, "id_str": "352125063", "description": "#AllCatPack", "status": {"in_reply_to_status_id_str": "920032869224996866", "in_reply_to_screen_name": "Breaking911", "entities": {"symbols": [], "hashtags": [], "user_mentions": [{"id": 375721095, "name": "Breaking911", "indices": [0, 12], "screen_name": "Breaking911", "id_str": "375721095"}], "urls": []}, "id_str": "920051872202874881", "geo": null, "id": 920051872202874881, "favorited": false, "coordinates": null, "truncated": false, "retweet_count": 0, "is_quote_status": false, "source": "<a href=\"http://twitter.com\" rel=\"nofollow\">Twitter Web Client</a>", "created_at": "Mon Oct 16 22:20:34 +0000 2017", "lang": "en", "contributors": null, "in_reply_to_user_id_str": "375721095", "in_reply_to_user_id": 375721095, "text": "@Breaking911 `\nOh the humanity..., another brother murdered by police. - Colin Cancernick", "in_reply_to_status_id": 920032869224996866, "favorite_count": 0, "retweeted": false, "place": null}, "verified": false, "notifications": false, "screen_name": "PeterPaschal7", "following": false, "default_profile": true, "profile_text_color": "333333", "is_translator": false, "has_extended_profile": true, "lang": "en", "followers_count": 248, "utc_offset": -21600, "profile_sidebar_fill_color": "DDEEF6", "profile_image_url_https": "https://pbs.twimg.com/profile_images/782012739271000064/u5c4S9Sc_normal.jpg", "name": "Peter Paschal", "profile_link_color": "1DA1F2", "default_profile_image": false, "profile_background_color": "C0DEED", "created_at": "Wed Aug 10 05:27:37 +0000 2011", "profile_sidebar_border_color": "C0DEED", "profile_image_url": "http://pbs.twimg.com/profile_images/782012739271000064/u5c4S9Sc_normal.jpg", "url": "http://t.co/BrHAueRfpy", "profile_background_image_url": "http://abs.twimg.com/images/themes/theme1/bg.png", "friends_count": 167, "id": 352125063, "contributors_enabled": false, "follow_request_sent": false, "profile_use_background_image": true, "translator_type": "none", "listed_count": 31, "favourites_count": 8144, "profile_background_image_url_https": "https://abs.twimg.com/images/themes/theme1/bg.png", "statuses_count": 15321, "profile_background_tile": false, "geo_enabled": false, "time_zone": "Mountain Time (US & Canada)", "location": "Nashville, TN"}
2017-10-17T16:00:02.504557	{"profile_link_color": "1DA1F2", "is_translation_enabled": false, "status": {"favorited": false, "retweet_count": 0, "contributors": null, "id_str": "920051872202874881", "geo": null, "place": null, "entities": {"hashtags": [], "user_mentions": [{"indices": [0, 12], "id_str": "375721095", "name": "Breaking911", "id": 375721095, "screen_name": "Breaking911"}], "symbols": [], "urls": []}, "in_reply_to_status_id_str": "920032869224996866", "retweeted": false, "lang": "en", "in_reply_to_status_id": 920032869224996866, "text": "@Breaking911 `\nOh the humanity..., another brother murdered by police. - Colin Cancernick", "created_at": "Mon Oct 16 22:20:34 +0000 2017", "in_reply_to_screen_name": "Breaking911", "favorite_count": 0, "in_reply_to_user_id": 375721095, "id": 920051872202874881, "source": "<a href=\"http://twitter.com\" rel=\"nofollow\">Twitter Web Client</a>", "in_reply_to_user_id_str": "375721095", "truncated": false, "coordinates": null, "is_quote_status": false}, "geo_enabled": false, "protected": false, "profile_use_background_image": true, "contributors_enabled": false, "favourites_count": 8144, "has_extended_profile": true, "profile_image_url_https": "https://pbs.twimg.com/profile_images/782012739271000064/u5c4S9Sc_normal.jpg", "entities": {"description": {"urls": []}, "url": {"urls": [{"indices": [0, 22], "url": "http://t.co/BrHAueRfpy", "display_url": "page.is/peter-paschal", "expanded_url": "http://page.is/peter-paschal"}]}}, "is_translator": false, "url": "http://t.co/BrHAueRfpy", "name": "Peter Paschal", "id_str": "352125063", "profile_sidebar_border_color": "C0DEED", "default_profile_image": false, "description": "#AllCatPack", "verified": false, "lang": "en", "time_zone": "Mountain Time (US & Canada)", "following": false, "profile_background_image_url": "http://abs.twimg.com/images/themes/theme1/bg.png", "location": "Nashville, TN", "profile_background_tile": false, "default_profile": true, "created_at": "Wed Aug 10 05:27:37 +0000 2011", "screen_name": "PeterPaschal7", "profile_sidebar_fill_color": "DDEEF6", "profile_text_color": "333333", "notifications": false, "utc_offset": -21600, "listed_count": 31, "profile_background_image_url_https": "https://abs.twimg.com/images/themes/theme1/bg.png", "followers_count": 248, "profile_background_color": "C0DEED", "profile_image_url": "http://pbs.twimg.com/profile_images/782012739271000064/u5c4S9Sc_normal.jpg", "id": 352125063, "follow_request_sent": false, "statuses_count": 15321, "friends_count": 167, "translator_type": "none"}
2017-10-17T17:00:03.384991	{"geo_enabled": false, "profile_sidebar_border_color": "C0DEED", "profile_image_url": "http://pbs.twimg.com/profile_images/782012739271000064/u5c4S9Sc_normal.jpg", "url": "http://t.co/BrHAueRfpy", "description": "#AllCatPack", "profile_background_image_url_https": "https://abs.twimg.com/images/themes/theme1/bg.png", "profile_background_color": "C0DEED", "contributors_enabled": false, "listed_count": 31, "notifications": false, "screen_name": "PeterPaschal7", "profile_background_tile": false, "protected": false, "profile_text_color": "333333", "utc_offset": -21600, "profile_background_image_url": "http://abs.twimg.com/images/themes/theme1/bg.png", "has_extended_profile": true, "favourites_count": 8144, "verified": false, "profile_sidebar_fill_color": "DDEEF6", "translator_type": "none", "default_profile_image": false, "entities": {"description": {"urls": []}, "url": {"urls": [{"expanded_url": "http://page.is/peter-paschal", "display_url": "page.is/peter-paschal", "url": "http://t.co/BrHAueRfpy", "indices": [0, 22]}]}}, "statuses_count": 15321, "status": {"text": "@Breaking911 `\nOh the humanity..., another brother murdered by police. - Colin Cancernick", "place": null, "id_str": "920051872202874881", "source": "<a href=\"http://twitter.com\" rel=\"nofollow\">Twitter Web Client</a>", "in_reply_to_user_id_str": "375721095", "favorited": false, "retweet_count": 0, "is_quote_status": false, "truncated": false, "favorite_count": 0, "contributors": null, "in_reply_to_status_id": 920032869224996866, "in_reply_to_user_id": 375721095, "entities": {"hashtags": [], "user_mentions": [{"indices": [0, 12], "id_str": "375721095", "name": "Breaking911", "screen_name": "Breaking911", "id": 375721095}], "urls": [], "symbols": []}, "coordinates": null, "in_reply_to_status_id_str": "920032869224996866", "created_at": "Mon Oct 16 22:20:34 +0000 2017", "lang": "en", "geo": null, "id": 920051872202874881, "in_reply_to_screen_name": "Breaking911", "retweeted": false}, "profile_image_url_https": "https://pbs.twimg.com/profile_images/782012739271000064/u5c4S9Sc_normal.jpg", "created_at": "Wed Aug 10 05:27:37 +0000 2011", "lang": "en", "id_str": "352125063", "id": 352125063, "follow_request_sent": false, "is_translator": false, "time_zone": "Mountain Time (US & Canada)", "profile_link_color": "1DA1F2", "location": "Nashville, TN", "friends_count": 167, "following": false, "default_profile": true, "profile_use_background_image": true, "is_translation_enabled": false, "followers_count": 248, "name": "Peter Paschal"}
2017-10-17T18:00:03.370842	{"utc_offset": -21600, "following": false, "description": "#AllCatPack", "name": "Peter Paschal", "friends_count": 167, "lang": "en", "protected": false, "profile_link_color": "1DA1F2", "profile_use_background_image": true, "profile_background_color": "C0DEED", "is_translator": false, "profile_image_url_https": "https://pbs.twimg.com/profile_images/782012739271000064/u5c4S9Sc_normal.jpg", "default_profile_image": false, "time_zone": "Mountain Time (US & Canada)", "profile_text_color": "333333", "profile_sidebar_border_color": "C0DEED", "screen_name": "PeterPaschal7", "profile_background_image_url_https": "https://abs.twimg.com/images/themes/theme1/bg.png", "profile_image_url": "http://pbs.twimg.com/profile_images/782012739271000064/u5c4S9Sc_normal.jpg", "entities": {"description": {"urls": []}, "url": {"urls": [{"indices": [0, 22], "expanded_url": "http://page.is/peter-paschal", "url": "http://t.co/BrHAueRfpy", "display_url": "page.is/peter-paschal"}]}}, "translator_type": "none", "is_translation_enabled": false, "status": {"geo": null, "created_at": "Mon Oct 16 22:20:34 +0000 2017", "lang": "en", "favorite_count": 0, "in_reply_to_user_id": 375721095, "coordinates": null, "favorited": false, "in_reply_to_status_id": 920032869224996866, "text": "@Breaking911 `\nOh the humanity..., another brother murdered by police. - Colin Cancernick", "place": null, "truncated": false, "is_quote_status": false, "in_reply_to_user_id_str": "375721095", "entities": {"urls": [], "symbols": [], "user_mentions": [{"id": 375721095, "indices": [0, 12], "screen_name": "Breaking911", "name": "Breaking911", "id_str": "375721095"}], "hashtags": []}, "id_str": "920051872202874881", "source": "<a href=\"http://twitter.com\" rel=\"nofollow\">Twitter Web Client</a>", "id": 920051872202874881, "in_reply_to_status_id_str": "920032869224996866", "in_reply_to_screen_name": "Breaking911", "contributors": null, "retweet_count": 0, "retweeted": false}, "contributors_enabled": false, "id_str": "352125063", "favourites_count": 8144, "listed_count": 31, "statuses_count": 15321, "followers_count": 248, "location": "Nashville, TN", "has_extended_profile": true, "id": 352125063, "verified": false, "default_profile": true, "url": "http://t.co/BrHAueRfpy", "created_at": "Wed Aug 10 05:27:37 +0000 2011", "profile_sidebar_fill_color": "DDEEF6", "follow_request_sent": false, "notifications": false, "profile_background_tile": false, "profile_background_image_url": "http://abs.twimg.com/images/themes/theme1/bg.png", "geo_enabled": false}
2017-10-17T19:00:02.771936	{"id_str": "352125063", "profile_sidebar_border_color": "C0DEED", "screen_name": "PeterPaschal7", "profile_background_color": "C0DEED", "utc_offset": -21600, "is_translation_enabled": false, "followers_count": 248, "profile_background_image_url_https": "https://abs.twimg.com/images/themes/theme1/bg.png", "favourites_count": 8144, "following": false, "profile_image_url": "http://pbs.twimg.com/profile_images/782012739271000064/u5c4S9Sc_normal.jpg", "follow_request_sent": false, "id": 352125063, "entities": {"url": {"urls": [{"expanded_url": "http://page.is/peter-paschal", "display_url": "page.is/peter-paschal", "url": "http://t.co/BrHAueRfpy", "indices": [0, 22]}]}, "description": {"urls": []}}, "profile_link_color": "1DA1F2", "has_extended_profile": true, "translator_type": "none", "description": "#AllCatPack", "profile_sidebar_fill_color": "DDEEF6", "friends_count": 167, "default_profile": true, "name": "Peter Paschal", "time_zone": "Mountain Time (US & Canada)", "verified": false, "is_translator": false, "geo_enabled": false, "listed_count": 31, "lang": "en", "profile_text_color": "333333", "default_profile_image": false, "location": "Nashville, TN", "profile_background_image_url": "http://abs.twimg.com/images/themes/theme1/bg.png", "contributors_enabled": false, "profile_use_background_image": true, "url": "http://t.co/BrHAueRfpy", "created_at": "Wed Aug 10 05:27:37 +0000 2011", "protected": false, "profile_background_tile": false, "status": {"id_str": "920357949628928006", "in_reply_to_user_id_str": "375721095", "geo": null, "id": 920357949628928006, "entities": {"symbols": [], "urls": [], "user_mentions": [{"id_str": "375721095", "id": 375721095, "screen_name": "Breaking911", "name": "Breaking911", "indices": [0, 12]}], "hashtags": []}, "in_reply_to_status_id_str": "920350173582249984", "contributors": null, "truncated": false, "is_quote_status": false, "place": null, "in_reply_to_screen_name": "Breaking911", "in_reply_to_user_id": 375721095, "source": "<a href=\"http://twitter.com\" rel=\"nofollow\">Twitter Web Client</a>", "coordinates": null, "favorited": false, "retweeted": false, "lang": "en", "text": "@Breaking911 `\n\nEssentially obamacare 2.0\n\nThis is a non-starter.\n\nWhat a massive waste of time.", "retweet_count": 0, "created_at": "Tue Oct 17 18:36:49 +0000 2017", "in_reply_to_status_id": 920350173582249984, "favorite_count": 0}, "profile_image_url_https": "https://pbs.twimg.com/profile_images/782012739271000064/u5c4S9Sc_normal.jpg", "statuses_count": 15325, "notifications": false}
2017-10-17T20:00:02.885359	{"statuses_count": 15325, "profile_image_url": "http://pbs.twimg.com/profile_images/782012739271000064/u5c4S9Sc_normal.jpg", "following": false, "created_at": "Wed Aug 10 05:27:37 +0000 2011", "protected": false, "profile_background_image_url": "http://abs.twimg.com/images/themes/theme1/bg.png", "geo_enabled": false, "time_zone": "Mountain Time (US & Canada)", "profile_text_color": "333333", "url": "http://t.co/BrHAueRfpy", "description": "#AllCatPack", "profile_sidebar_fill_color": "DDEEF6", "friends_count": 167, "profile_background_color": "C0DEED", "contributors_enabled": false, "entities": {"description": {"urls": []}, "url": {"urls": [{"expanded_url": "http://page.is/peter-paschal", "display_url": "page.is/peter-paschal", "indices": [0, 22], "url": "http://t.co/BrHAueRfpy"}]}}, "follow_request_sent": false, "favourites_count": 8144, "default_profile_image": false, "has_extended_profile": true, "translator_type": "none", "id": 352125063, "profile_use_background_image": true, "profile_sidebar_border_color": "C0DEED", "default_profile": true, "profile_background_tile": false, "screen_name": "PeterPaschal7", "utc_offset": -21600, "listed_count": 31, "profile_image_url_https": "https://pbs.twimg.com/profile_images/782012739271000064/u5c4S9Sc_normal.jpg", "followers_count": 248, "lang": "en", "status": {"place": null, "created_at": "Tue Oct 17 18:36:49 +0000 2017", "favorited": false, "in_reply_to_status_id": 920350173582249984, "is_quote_status": false, "coordinates": null, "in_reply_to_status_id_str": "920350173582249984", "retweeted": false, "entities": {"user_mentions": [{"id": 375721095, "id_str": "375721095", "indices": [0, 12], "name": "Breaking911", "screen_name": "Breaking911"}], "urls": [], "symbols": [], "hashtags": []}, "in_reply_to_user_id": 375721095, "in_reply_to_user_id_str": "375721095", "id": 920357949628928006, "contributors": null, "source": "<a href=\"http://twitter.com\" rel=\"nofollow\">Twitter Web Client</a>", "text": "@Breaking911 `\n\nEssentially obamacare 2.0\n\nThis is a non-starter.\n\nWhat a massive waste of time.", "in_reply_to_screen_name": "Breaking911", "lang": "en", "id_str": "920357949628928006", "geo": null, "retweet_count": 0, "favorite_count": 0, "truncated": false}, "id_str": "352125063", "profile_link_color": "1DA1F2", "notifications": false, "location": "Nashville, TN", "is_translation_enabled": false, "verified": false, "profile_background_image_url_https": "https://abs.twimg.com/images/themes/theme1/bg.png", "is_translator": false, "name": "Peter Paschal"}
2017-10-17T21:00:02.971892	{"profile_sidebar_border_color": "C0DEED", "profile_use_background_image": true, "description": "#AllCatPack", "location": "Nashville, TN", "profile_text_color": "333333", "screen_name": "PeterPaschal7", "profile_background_color": "C0DEED", "following": false, "notifications": false, "profile_background_image_url": "http://abs.twimg.com/images/themes/theme1/bg.png", "followers_count": 248, "id_str": "352125063", "utc_offset": -21600, "has_extended_profile": true, "profile_image_url": "http://pbs.twimg.com/profile_images/782012739271000064/u5c4S9Sc_normal.jpg", "profile_background_tile": false, "follow_request_sent": false, "protected": false, "lang": "en", "friends_count": 167, "url": "http://t.co/BrHAueRfpy", "name": "Peter Paschal", "favourites_count": 8144, "profile_background_image_url_https": "https://abs.twimg.com/images/themes/theme1/bg.png", "status": {"in_reply_to_user_id": 375721095, "is_quote_status": false, "retweet_count": 0, "in_reply_to_status_id_str": "920350173582249984", "id_str": "920357949628928006", "in_reply_to_screen_name": "Breaking911", "lang": "en", "source": "<a href=\"http://twitter.com\" rel=\"nofollow\">Twitter Web Client</a>", "created_at": "Tue Oct 17 18:36:49 +0000 2017", "entities": {"urls": [], "symbols": [], "user_mentions": [{"name": "Breaking911", "indices": [0, 12], "id": 375721095, "screen_name": "Breaking911", "id_str": "375721095"}], "hashtags": []}, "geo": null, "text": "@Breaking911 `\n\nEssentially obamacare 2.0\n\nThis is a non-starter.\n\nWhat a massive waste of time.", "favorite_count": 0, "id": 920357949628928006, "in_reply_to_status_id": 920350173582249984, "coordinates": null, "retweeted": false, "contributors": null, "in_reply_to_user_id_str": "375721095", "truncated": false, "place": null, "favorited": false}, "listed_count": 31, "translator_type": "none", "geo_enabled": false, "statuses_count": 15325, "contributors_enabled": false, "is_translator": false, "id": 352125063, "time_zone": "Mountain Time (US & Canada)", "profile_image_url_https": "https://pbs.twimg.com/profile_images/782012739271000064/u5c4S9Sc_normal.jpg", "entities": {"description": {"urls": []}, "url": {"urls": [{"display_url": "page.is/peter-paschal", "url": "http://t.co/BrHAueRfpy", "indices": [0, 22], "expanded_url": "http://page.is/peter-paschal"}]}}, "verified": false, "profile_sidebar_fill_color": "DDEEF6", "profile_link_color": "1DA1F2", "default_profile_image": false, "default_profile": true, "created_at": "Wed Aug 10 05:27:37 +0000 2011", "is_translation_enabled": false}
2017-10-17T22:00:02.807787	{"id_str": "352125063", "translator_type": "none", "profile_use_background_image": true, "default_profile_image": false, "listed_count": 31, "profile_background_tile": false, "description": "#AllCatPack", "profile_sidebar_border_color": "C0DEED", "protected": false, "screen_name": "PeterPaschal7", "profile_text_color": "333333", "profile_link_color": "1DA1F2", "profile_image_url_https": "https://pbs.twimg.com/profile_images/782012739271000064/u5c4S9Sc_normal.jpg", "verified": false, "entities": {"description": {"urls": []}, "url": {"urls": [{"display_url": "page.is/peter-paschal", "expanded_url": "http://page.is/peter-paschal", "url": "http://t.co/BrHAueRfpy", "indices": [0, 22]}]}}, "is_translator": false, "follow_request_sent": false, "geo_enabled": false, "notifications": false, "created_at": "Wed Aug 10 05:27:37 +0000 2011", "default_profile": true, "utc_offset": -21600, "has_extended_profile": true, "profile_background_image_url_https": "https://abs.twimg.com/images/themes/theme1/bg.png", "profile_image_url": "http://pbs.twimg.com/profile_images/782012739271000064/u5c4S9Sc_normal.jpg", "profile_sidebar_fill_color": "DDEEF6", "profile_background_color": "C0DEED", "id": 352125063, "url": "http://t.co/BrHAueRfpy", "location": "Nashville, TN", "time_zone": "Mountain Time (US & Canada)", "name": "Peter Paschal", "statuses_count": 15328, "lang": "en", "contributors_enabled": false, "followers_count": 248, "following": false, "favourites_count": 8144, "is_translation_enabled": false, "profile_background_image_url": "http://abs.twimg.com/images/themes/theme1/bg.png", "friends_count": 167, "status": {"retweeted": false, "retweet_count": 0, "in_reply_to_user_id_str": null, "in_reply_to_user_id": null, "id_str": "920408409735700481", "is_quote_status": false, "entities": {"urls": [], "user_mentions": [], "symbols": [], "hashtags": []}, "truncated": false, "in_reply_to_status_id": null, "created_at": "Tue Oct 17 21:57:19 +0000 2017", "in_reply_to_status_id_str": null, "favorite_count": 0, "contributors": null, "id": 920408409735700481, "geo": null, "place": null, "source": "<a href=\"http://twitter.com\" rel=\"nofollow\">Twitter Web Client</a>", "lang": "en", "in_reply_to_screen_name": null, "coordinates": null, "favorited": false, "text": "`\n\nThis is how it's done Roy Price. Grab'em by the pussy and say, if you want the role, it's pay to play. Works EVERY time. - H. Weinstein"}}
2017-10-17T23:00:03.368468	{"profile_background_image_url": "http://abs.twimg.com/images/themes/theme1/bg.png", "created_at": "Wed Aug 10 05:27:37 +0000 2011", "notifications": false, "following": false, "profile_image_url_https": "https://pbs.twimg.com/profile_images/782012739271000064/u5c4S9Sc_normal.jpg", "default_profile": true, "profile_link_color": "1DA1F2", "is_translation_enabled": false, "is_translator": false, "location": "Nashville, TN", "followers_count": 248, "profile_background_color": "C0DEED", "favourites_count": 8162, "description": "#AllCatPack", "profile_background_tile": false, "name": "Peter Paschal", "listed_count": 31, "utc_offset": -21600, "time_zone": "Mountain Time (US & Canada)", "geo_enabled": false, "profile_sidebar_fill_color": "DDEEF6", "entities": {"url": {"urls": [{"url": "http://t.co/BrHAueRfpy", "expanded_url": "http://page.is/peter-paschal", "display_url": "page.is/peter-paschal", "indices": [0, 22]}]}, "description": {"urls": []}}, "contributors_enabled": false, "status": {"retweeted": false, "created_at": "Tue Oct 17 22:07:47 +0000 2017", "geo": null, "text": "@DRUDGE `\n\nSame for the music industry.", "in_reply_to_user_id": 247723476, "coordinates": null, "id_str": "920411041204387840", "is_quote_status": false, "favorite_count": 0, "favorited": false, "place": null, "in_reply_to_status_id": 920347752105590784, "source": "<a href=\"http://twitter.com\" rel=\"nofollow\">Twitter Web Client</a>", "entities": {"symbols": [], "user_mentions": [{"id_str": "247723476", "screen_name": "DRUDGE", "indices": [0, 7], "name": "MATT DRUDGE", "id": 247723476}], "hashtags": [], "urls": []}, "in_reply_to_user_id_str": "247723476", "lang": "en", "in_reply_to_screen_name": "DRUDGE", "contributors": null, "id": 920411041204387840, "truncated": false, "in_reply_to_status_id_str": "920347752105590784", "retweet_count": 0}, "profile_text_color": "333333", "protected": false, "profile_sidebar_border_color": "C0DEED", "profile_image_url": "http://pbs.twimg.com/profile_images/782012739271000064/u5c4S9Sc_normal.jpg", "statuses_count": 15329, "lang": "en", "translator_type": "none", "url": "http://t.co/BrHAueRfpy", "follow_request_sent": false, "screen_name": "PeterPaschal7", "friends_count": 167, "verified": false, "has_extended_profile": true, "id": 352125063, "id_str": "352125063", "profile_background_image_url_https": "https://abs.twimg.com/images/themes/theme1/bg.png", "profile_use_background_image": true, "default_profile_image": false}
2017-10-18T00:00:03.266511	{"profile_background_image_url": "http://abs.twimg.com/images/themes/theme1/bg.png", "statuses_count": 15329, "favourites_count": 8162, "lang": "en", "is_translator": false, "status": {"truncated": false, "favorited": false, "is_quote_status": false, "favorite_count": 0, "in_reply_to_user_id_str": "247723476", "entities": {"hashtags": [], "user_mentions": [{"name": "MATT DRUDGE", "id_str": "247723476", "id": 247723476, "screen_name": "DRUDGE", "indices": [0, 7]}], "urls": [], "symbols": []}, "contributors": null, "retweet_count": 0, "in_reply_to_status_id_str": "920347752105590784", "lang": "en", "geo": null, "id": 920411041204387840, "source": "<a href=\"http://twitter.com\" rel=\"nofollow\">Twitter Web Client</a>", "created_at": "Tue Oct 17 22:07:47 +0000 2017", "in_reply_to_status_id": 920347752105590784, "in_reply_to_user_id": 247723476, "retweeted": false, "place": null, "id_str": "920411041204387840", "coordinates": null, "in_reply_to_screen_name": "DRUDGE", "text": "@DRUDGE `\n\nSame for the music industry."}, "contributors_enabled": false, "default_profile_image": false, "has_extended_profile": true, "profile_use_background_image": true, "description": "#AllCatPack", "entities": {"url": {"urls": [{"url": "http://t.co/BrHAueRfpy", "indices": [0, 22], "expanded_url": "http://page.is/peter-paschal", "display_url": "page.is/peter-paschal"}]}, "description": {"urls": []}}, "friends_count": 167, "profile_image_url": "http://pbs.twimg.com/profile_images/782012739271000064/u5c4S9Sc_normal.jpg", "profile_text_color": "333333", "url": "http://t.co/BrHAueRfpy", "listed_count": 31, "profile_sidebar_border_color": "C0DEED", "follow_request_sent": false, "time_zone": "Mountain Time (US & Canada)", "profile_link_color": "1DA1F2", "followers_count": 248, "id": 352125063, "utc_offset": -21600, "location": "Nashville, TN", "default_profile": true, "name": "Peter Paschal", "created_at": "Wed Aug 10 05:27:37 +0000 2011", "notifications": false, "profile_background_tile": false, "verified": false, "protected": false, "profile_background_color": "C0DEED", "screen_name": "PeterPaschal7", "is_translation_enabled": false, "profile_image_url_https": "https://pbs.twimg.com/profile_images/782012739271000064/u5c4S9Sc_normal.jpg", "id_str": "352125063", "following": false, "geo_enabled": false, "profile_sidebar_fill_color": "DDEEF6", "profile_background_image_url_https": "https://abs.twimg.com/images/themes/theme1/bg.png", "translator_type": "none"}
2017-10-18T01:00:02.524029	{"profile_sidebar_fill_color": "DDEEF6", "profile_image_url": "http://pbs.twimg.com/profile_images/782012739271000064/u5c4S9Sc_normal.jpg", "has_extended_profile": true, "screen_name": "PeterPaschal7", "is_translator": false, "lang": "en", "url": "http://t.co/BrHAueRfpy", "follow_request_sent": false, "followers_count": 248, "entities": {"description": {"urls": []}, "url": {"urls": [{"display_url": "page.is/peter-paschal", "expanded_url": "http://page.is/peter-paschal", "indices": [0, 22], "url": "http://t.co/BrHAueRfpy"}]}}, "favourites_count": 8162, "status": {"in_reply_to_status_id_str": "920347752105590784", "in_reply_to_screen_name": "DRUDGE", "geo": null, "lang": "en", "in_reply_to_status_id": 920347752105590784, "retweeted": false, "coordinates": null, "favorite_count": 0, "entities": {"hashtags": [], "urls": [], "user_mentions": [{"screen_name": "DRUDGE", "name": "MATT DRUDGE", "indices": [0, 7], "id_str": "247723476", "id": 247723476}], "symbols": []}, "created_at": "Tue Oct 17 22:07:47 +0000 2017", "id": 920411041204387840, "id_str": "920411041204387840", "contributors": null, "is_quote_status": false, "text": "@DRUDGE `\n\nSame for the music industry.", "truncated": false, "place": null, "retweet_count": 0, "source": "<a href=\"http://twitter.com\" rel=\"nofollow\">Twitter Web Client</a>", "in_reply_to_user_id_str": "247723476", "favorited": false, "in_reply_to_user_id": 247723476}, "id": 352125063, "profile_background_image_url": "http://abs.twimg.com/images/themes/theme1/bg.png", "profile_background_image_url_https": "https://abs.twimg.com/images/themes/theme1/bg.png", "protected": false, "profile_text_color": "333333", "location": "Nashville, TN", "listed_count": 31, "profile_link_color": "1DA1F2", "translator_type": "none", "default_profile_image": false, "default_profile": true, "id_str": "352125063", "time_zone": "Mountain Time (US & Canada)", "profile_image_url_https": "https://pbs.twimg.com/profile_images/782012739271000064/u5c4S9Sc_normal.jpg", "profile_background_color": "C0DEED", "is_translation_enabled": false, "contributors_enabled": false, "friends_count": 167, "notifications": false, "verified": false, "description": "#AllCatPack", "created_at": "Wed Aug 10 05:27:37 +0000 2011", "name": "Peter Paschal", "utc_offset": -21600, "following": false, "geo_enabled": false, "profile_sidebar_border_color": "C0DEED", "profile_use_background_image": true, "profile_background_tile": false, "statuses_count": 15329}
2017-10-18T02:00:03.011452	{"profile_image_url": "http://pbs.twimg.com/profile_images/782012739271000064/u5c4S9Sc_normal.jpg", "favourites_count": 8161, "default_profile": true, "profile_background_color": "C0DEED", "entities": {"url": {"urls": [{"url": "http://t.co/BrHAueRfpy", "indices": [0, 22], "expanded_url": "http://page.is/peter-paschal", "display_url": "page.is/peter-paschal"}]}, "description": {"urls": []}}, "follow_request_sent": false, "geo_enabled": false, "time_zone": "Mountain Time (US & Canada)", "verified": false, "profile_sidebar_border_color": "C0DEED", "listed_count": 31, "profile_sidebar_fill_color": "DDEEF6", "profile_background_tile": false, "statuses_count": 15330, "url": "http://t.co/BrHAueRfpy", "friends_count": 167, "translator_type": "none", "utc_offset": -21600, "status": {"lang": "und", "coordinates": null, "in_reply_to_user_id_str": "278227697", "geo": null, "contributors": null, "is_quote_status": false, "retweeted": false, "retweet_count": 0, "in_reply_to_status_id": 920464922131042304, "favorite_count": 0, "place": null, "in_reply_to_status_id_str": "920464922131042304", "text": "@Josway88 won", "entities": {"user_mentions": [{"screen_name": "Josway88", "name": "Jose Cerna", "id": 278227697, "indices": [0, 9], "id_str": "278227697"}], "hashtags": [], "symbols": [], "urls": []}, "source": "<a href=\"http://twitter.com\" rel=\"nofollow\">Twitter Web Client</a>", "in_reply_to_user_id": 278227697, "truncated": false, "id": 920465148107677696, "favorited": false, "created_at": "Wed Oct 18 01:42:47 +0000 2017", "id_str": "920465148107677696", "in_reply_to_screen_name": "Josway88"}, "lang": "en", "following": false, "protected": false, "profile_background_image_url": "http://abs.twimg.com/images/themes/theme1/bg.png", "is_translator": false, "has_extended_profile": true, "screen_name": "PeterPaschal7", "contributors_enabled": false, "id": 352125063, "profile_text_color": "333333", "created_at": "Wed Aug 10 05:27:37 +0000 2011", "followers_count": 248, "notifications": false, "profile_image_url_https": "https://pbs.twimg.com/profile_images/782012739271000064/u5c4S9Sc_normal.jpg", "name": "Peter Paschal", "profile_link_color": "1DA1F2", "id_str": "352125063", "profile_background_image_url_https": "https://abs.twimg.com/images/themes/theme1/bg.png", "is_translation_enabled": false, "default_profile_image": false, "location": "Nashville, TN", "profile_use_background_image": true, "description": "#AllCatPack"}
2017-10-18T03:00:02.712489	{"profile_sidebar_fill_color": "DDEEF6", "following": false, "is_translation_enabled": false, "profile_background_image_url": "http://abs.twimg.com/images/themes/theme1/bg.png", "profile_sidebar_border_color": "C0DEED", "profile_link_color": "1DA1F2", "screen_name": "PeterPaschal7", "geo_enabled": false, "follow_request_sent": false, "profile_background_color": "C0DEED", "url": "http://t.co/BrHAueRfpy", "profile_background_tile": false, "time_zone": "Mountain Time (US & Canada)", "lang": "en", "followers_count": 248, "id": 352125063, "notifications": false, "translator_type": "none", "has_extended_profile": true, "default_profile": true, "statuses_count": 15330, "profile_use_background_image": true, "description": "#AllCatPack", "id_str": "352125063", "default_profile_image": false, "profile_image_url_https": "https://pbs.twimg.com/profile_images/782012739271000064/u5c4S9Sc_normal.jpg", "contributors_enabled": false, "created_at": "Wed Aug 10 05:27:37 +0000 2011", "friends_count": 167, "utc_offset": -21600, "listed_count": 31, "location": "Nashville, TN", "entities": {"description": {"urls": []}, "url": {"urls": [{"expanded_url": "http://page.is/peter-paschal", "display_url": "page.is/peter-paschal", "indices": [0, 22], "url": "http://t.co/BrHAueRfpy"}]}}, "name": "Peter Paschal", "profile_background_image_url_https": "https://abs.twimg.com/images/themes/theme1/bg.png", "profile_image_url": "http://pbs.twimg.com/profile_images/782012739271000064/u5c4S9Sc_normal.jpg", "status": {"coordinates": null, "geo": null, "place": null, "in_reply_to_status_id": 920464922131042304, "favorite_count": 0, "text": "@Josway88 won", "contributors": null, "truncated": false, "in_reply_to_screen_name": "Josway88", "lang": "und", "retweet_count": 0, "created_at": "Wed Oct 18 01:42:47 +0000 2017", "favorited": false, "in_reply_to_status_id_str": "920464922131042304", "source": "<a href=\"http://twitter.com\" rel=\"nofollow\">Twitter Web Client</a>", "in_reply_to_user_id": 278227697, "id_str": "920465148107677696", "id": 920465148107677696, "retweeted": false, "in_reply_to_user_id_str": "278227697", "is_quote_status": false, "entities": {"hashtags": [], "urls": [], "symbols": [], "user_mentions": [{"screen_name": "Josway88", "id_str": "278227697", "indices": [0, 9], "id": 278227697, "name": "Jose Cerna"}]}}, "favourites_count": 8161, "is_translator": false, "verified": false, "protected": false, "profile_text_color": "333333"}
2017-10-18T04:00:02.855706	{"followers_count": 248, "protected": false, "profile_sidebar_border_color": "C0DEED", "location": "Nashville, TN", "translator_type": "none", "profile_sidebar_fill_color": "DDEEF6", "name": "Peter Paschal", "utc_offset": -21600, "is_translator": false, "default_profile": true, "status": {"in_reply_to_status_id": 920464922131042304, "contributors": null, "source": "<a href=\"http://twitter.com\" rel=\"nofollow\">Twitter Web Client</a>", "in_reply_to_status_id_str": "920464922131042304", "favorited": false, "text": "@Josway88 won", "id_str": "920465148107677696", "retweet_count": 0, "retweeted": false, "is_quote_status": false, "geo": null, "truncated": false, "coordinates": null, "in_reply_to_user_id": 278227697, "favorite_count": 0, "created_at": "Wed Oct 18 01:42:47 +0000 2017", "entities": {"symbols": [], "hashtags": [], "urls": [], "user_mentions": [{"indices": [0, 9], "name": "Jose Cerna", "id": 278227697, "id_str": "278227697", "screen_name": "Josway88"}]}, "in_reply_to_user_id_str": "278227697", "lang": "und", "in_reply_to_screen_name": "Josway88", "id": 920465148107677696, "place": null}, "url": "http://t.co/BrHAueRfpy", "profile_text_color": "333333", "has_extended_profile": true, "time_zone": "Mountain Time (US & Canada)", "profile_use_background_image": true, "statuses_count": 15330, "profile_background_color": "C0DEED", "created_at": "Wed Aug 10 05:27:37 +0000 2011", "favourites_count": 8161, "profile_image_url_https": "https://pbs.twimg.com/profile_images/782012739271000064/u5c4S9Sc_normal.jpg", "geo_enabled": false, "profile_background_image_url": "http://abs.twimg.com/images/themes/theme1/bg.png", "following": false, "description": "#AllCatPack", "friends_count": 166, "verified": false, "id_str": "352125063", "default_profile_image": false, "entities": {"description": {"urls": []}, "url": {"urls": [{"expanded_url": "http://page.is/peter-paschal", "display_url": "page.is/peter-paschal", "indices": [0, 22], "url": "http://t.co/BrHAueRfpy"}]}}, "screen_name": "PeterPaschal7", "profile_link_color": "1DA1F2", "profile_background_tile": false, "follow_request_sent": false, "listed_count": 31, "profile_image_url": "http://pbs.twimg.com/profile_images/782012739271000064/u5c4S9Sc_normal.jpg", "is_translation_enabled": false, "lang": "en", "notifications": false, "id": 352125063, "contributors_enabled": false, "profile_background_image_url_https": "https://abs.twimg.com/images/themes/theme1/bg.png"}
2017-10-18T05:00:02.693043	{"location": "Nashville, TN", "default_profile_image": false, "profile_sidebar_fill_color": "DDEEF6", "lang": "en", "listed_count": 31, "url": "http://t.co/BrHAueRfpy", "has_extended_profile": true, "following": false, "description": "#AllCatPack", "profile_image_url_https": "https://pbs.twimg.com/profile_images/782012739271000064/u5c4S9Sc_normal.jpg", "entities": {"url": {"urls": [{"expanded_url": "http://page.is/peter-paschal", "url": "http://t.co/BrHAueRfpy", "indices": [0, 22], "display_url": "page.is/peter-paschal"}]}, "description": {"urls": []}}, "profile_sidebar_border_color": "C0DEED", "profile_text_color": "333333", "statuses_count": 15330, "is_translator": false, "verified": false, "profile_link_color": "1DA1F2", "follow_request_sent": false, "default_profile": true, "id_str": "352125063", "time_zone": "Mountain Time (US & Canada)", "friends_count": 166, "contributors_enabled": false, "geo_enabled": false, "id": 352125063, "utc_offset": -21600, "profile_background_image_url": "http://abs.twimg.com/images/themes/theme1/bg.png", "name": "Peter Paschal", "protected": false, "is_translation_enabled": false, "favourites_count": 8161, "screen_name": "PeterPaschal7", "profile_background_tile": false, "profile_use_background_image": true, "created_at": "Wed Aug 10 05:27:37 +0000 2011", "status": {"is_quote_status": false, "in_reply_to_screen_name": "Josway88", "truncated": false, "lang": "und", "source": "<a href=\"http://twitter.com\" rel=\"nofollow\">Twitter Web Client</a>", "entities": {"hashtags": [], "urls": [], "user_mentions": [{"id": 278227697, "id_str": "278227697", "indices": [0, 9], "name": "Jose Cerna", "screen_name": "Josway88"}], "symbols": []}, "in_reply_to_status_id_str": "920464922131042304", "favorite_count": 0, "in_reply_to_user_id_str": "278227697", "place": null, "id_str": "920465148107677696", "coordinates": null, "id": 920465148107677696, "in_reply_to_user_id": 278227697, "geo": null, "contributors": null, "in_reply_to_status_id": 920464922131042304, "retweeted": false, "retweet_count": 0, "favorited": false, "text": "@Josway88 won", "created_at": "Wed Oct 18 01:42:47 +0000 2017"}, "profile_background_color": "C0DEED", "notifications": false, "profile_background_image_url_https": "https://abs.twimg.com/images/themes/theme1/bg.png", "followers_count": 248, "translator_type": "none", "profile_image_url": "http://pbs.twimg.com/profile_images/782012739271000064/u5c4S9Sc_normal.jpg"}
2017-10-18T06:00:02.653244	{"utc_offset": -21600, "friends_count": 167, "lang": "en", "protected": false, "default_profile_image": false, "created_at": "Wed Aug 10 05:27:37 +0000 2011", "location": "Nashville, TN", "followers_count": 248, "name": "Peter Paschal", "follow_request_sent": false, "notifications": false, "translator_type": "none", "profile_use_background_image": true, "profile_sidebar_fill_color": "DDEEF6", "profile_image_url_https": "https://pbs.twimg.com/profile_images/782012739271000064/u5c4S9Sc_normal.jpg", "profile_background_color": "C0DEED", "has_extended_profile": true, "default_profile": true, "time_zone": "Mountain Time (US & Canada)", "profile_sidebar_border_color": "C0DEED", "status": {"lang": "und", "contributors": null, "in_reply_to_user_id_str": "278227697", "created_at": "Wed Oct 18 01:42:47 +0000 2017", "truncated": false, "in_reply_to_status_id": 920464922131042304, "entities": {"symbols": [], "hashtags": [], "user_mentions": [{"id": 278227697, "indices": [0, 9], "screen_name": "Josway88", "name": "Jose Cerna", "id_str": "278227697"}], "urls": []}, "is_quote_status": false, "retweet_count": 0, "in_reply_to_screen_name": "Josway88", "text": "@Josway88 won", "id_str": "920465148107677696", "place": null, "favorite_count": 0, "favorited": false, "retweeted": false, "geo": null, "id": 920465148107677696, "in_reply_to_status_id_str": "920464922131042304", "in_reply_to_user_id": 278227697, "coordinates": null, "source": "<a href=\"http://twitter.com\" rel=\"nofollow\">Twitter Web Client</a>"}, "id_str": "352125063", "url": "http://t.co/BrHAueRfpy", "contributors_enabled": false, "favourites_count": 8161, "profile_background_tile": false, "profile_link_color": "1DA1F2", "profile_background_image_url": "http://abs.twimg.com/images/themes/theme1/bg.png", "is_translator": false, "listed_count": 31, "following": false, "screen_name": "PeterPaschal7", "profile_background_image_url_https": "https://abs.twimg.com/images/themes/theme1/bg.png", "id": 352125063, "is_translation_enabled": false, "profile_image_url": "http://pbs.twimg.com/profile_images/782012739271000064/u5c4S9Sc_normal.jpg", "profile_text_color": "333333", "description": "#AllCatPack", "entities": {"url": {"urls": [{"url": "http://t.co/BrHAueRfpy", "indices": [0, 22], "display_url": "page.is/peter-paschal", "expanded_url": "http://page.is/peter-paschal"}]}, "description": {"urls": []}}, "geo_enabled": false, "statuses_count": 15330, "verified": false}
2017-10-18T07:00:03.328532	{"lang": "en", "notifications": false, "default_profile_image": false, "profile_sidebar_border_color": "C0DEED", "verified": false, "status": {"lang": "und", "in_reply_to_user_id": 278227697, "in_reply_to_screen_name": "Josway88", "geo": null, "truncated": false, "in_reply_to_user_id_str": "278227697", "entities": {"urls": [], "symbols": [], "hashtags": [], "user_mentions": [{"indices": [0, 9], "screen_name": "Josway88", "id": 278227697, "name": "Jose Cerna", "id_str": "278227697"}]}, "favorited": false, "in_reply_to_status_id": 920464922131042304, "favorite_count": 0, "text": "@Josway88 won", "contributors": null, "retweeted": false, "id": 920465148107677696, "coordinates": null, "source": "<a href=\"http://twitter.com\" rel=\"nofollow\">Twitter Web Client</a>", "retweet_count": 0, "is_quote_status": false, "created_at": "Wed Oct 18 01:42:47 +0000 2017", "id_str": "920465148107677696", "in_reply_to_status_id_str": "920464922131042304", "place": null}, "profile_image_url_https": "https://pbs.twimg.com/profile_images/782012739271000064/u5c4S9Sc_normal.jpg", "listed_count": 31, "profile_image_url": "http://pbs.twimg.com/profile_images/782012739271000064/u5c4S9Sc_normal.jpg", "has_extended_profile": true, "profile_background_tile": false, "profile_link_color": "1DA1F2", "name": "Peter Paschal", "entities": {"url": {"urls": [{"expanded_url": "http://page.is/peter-paschal", "indices": [0, 22], "display_url": "page.is/peter-paschal", "url": "http://t.co/BrHAueRfpy"}]}, "description": {"urls": []}}, "contributors_enabled": false, "translator_type": "none", "profile_background_color": "C0DEED", "profile_use_background_image": true, "profile_background_image_url": "http://abs.twimg.com/images/themes/theme1/bg.png", "location": "Nashville, TN", "id_str": "352125063", "is_translator": false, "follow_request_sent": false, "screen_name": "PeterPaschal7", "profile_sidebar_fill_color": "DDEEF6", "statuses_count": 15330, "favourites_count": 8161, "description": "#AllCatPack", "followers_count": 248, "id": 352125063, "time_zone": "Mountain Time (US & Canada)", "friends_count": 167, "profile_background_image_url_https": "https://abs.twimg.com/images/themes/theme1/bg.png", "url": "http://t.co/BrHAueRfpy", "utc_offset": -21600, "is_translation_enabled": false, "protected": false, "created_at": "Wed Aug 10 05:27:37 +0000 2011", "default_profile": true, "geo_enabled": false, "profile_text_color": "333333", "following": false}
2017-10-18T08:00:03.062973	{"entities": {"url": {"urls": [{"display_url": "page.is/peter-paschal", "url": "http://t.co/BrHAueRfpy", "indices": [0, 22], "expanded_url": "http://page.is/peter-paschal"}]}, "description": {"urls": []}}, "url": "http://t.co/BrHAueRfpy", "status": {"entities": {"user_mentions": [{"indices": [0, 9], "screen_name": "Josway88", "id": 278227697, "id_str": "278227697", "name": "Jose Cerna"}], "symbols": [], "urls": [], "hashtags": []}, "in_reply_to_screen_name": "Josway88", "is_quote_status": false, "favorite_count": 0, "in_reply_to_user_id": 278227697, "in_reply_to_user_id_str": "278227697", "geo": null, "truncated": false, "lang": "und", "in_reply_to_status_id": 920464922131042304, "retweeted": false, "source": "<a href=\"http://twitter.com\" rel=\"nofollow\">Twitter Web Client</a>", "id": 920465148107677696, "text": "@Josway88 won", "in_reply_to_status_id_str": "920464922131042304", "created_at": "Wed Oct 18 01:42:47 +0000 2017", "favorited": false, "id_str": "920465148107677696", "coordinates": null, "contributors": null, "retweet_count": 0, "place": null}, "location": "Nashville, TN", "profile_background_image_url_https": "https://abs.twimg.com/images/themes/theme1/bg.png", "lang": "en", "profile_text_color": "333333", "utc_offset": -21600, "listed_count": 31, "default_profile": true, "profile_background_tile": false, "followers_count": 248, "contributors_enabled": false, "friends_count": 167, "profile_image_url": "http://pbs.twimg.com/profile_images/782012739271000064/u5c4S9Sc_normal.jpg", "following": false, "follow_request_sent": false, "profile_background_image_url": "http://abs.twimg.com/images/themes/theme1/bg.png", "id_str": "352125063", "statuses_count": 15330, "name": "Peter Paschal", "is_translator": false, "profile_use_background_image": true, "profile_background_color": "C0DEED", "description": "#AllCatPack", "created_at": "Wed Aug 10 05:27:37 +0000 2011", "protected": false, "profile_image_url_https": "https://pbs.twimg.com/profile_images/782012739271000064/u5c4S9Sc_normal.jpg", "has_extended_profile": true, "translator_type": "none", "screen_name": "PeterPaschal7", "id": 352125063, "time_zone": "Mountain Time (US & Canada)", "verified": false, "profile_sidebar_fill_color": "DDEEF6", "profile_link_color": "1DA1F2", "favourites_count": 8161, "default_profile_image": false, "geo_enabled": false, "profile_sidebar_border_color": "C0DEED", "notifications": false, "is_translation_enabled": false}
2017-10-18T09:00:03.141998	{"follow_request_sent": false, "time_zone": "Mountain Time (US & Canada)", "favourites_count": 8161, "profile_background_image_url": "http://abs.twimg.com/images/themes/theme1/bg.png", "profile_use_background_image": true, "friends_count": 167, "lang": "en", "default_profile": true, "profile_sidebar_border_color": "C0DEED", "profile_background_image_url_https": "https://abs.twimg.com/images/themes/theme1/bg.png", "screen_name": "PeterPaschal7", "notifications": false, "entities": {"url": {"urls": [{"url": "http://t.co/BrHAueRfpy", "indices": [0, 22], "display_url": "page.is/peter-paschal", "expanded_url": "http://page.is/peter-paschal"}]}, "description": {"urls": []}}, "geo_enabled": false, "description": "#AllCatPack", "status": {"retweeted": false, "truncated": false, "lang": "und", "coordinates": null, "entities": {"hashtags": [], "urls": [], "user_mentions": [{"id_str": "278227697", "indices": [0, 9], "name": "Jose Cerna", "id": 278227697, "screen_name": "Josway88"}], "symbols": []}, "id": 920465148107677696, "in_reply_to_status_id_str": "920464922131042304", "text": "@Josway88 won", "source": "<a href=\"http://twitter.com\" rel=\"nofollow\">Twitter Web Client</a>", "in_reply_to_status_id": 920464922131042304, "favorite_count": 0, "retweet_count": 0, "in_reply_to_screen_name": "Josway88", "id_str": "920465148107677696", "created_at": "Wed Oct 18 01:42:47 +0000 2017", "contributors": null, "favorited": false, "is_quote_status": false, "geo": null, "in_reply_to_user_id": 278227697, "in_reply_to_user_id_str": "278227697", "place": null}, "id": 352125063, "profile_background_color": "C0DEED", "is_translator": false, "listed_count": 31, "name": "Peter Paschal", "verified": false, "has_extended_profile": true, "protected": false, "profile_background_tile": false, "utc_offset": -21600, "translator_type": "none", "location": "Nashville, TN", "id_str": "352125063", "default_profile_image": false, "following": false, "created_at": "Wed Aug 10 05:27:37 +0000 2011", "profile_image_url": "http://pbs.twimg.com/profile_images/782012739271000064/u5c4S9Sc_normal.jpg", "url": "http://t.co/BrHAueRfpy", "statuses_count": 15330, "followers_count": 248, "profile_sidebar_fill_color": "DDEEF6", "is_translation_enabled": false, "profile_image_url_https": "https://pbs.twimg.com/profile_images/782012739271000064/u5c4S9Sc_normal.jpg", "contributors_enabled": false, "profile_link_color": "1DA1F2", "profile_text_color": "333333"}
2017-10-18T10:00:02.432002	{"followers_count": 248, "listed_count": 31, "profile_link_color": "1DA1F2", "statuses_count": 15330, "profile_background_image_url": "http://abs.twimg.com/images/themes/theme1/bg.png", "utc_offset": -21600, "following": false, "verified": false, "notifications": false, "time_zone": "Mountain Time (US & Canada)", "lang": "en", "contributors_enabled": false, "location": "Nashville, TN", "profile_background_tile": false, "id": 352125063, "protected": false, "default_profile_image": false, "description": "#AllCatPack", "profile_sidebar_border_color": "C0DEED", "translator_type": "none", "screen_name": "PeterPaschal7", "profile_image_url": "http://pbs.twimg.com/profile_images/782012739271000064/u5c4S9Sc_normal.jpg", "created_at": "Wed Aug 10 05:27:37 +0000 2011", "favourites_count": 8161, "profile_image_url_https": "https://pbs.twimg.com/profile_images/782012739271000064/u5c4S9Sc_normal.jpg", "entities": {"description": {"urls": []}, "url": {"urls": [{"indices": [0, 22], "url": "http://t.co/BrHAueRfpy", "expanded_url": "http://page.is/peter-paschal", "display_url": "page.is/peter-paschal"}]}}, "id_str": "352125063", "profile_background_image_url_https": "https://abs.twimg.com/images/themes/theme1/bg.png", "geo_enabled": false, "profile_use_background_image": true, "is_translator": false, "name": "Peter Paschal", "has_extended_profile": true, "friends_count": 167, "profile_background_color": "C0DEED", "default_profile": true, "is_translation_enabled": false, "follow_request_sent": false, "status": {"in_reply_to_status_id_str": "920464922131042304", "contributors": null, "place": null, "lang": "und", "text": "@Josway88 won", "truncated": false, "in_reply_to_screen_name": "Josway88", "id": 920465148107677696, "favorite_count": 0, "geo": null, "is_quote_status": false, "retweeted": false, "created_at": "Wed Oct 18 01:42:47 +0000 2017", "in_reply_to_status_id": 920464922131042304, "favorited": false, "entities": {"user_mentions": [{"screen_name": "Josway88", "id_str": "278227697", "id": 278227697, "indices": [0, 9], "name": "Jose Cerna"}], "symbols": [], "hashtags": [], "urls": []}, "id_str": "920465148107677696", "coordinates": null, "in_reply_to_user_id": 278227697, "retweet_count": 0, "in_reply_to_user_id_str": "278227697", "source": "<a href=\"http://twitter.com\" rel=\"nofollow\">Twitter Web Client</a>"}, "profile_sidebar_fill_color": "DDEEF6", "url": "http://t.co/BrHAueRfpy", "profile_text_color": "333333"}
2017-10-18T11:00:02.987931	{"entities": {"url": {"urls": [{"indices": [0, 22], "url": "http://t.co/BrHAueRfpy", "display_url": "page.is/peter-paschal", "expanded_url": "http://page.is/peter-paschal"}]}, "description": {"urls": []}}, "profile_background_image_url": "http://abs.twimg.com/images/themes/theme1/bg.png", "geo_enabled": false, "followers_count": 248, "lang": "en", "is_translation_enabled": false, "name": "Peter Paschal", "following": false, "profile_image_url": "http://pbs.twimg.com/profile_images/782012739271000064/u5c4S9Sc_normal.jpg", "profile_sidebar_fill_color": "DDEEF6", "profile_link_color": "1DA1F2", "statuses_count": 15330, "notifications": false, "profile_image_url_https": "https://pbs.twimg.com/profile_images/782012739271000064/u5c4S9Sc_normal.jpg", "verified": false, "description": "#AllCatPack", "id": 352125063, "default_profile": true, "profile_background_tile": false, "profile_text_color": "333333", "location": "Nashville, TN", "created_at": "Wed Aug 10 05:27:37 +0000 2011", "protected": false, "friends_count": 167, "profile_use_background_image": true, "follow_request_sent": false, "status": {"entities": {"symbols": [], "user_mentions": [{"id_str": "278227697", "id": 278227697, "screen_name": "Josway88", "name": "Jose Cerna", "indices": [0, 9]}], "hashtags": [], "urls": []}, "retweet_count": 0, "in_reply_to_status_id_str": "920464922131042304", "source": "<a href=\"http://twitter.com\" rel=\"nofollow\">Twitter Web Client</a>", "lang": "und", "text": "@Josway88 won", "in_reply_to_user_id": 278227697, "favorite_count": 0, "id": 920465148107677696, "created_at": "Wed Oct 18 01:42:47 +0000 2017", "favorited": false, "contributors": null, "geo": null, "coordinates": null, "truncated": false, "retweeted": false, "id_str": "920465148107677696", "in_reply_to_status_id": 920464922131042304, "place": null, "in_reply_to_screen_name": "Josway88", "in_reply_to_user_id_str": "278227697", "is_quote_status": false}, "time_zone": "Mountain Time (US & Canada)", "listed_count": 31, "is_translator": false, "id_str": "352125063", "profile_background_color": "C0DEED", "screen_name": "PeterPaschal7", "translator_type": "none", "utc_offset": -21600, "has_extended_profile": true, "contributors_enabled": false, "favourites_count": 8161, "url": "http://t.co/BrHAueRfpy", "profile_sidebar_border_color": "C0DEED", "default_profile_image": false, "profile_background_image_url_https": "https://abs.twimg.com/images/themes/theme1/bg.png"}
