2017-11-10T00:00:05.162936	{"profile_image_url_https": "https://pbs.twimg.com/profile_images/642336006935547904/YabimARi_normal.jpg", "has_extended_profile": false, "profile_sidebar_border_color": "C0DEED", "profile_background_image_url": "http://abs.twimg.com/images/themes/theme1/bg.png", "friends_count": 84, "time_zone": "Pacific Time (US & Canada)", "profile_sidebar_fill_color": "DDEEF6", "profile_background_image_url_https": "https://abs.twimg.com/images/themes/theme1/bg.png", "name": "crypto4all", "id_str": "3576375141", "url": null, "screen_name": "rob2010svk", "is_translator": false, "geo_enabled": false, "status": {"in_reply_to_screen_name": "LeifHanson7", "in_reply_to_status_id_str": "928442491711434752", "place": null, "in_reply_to_user_id_str": "818993792808194049", "favorite_count": 0, "id_str": "928766503398395904", "source": "<a href=\"http://twitter.com/download/android\" rel=\"nofollow\">Twitter for Android</a>", "contributors": null, "in_reply_to_user_id": 818993792808194049, "retweeted": false, "text": "@LeifHanson7 @MAGA_45_Rules @DukeReeder @JoAnnaLynn1 @JazBenz @GiannaMiceli im not trump`s fanboy, but you are just\u2026 https://t.co/mzcVFcqskK", "truncated": true, "is_quote_status": false, "id": 928766503398395904, "geo": null, "entities": {"symbols": [], "hashtags": [], "user_mentions": [{"id": 818993792808194049, "screen_name": "LeifHanson7", "indices": [0, 12], "name": "Leif Hanson", "id_str": "818993792808194049"}, {"id": 894978746075275268, "screen_name": "MAGA_45_Rules", "indices": [13, 27], "name": "MAGA_45_Rules", "id_str": "894978746075275268"}, {"id": 310304438, "screen_name": "DukeReeder", "indices": [28, 39], "name": "America the free!", "id_str": "310304438"}, {"id": 333790458, "screen_name": "JoAnnaLynn1", "indices": [40, 52], "name": "Jojo Lynn", "id_str": "333790458"}, {"id": 24719584, "screen_name": "JazBenz", "indices": [53, 61], "name": "Jaz", "id_str": "24719584"}, {"id": 168760714, "screen_name": "GiannaMiceli", "indices": [62, 75], "name": "Gianna \ud83c\uddfa\ud83c\uddf8", "id_str": "168760714"}], "urls": [{"url": "https://t.co/mzcVFcqskK", "indices": [117, 140], "display_url": "twitter.com/i/web/status/9\u2026", "expanded_url": "https://twitter.com/i/web/status/928766503398395904"}]}, "in_reply_to_status_id": 928442491711434752, "lang": "en", "retweet_count": 0, "favorited": false, "coordinates": null, "created_at": "Thu Nov 09 23:29:24 +0000 2017"}, "default_profile_image": false, "favourites_count": 798, "profile_text_color": "333333", "profile_use_background_image": true, "id": 3576375141, "translator_type": "none", "location": "", "default_profile": true, "profile_background_tile": false, "listed_count": 0, "profile_background_color": "C0DEED", "verified": false, "contributors_enabled": false, "is_translation_enabled": false, "following": false, "entities": {"description": {"urls": []}}, "protected": false, "lang": "en", "statuses_count": 257, "follow_request_sent": false, "profile_image_url": "http://pbs.twimg.com/profile_images/642336006935547904/YabimARi_normal.jpg", "utc_offset": -28800, "followers_count": 21, "notifications": false, "created_at": "Mon Sep 07 11:33:11 +0000 2015", "profile_link_color": "1DA1F2", "description": ""}
2017-11-10T01:00:04.464232	{"id_str": "3576375141", "default_profile": true, "protected": false, "is_translation_enabled": false, "followers_count": 22, "statuses_count": 257, "profile_image_url_https": "https://pbs.twimg.com/profile_images/642336006935547904/YabimARi_normal.jpg", "following": false, "friends_count": 84, "created_at": "Mon Sep 07 11:33:11 +0000 2015", "screen_name": "rob2010svk", "description": "", "profile_sidebar_fill_color": "DDEEF6", "id": 3576375141, "notifications": false, "name": "crypto4all", "verified": false, "listed_count": 0, "entities": {"description": {"urls": []}}, "profile_link_color": "1DA1F2", "profile_background_image_url": "http://abs.twimg.com/images/themes/theme1/bg.png", "profile_background_image_url_https": "https://abs.twimg.com/images/themes/theme1/bg.png", "utc_offset": -28800, "geo_enabled": false, "has_extended_profile": false, "profile_image_url": "http://pbs.twimg.com/profile_images/642336006935547904/YabimARi_normal.jpg", "profile_text_color": "333333", "status": {"retweet_count": 0, "id_str": "928766503398395904", "is_quote_status": false, "source": "<a href=\"http://twitter.com/download/android\" rel=\"nofollow\">Twitter for Android</a>", "in_reply_to_user_id_str": "818993792808194049", "created_at": "Thu Nov 09 23:29:24 +0000 2017", "in_reply_to_status_id_str": "928442491711434752", "in_reply_to_user_id": 818993792808194049, "place": null, "id": 928766503398395904, "text": "@LeifHanson7 @MAGA_45_Rules @DukeReeder @JoAnnaLynn1 @JazBenz @GiannaMiceli im not trump`s fanboy, but you are just\u2026 https://t.co/mzcVFcqskK", "entities": {"symbols": [], "user_mentions": [{"name": "Leif Hanson", "indices": [0, 12], "id": 818993792808194049, "screen_name": "LeifHanson7", "id_str": "818993792808194049"}, {"name": "MAGA_45_Rules", "indices": [13, 27], "id": 894978746075275268, "screen_name": "MAGA_45_Rules", "id_str": "894978746075275268"}, {"name": "America the free!", "indices": [28, 39], "id": 310304438, "screen_name": "DukeReeder", "id_str": "310304438"}, {"name": "Jojo Lynn", "indices": [40, 52], "id": 333790458, "screen_name": "JoAnnaLynn1", "id_str": "333790458"}, {"name": "Jaz", "indices": [53, 61], "id": 24719584, "screen_name": "JazBenz", "id_str": "24719584"}, {"name": "Gianna \ud83c\uddfa\ud83c\uddf8", "indices": [62, 75], "id": 168760714, "screen_name": "GiannaMiceli", "id_str": "168760714"}], "urls": [{"display_url": "twitter.com/i/web/status/9\u2026", "expanded_url": "https://twitter.com/i/web/status/928766503398395904", "indices": [117, 140], "url": "https://t.co/mzcVFcqskK"}], "hashtags": []}, "favorited": false, "coordinates": null, "in_reply_to_status_id": 928442491711434752, "contributors": null, "retweeted": false, "favorite_count": 0, "in_reply_to_screen_name": "LeifHanson7", "truncated": true, "lang": "en", "geo": null}, "follow_request_sent": false, "url": null, "favourites_count": 798, "lang": "en", "is_translator": false, "location": "", "profile_background_color": "C0DEED", "profile_use_background_image": true, "profile_background_tile": false, "time_zone": "Pacific Time (US & Canada)", "translator_type": "none", "profile_sidebar_border_color": "C0DEED", "contributors_enabled": false, "default_profile_image": false}
2017-11-10T02:00:04.337713	{"contributors_enabled": false, "utc_offset": -28800, "profile_text_color": "333333", "screen_name": "rob2010svk", "is_translator": false, "favourites_count": 798, "description": "", "created_at": "Mon Sep 07 11:33:11 +0000 2015", "translator_type": "none", "default_profile": true, "id_str": "3576375141", "id": 3576375141, "geo_enabled": false, "profile_background_image_url": "http://abs.twimg.com/images/themes/theme1/bg.png", "verified": false, "listed_count": 0, "notifications": false, "statuses_count": 257, "default_profile_image": false, "profile_link_color": "1DA1F2", "profile_sidebar_border_color": "C0DEED", "profile_background_color": "C0DEED", "name": "crypto4all", "follow_request_sent": false, "time_zone": "Pacific Time (US & Canada)", "url": null, "profile_background_image_url_https": "https://abs.twimg.com/images/themes/theme1/bg.png", "profile_background_tile": false, "followers_count": 22, "profile_use_background_image": true, "has_extended_profile": false, "profile_image_url_https": "https://pbs.twimg.com/profile_images/642336006935547904/YabimARi_normal.jpg", "entities": {"description": {"urls": []}}, "is_translation_enabled": false, "status": {"text": "@LeifHanson7 @MAGA_45_Rules @DukeReeder @JoAnnaLynn1 @JazBenz @GiannaMiceli im not trump`s fanboy, but you are just\u2026 https://t.co/mzcVFcqskK", "favorited": false, "is_quote_status": false, "created_at": "Thu Nov 09 23:29:24 +0000 2017", "truncated": true, "in_reply_to_screen_name": "LeifHanson7", "id_str": "928766503398395904", "id": 928766503398395904, "contributors": null, "retweet_count": 0, "geo": null, "place": null, "in_reply_to_user_id_str": "818993792808194049", "in_reply_to_user_id": 818993792808194049, "retweeted": false, "coordinates": null, "entities": {"user_mentions": [{"id": 818993792808194049, "id_str": "818993792808194049", "screen_name": "LeifHanson7", "indices": [0, 12], "name": "Leif Hanson"}, {"id": 894978746075275268, "id_str": "894978746075275268", "screen_name": "MAGA_45_Rules", "indices": [13, 27], "name": "MAGA_45_Rules"}, {"id": 310304438, "id_str": "310304438", "screen_name": "DukeReeder", "indices": [28, 39], "name": "America the free!"}, {"id": 333790458, "id_str": "333790458", "screen_name": "JoAnnaLynn1", "indices": [40, 52], "name": "Jojo Lynn"}, {"id": 24719584, "id_str": "24719584", "screen_name": "JazBenz", "indices": [53, 61], "name": "Jaz"}, {"id": 168760714, "id_str": "168760714", "screen_name": "GiannaMiceli", "indices": [62, 75], "name": "Gianna \ud83c\uddfa\ud83c\uddf8"}], "symbols": [], "urls": [{"expanded_url": "https://twitter.com/i/web/status/928766503398395904", "display_url": "twitter.com/i/web/status/9\u2026", "indices": [117, 140], "url": "https://t.co/mzcVFcqskK"}], "hashtags": []}, "in_reply_to_status_id_str": "928442491711434752", "in_reply_to_status_id": 928442491711434752, "source": "<a href=\"http://twitter.com/download/android\" rel=\"nofollow\">Twitter for Android</a>", "lang": "en", "favorite_count": 0}, "location": "", "friends_count": 84, "profile_image_url": "http://pbs.twimg.com/profile_images/642336006935547904/YabimARi_normal.jpg", "protected": false, "following": false, "lang": "en", "profile_sidebar_fill_color": "DDEEF6"}
2017-11-10T03:00:05.592309	{"location": "", "listed_count": 0, "utc_offset": -28800, "favourites_count": 798, "name": "crypto4all", "profile_image_url": "http://pbs.twimg.com/profile_images/642336006935547904/YabimARi_normal.jpg", "profile_text_color": "333333", "time_zone": "Pacific Time (US & Canada)", "created_at": "Mon Sep 07 11:33:11 +0000 2015", "description": "", "profile_link_color": "1DA1F2", "screen_name": "rob2010svk", "is_translation_enabled": false, "profile_background_color": "C0DEED", "url": null, "entities": {"description": {"urls": []}}, "friends_count": 84, "notifications": false, "geo_enabled": false, "following": false, "lang": "en", "contributors_enabled": false, "has_extended_profile": false, "profile_background_image_url": "http://abs.twimg.com/images/themes/theme1/bg.png", "default_profile_image": false, "profile_use_background_image": true, "verified": false, "id_str": "3576375141", "is_translator": false, "default_profile": true, "statuses_count": 257, "followers_count": 22, "profile_image_url_https": "https://pbs.twimg.com/profile_images/642336006935547904/YabimARi_normal.jpg", "protected": false, "profile_sidebar_fill_color": "DDEEF6", "id": 3576375141, "translator_type": "none", "profile_background_image_url_https": "https://abs.twimg.com/images/themes/theme1/bg.png", "follow_request_sent": false, "profile_sidebar_border_color": "C0DEED", "profile_background_tile": false, "status": {"text": "@LeifHanson7 @MAGA_45_Rules @DukeReeder @JoAnnaLynn1 @JazBenz @GiannaMiceli im not trump`s fanboy, but you are just\u2026 https://t.co/mzcVFcqskK", "entities": {"hashtags": [], "symbols": [], "user_mentions": [{"name": "Leif Hanson", "id": 818993792808194049, "indices": [0, 12], "id_str": "818993792808194049", "screen_name": "LeifHanson7"}, {"name": "MAGA_45_Rules", "id": 894978746075275268, "indices": [13, 27], "id_str": "894978746075275268", "screen_name": "MAGA_45_Rules"}, {"name": "America the free!", "id": 310304438, "indices": [28, 39], "id_str": "310304438", "screen_name": "DukeReeder"}, {"name": "Jojo Lynn", "id": 333790458, "indices": [40, 52], "id_str": "333790458", "screen_name": "JoAnnaLynn1"}, {"name": "Jaz", "id": 24719584, "indices": [53, 61], "id_str": "24719584", "screen_name": "JazBenz"}, {"name": "Gianna \ud83c\uddfa\ud83c\uddf8", "id": 168760714, "indices": [62, 75], "id_str": "168760714", "screen_name": "GiannaMiceli"}], "urls": [{"display_url": "twitter.com/i/web/status/9\u2026", "url": "https://t.co/mzcVFcqskK", "expanded_url": "https://twitter.com/i/web/status/928766503398395904", "indices": [117, 140]}]}, "source": "<a href=\"http://twitter.com/download/android\" rel=\"nofollow\">Twitter for Android</a>", "in_reply_to_status_id": 928442491711434752, "created_at": "Thu Nov 09 23:29:24 +0000 2017", "truncated": true, "favorited": false, "retweet_count": 0, "lang": "en", "coordinates": null, "geo": null, "in_reply_to_user_id_str": "818993792808194049", "in_reply_to_screen_name": "LeifHanson7", "in_reply_to_user_id": 818993792808194049, "id_str": "928766503398395904", "favorite_count": 0, "in_reply_to_status_id_str": "928442491711434752", "is_quote_status": false, "id": 928766503398395904, "place": null, "retweeted": false, "contributors": null}}
2017-11-10T04:00:05.052365	{"time_zone": "Pacific Time (US & Canada)", "follow_request_sent": false, "favourites_count": 798, "entities": {"description": {"urls": []}}, "friends_count": 84, "url": null, "profile_sidebar_fill_color": "DDEEF6", "profile_background_image_url": "http://abs.twimg.com/images/themes/theme1/bg.png", "lang": "en", "profile_text_color": "333333", "profile_background_color": "C0DEED", "name": "crypto4all", "profile_image_url": "http://pbs.twimg.com/profile_images/642336006935547904/YabimARi_normal.jpg", "id_str": "3576375141", "statuses_count": 257, "description": "", "translator_type": "none", "profile_background_image_url_https": "https://abs.twimg.com/images/themes/theme1/bg.png", "contributors_enabled": false, "id": 3576375141, "is_translation_enabled": false, "default_profile_image": false, "geo_enabled": false, "profile_link_color": "1DA1F2", "profile_sidebar_border_color": "C0DEED", "default_profile": true, "notifications": false, "utc_offset": -28800, "verified": false, "created_at": "Mon Sep 07 11:33:11 +0000 2015", "following": false, "profile_background_tile": false, "followers_count": 21, "is_translator": false, "listed_count": 0, "profile_image_url_https": "https://pbs.twimg.com/profile_images/642336006935547904/YabimARi_normal.jpg", "screen_name": "rob2010svk", "status": {"retweet_count": 0, "coordinates": null, "entities": {"hashtags": [], "symbols": [], "user_mentions": [{"name": "Leif Hanson", "id": 818993792808194049, "indices": [0, 12], "screen_name": "LeifHanson7", "id_str": "818993792808194049"}, {"name": "MAGA_45_Rules", "id": 894978746075275268, "indices": [13, 27], "screen_name": "MAGA_45_Rules", "id_str": "894978746075275268"}, {"name": "America the free!", "id": 310304438, "indices": [28, 39], "screen_name": "DukeReeder", "id_str": "310304438"}, {"name": "Jojo Lynn", "id": 333790458, "indices": [40, 52], "screen_name": "JoAnnaLynn1", "id_str": "333790458"}, {"name": "Jaz", "id": 24719584, "indices": [53, 61], "screen_name": "JazBenz", "id_str": "24719584"}, {"name": "Gianna \ud83c\uddfa\ud83c\uddf8", "id": 168760714, "indices": [62, 75], "screen_name": "GiannaMiceli", "id_str": "168760714"}], "urls": [{"display_url": "twitter.com/i/web/status/9\u2026", "url": "https://t.co/mzcVFcqskK", "indices": [117, 140], "expanded_url": "https://twitter.com/i/web/status/928766503398395904"}]}, "lang": "en", "text": "@LeifHanson7 @MAGA_45_Rules @DukeReeder @JoAnnaLynn1 @JazBenz @GiannaMiceli im not trump`s fanboy, but you are just\u2026 https://t.co/mzcVFcqskK", "favorite_count": 0, "in_reply_to_user_id": 818993792808194049, "id_str": "928766503398395904", "in_reply_to_status_id": 928442491711434752, "source": "<a href=\"http://twitter.com/download/android\" rel=\"nofollow\">Twitter for Android</a>", "id": 928766503398395904, "geo": null, "is_quote_status": false, "in_reply_to_status_id_str": "928442491711434752", "contributors": null, "place": null, "created_at": "Thu Nov 09 23:29:24 +0000 2017", "truncated": true, "in_reply_to_user_id_str": "818993792808194049", "in_reply_to_screen_name": "LeifHanson7", "favorited": false, "retweeted": false}, "has_extended_profile": false, "protected": false, "location": "", "profile_use_background_image": true}
2017-11-10T05:00:04.345435	{"profile_use_background_image": true, "contributors_enabled": false, "lang": "en", "protected": false, "entities": {"description": {"urls": []}}, "followers_count": 21, "profile_link_color": "1DA1F2", "default_profile_image": false, "profile_text_color": "333333", "profile_sidebar_border_color": "C0DEED", "description": "", "profile_background_image_url": "http://abs.twimg.com/images/themes/theme1/bg.png", "verified": false, "id": 3576375141, "profile_image_url_https": "https://pbs.twimg.com/profile_images/642336006935547904/YabimARi_normal.jpg", "friends_count": 84, "utc_offset": -28800, "statuses_count": 257, "profile_image_url": "http://pbs.twimg.com/profile_images/642336006935547904/YabimARi_normal.jpg", "id_str": "3576375141", "translator_type": "none", "favourites_count": 798, "is_translator": false, "time_zone": "Pacific Time (US & Canada)", "has_extended_profile": false, "following": false, "profile_background_tile": false, "name": "crypto4all", "geo_enabled": false, "created_at": "Mon Sep 07 11:33:11 +0000 2015", "status": {"truncated": true, "in_reply_to_screen_name": "LeifHanson7", "contributors": null, "text": "@LeifHanson7 @MAGA_45_Rules @DukeReeder @JoAnnaLynn1 @JazBenz @GiannaMiceli im not trump`s fanboy, but you are just\u2026 https://t.co/mzcVFcqskK", "entities": {"user_mentions": [{"name": "Leif Hanson", "id": 818993792808194049, "id_str": "818993792808194049", "indices": [0, 12], "screen_name": "LeifHanson7"}, {"name": "MAGA_45_Rules", "id": 894978746075275268, "id_str": "894978746075275268", "indices": [13, 27], "screen_name": "MAGA_45_Rules"}, {"name": "America the free!", "id": 310304438, "id_str": "310304438", "indices": [28, 39], "screen_name": "DukeReeder"}, {"name": "Jojo Lynn", "id": 333790458, "id_str": "333790458", "indices": [40, 52], "screen_name": "JoAnnaLynn1"}, {"name": "Jaz", "id": 24719584, "id_str": "24719584", "indices": [53, 61], "screen_name": "JazBenz"}, {"name": "Gianna \ud83c\uddfa\ud83c\uddf8", "id": 168760714, "id_str": "168760714", "indices": [62, 75], "screen_name": "GiannaMiceli"}], "symbols": [], "hashtags": [], "urls": [{"expanded_url": "https://twitter.com/i/web/status/928766503398395904", "indices": [117, 140], "display_url": "twitter.com/i/web/status/9\u2026", "url": "https://t.co/mzcVFcqskK"}]}, "lang": "en", "place": null, "source": "<a href=\"http://twitter.com/download/android\" rel=\"nofollow\">Twitter for Android</a>", "id": 928766503398395904, "in_reply_to_status_id_str": "928442491711434752", "in_reply_to_status_id": 928442491711434752, "retweeted": false, "id_str": "928766503398395904", "in_reply_to_user_id": 818993792808194049, "coordinates": null, "in_reply_to_user_id_str": "818993792808194049", "geo": null, "is_quote_status": false, "favorite_count": 0, "created_at": "Thu Nov 09 23:29:24 +0000 2017", "retweet_count": 0, "favorited": false}, "listed_count": 0, "notifications": false, "profile_background_image_url_https": "https://abs.twimg.com/images/themes/theme1/bg.png", "profile_sidebar_fill_color": "DDEEF6", "screen_name": "rob2010svk", "url": null, "location": "", "default_profile": true, "follow_request_sent": false, "is_translation_enabled": false, "profile_background_color": "C0DEED"}
2017-11-10T06:00:04.739363	{"location": "", "url": null, "status": {"contributors": null, "id": 928766503398395904, "retweeted": false, "truncated": true, "in_reply_to_user_id_str": "818993792808194049", "in_reply_to_user_id": 818993792808194049, "lang": "en", "id_str": "928766503398395904", "favorited": false, "place": null, "retweet_count": 0, "coordinates": null, "entities": {"hashtags": [], "user_mentions": [{"screen_name": "LeifHanson7", "indices": [0, 12], "id": 818993792808194049, "name": "Leif Hanson", "id_str": "818993792808194049"}, {"screen_name": "MAGA_45_Rules", "indices": [13, 27], "id": 894978746075275268, "name": "MAGA_45_Rules", "id_str": "894978746075275268"}, {"screen_name": "DukeReeder", "indices": [28, 39], "id": 310304438, "name": "America the free!", "id_str": "310304438"}, {"screen_name": "JoAnnaLynn1", "indices": [40, 52], "id": 333790458, "name": "Jojo Lynn", "id_str": "333790458"}, {"screen_name": "JazBenz", "indices": [53, 61], "id": 24719584, "name": "Jaz", "id_str": "24719584"}, {"screen_name": "GiannaMiceli", "indices": [62, 75], "id": 168760714, "name": "Gianna \ud83c\uddfa\ud83c\uddf8", "id_str": "168760714"}], "urls": [{"url": "https://t.co/mzcVFcqskK", "expanded_url": "https://twitter.com/i/web/status/928766503398395904", "display_url": "twitter.com/i/web/status/9\u2026", "indices": [117, 140]}], "symbols": []}, "geo": null, "in_reply_to_screen_name": "LeifHanson7", "text": "@LeifHanson7 @MAGA_45_Rules @DukeReeder @JoAnnaLynn1 @JazBenz @GiannaMiceli im not trump`s fanboy, but you are just\u2026 https://t.co/mzcVFcqskK", "in_reply_to_status_id_str": "928442491711434752", "in_reply_to_status_id": 928442491711434752, "source": "<a href=\"http://twitter.com/download/android\" rel=\"nofollow\">Twitter for Android</a>", "favorite_count": 0, "is_quote_status": false, "created_at": "Thu Nov 09 23:29:24 +0000 2017"}, "id": 3576375141, "statuses_count": 257, "has_extended_profile": false, "is_translation_enabled": false, "profile_background_image_url": "http://abs.twimg.com/images/themes/theme1/bg.png", "lang": "en", "profile_sidebar_fill_color": "DDEEF6", "profile_use_background_image": true, "contributors_enabled": false, "geo_enabled": false, "id_str": "3576375141", "screen_name": "rob2010svk", "listed_count": 0, "friends_count": 84, "profile_text_color": "333333", "profile_background_color": "C0DEED", "notifications": false, "utc_offset": -28800, "profile_image_url": "http://pbs.twimg.com/profile_images/642336006935547904/YabimARi_normal.jpg", "translator_type": "none", "entities": {"description": {"urls": []}}, "protected": false, "name": "crypto4all", "profile_image_url_https": "https://pbs.twimg.com/profile_images/642336006935547904/YabimARi_normal.jpg", "is_translator": false, "profile_background_tile": false, "profile_background_image_url_https": "https://abs.twimg.com/images/themes/theme1/bg.png", "following": false, "followers_count": 21, "follow_request_sent": false, "default_profile_image": false, "verified": false, "description": "", "profile_sidebar_border_color": "C0DEED", "profile_link_color": "1DA1F2", "default_profile": true, "favourites_count": 798, "created_at": "Mon Sep 07 11:33:11 +0000 2015", "time_zone": "Pacific Time (US & Canada)"}
2017-11-10T07:00:04.577175	{"follow_request_sent": false, "protected": false, "id_str": "3576375141", "is_translator": false, "description": "", "profile_sidebar_border_color": "C0DEED", "url": null, "is_translation_enabled": false, "translator_type": "none", "profile_use_background_image": true, "verified": false, "utc_offset": -28800, "default_profile": true, "profile_sidebar_fill_color": "DDEEF6", "has_extended_profile": false, "profile_image_url": "http://pbs.twimg.com/profile_images/642336006935547904/YabimARi_normal.jpg", "created_at": "Mon Sep 07 11:33:11 +0000 2015", "entities": {"description": {"urls": []}}, "profile_background_color": "C0DEED", "location": "", "screen_name": "rob2010svk", "profile_background_tile": false, "name": "crypto4all", "profile_background_image_url": "http://abs.twimg.com/images/themes/theme1/bg.png", "following": false, "id": 3576375141, "profile_link_color": "1DA1F2", "statuses_count": 257, "favourites_count": 798, "profile_text_color": "333333", "profile_background_image_url_https": "https://abs.twimg.com/images/themes/theme1/bg.png", "friends_count": 84, "listed_count": 0, "status": {"id_str": "928766503398395904", "in_reply_to_user_id": 818993792808194049, "favorited": false, "geo": null, "in_reply_to_status_id": 928442491711434752, "truncated": true, "retweet_count": 0, "favorite_count": 0, "in_reply_to_status_id_str": "928442491711434752", "created_at": "Thu Nov 09 23:29:24 +0000 2017", "entities": {"symbols": [], "user_mentions": [{"id": 818993792808194049, "name": "Leif Hanson", "id_str": "818993792808194049", "indices": [0, 12], "screen_name": "LeifHanson7"}, {"id": 894978746075275268, "name": "MAGA_45_Rules", "id_str": "894978746075275268", "indices": [13, 27], "screen_name": "MAGA_45_Rules"}, {"id": 310304438, "name": "America the free!", "id_str": "310304438", "indices": [28, 39], "screen_name": "DukeReeder"}, {"id": 333790458, "name": "Jojo Lynn", "id_str": "333790458", "indices": [40, 52], "screen_name": "JoAnnaLynn1"}, {"id": 24719584, "name": "Jaz", "id_str": "24719584", "indices": [53, 61], "screen_name": "JazBenz"}, {"id": 168760714, "name": "Gianna \ud83c\uddfa\ud83c\uddf8", "id_str": "168760714", "indices": [62, 75], "screen_name": "GiannaMiceli"}], "urls": [{"url": "https://t.co/mzcVFcqskK", "indices": [117, 140], "display_url": "twitter.com/i/web/status/9\u2026", "expanded_url": "https://twitter.com/i/web/status/928766503398395904"}], "hashtags": []}, "contributors": null, "text": "@LeifHanson7 @MAGA_45_Rules @DukeReeder @JoAnnaLynn1 @JazBenz @GiannaMiceli im not trump`s fanboy, but you are just\u2026 https://t.co/mzcVFcqskK", "id": 928766503398395904, "in_reply_to_screen_name": "LeifHanson7", "coordinates": null, "place": null, "retweeted": false, "source": "<a href=\"http://twitter.com/download/android\" rel=\"nofollow\">Twitter for Android</a>", "in_reply_to_user_id_str": "818993792808194049", "lang": "en", "is_quote_status": false}, "profile_image_url_https": "https://pbs.twimg.com/profile_images/642336006935547904/YabimARi_normal.jpg", "time_zone": "Pacific Time (US & Canada)", "contributors_enabled": false, "notifications": false, "lang": "en", "followers_count": 21, "default_profile_image": false, "geo_enabled": false}
2017-11-10T08:00:04.716140	{"following": false, "url": null, "entities": {"description": {"urls": []}}, "translator_type": "none", "profile_use_background_image": true, "profile_link_color": "1DA1F2", "is_translation_enabled": false, "notifications": false, "is_translator": false, "description": "", "profile_background_color": "C0DEED", "profile_text_color": "333333", "contributors_enabled": false, "followers_count": 21, "profile_background_image_url_https": "https://abs.twimg.com/images/themes/theme1/bg.png", "default_profile": true, "profile_sidebar_fill_color": "DDEEF6", "profile_image_url": "http://pbs.twimg.com/profile_images/642336006935547904/YabimARi_normal.jpg", "verified": false, "follow_request_sent": false, "id_str": "3576375141", "profile_background_image_url": "http://abs.twimg.com/images/themes/theme1/bg.png", "id": 3576375141, "friends_count": 84, "profile_sidebar_border_color": "C0DEED", "has_extended_profile": false, "profile_background_tile": false, "geo_enabled": false, "profile_image_url_https": "https://pbs.twimg.com/profile_images/642336006935547904/YabimARi_normal.jpg", "status": {"retweeted": false, "geo": null, "favorited": false, "entities": {"symbols": [], "user_mentions": [{"id_str": "818993792808194049", "screen_name": "LeifHanson7", "name": "Leif Hanson", "id": 818993792808194049, "indices": [0, 12]}, {"id_str": "894978746075275268", "screen_name": "MAGA_45_Rules", "name": "MAGA_45_Rules", "id": 894978746075275268, "indices": [13, 27]}, {"id_str": "310304438", "screen_name": "DukeReeder", "name": "America the free!", "id": 310304438, "indices": [28, 39]}, {"id_str": "333790458", "screen_name": "JoAnnaLynn1", "name": "Jojo Lynn", "id": 333790458, "indices": [40, 52]}, {"id_str": "24719584", "screen_name": "JazBenz", "name": "Jaz", "id": 24719584, "indices": [53, 61]}, {"id_str": "168760714", "screen_name": "GiannaMiceli", "name": "Gianna \ud83c\uddfa\ud83c\uddf8", "id": 168760714, "indices": [62, 75]}], "urls": [{"url": "https://t.co/mzcVFcqskK", "expanded_url": "https://twitter.com/i/web/status/928766503398395904", "display_url": "twitter.com/i/web/status/9\u2026", "indices": [117, 140]}], "hashtags": []}, "in_reply_to_status_id": 928442491711434752, "coordinates": null, "place": null, "in_reply_to_user_id_str": "818993792808194049", "retweet_count": 0, "lang": "en", "favorite_count": 0, "id": 928766503398395904, "in_reply_to_screen_name": "LeifHanson7", "in_reply_to_user_id": 818993792808194049, "truncated": true, "id_str": "928766503398395904", "contributors": null, "text": "@LeifHanson7 @MAGA_45_Rules @DukeReeder @JoAnnaLynn1 @JazBenz @GiannaMiceli im not trump`s fanboy, but you are just\u2026 https://t.co/mzcVFcqskK", "in_reply_to_status_id_str": "928442491711434752", "is_quote_status": false, "source": "<a href=\"http://twitter.com/download/android\" rel=\"nofollow\">Twitter for Android</a>", "created_at": "Thu Nov 09 23:29:24 +0000 2017"}, "default_profile_image": false, "name": "crypto4all", "time_zone": "Pacific Time (US & Canada)", "favourites_count": 798, "listed_count": 0, "protected": false, "location": "", "statuses_count": 257, "lang": "en", "utc_offset": -28800, "screen_name": "rob2010svk", "created_at": "Mon Sep 07 11:33:11 +0000 2015"}
2017-11-10T09:00:04.683110	{"id_str": "3576375141", "statuses_count": 257, "default_profile_image": false, "is_translation_enabled": false, "location": "", "profile_sidebar_border_color": "C0DEED", "entities": {"description": {"urls": []}}, "has_extended_profile": false, "default_profile": true, "geo_enabled": false, "description": "", "profile_use_background_image": true, "friends_count": 84, "profile_background_color": "C0DEED", "profile_image_url_https": "https://pbs.twimg.com/profile_images/642336006935547904/YabimARi_normal.jpg", "is_translator": false, "profile_text_color": "333333", "status": {"id_str": "928766503398395904", "text": "@LeifHanson7 @MAGA_45_Rules @DukeReeder @JoAnnaLynn1 @JazBenz @GiannaMiceli im not trump`s fanboy, but you are just\u2026 https://t.co/mzcVFcqskK", "contributors": null, "source": "<a href=\"http://twitter.com/download/android\" rel=\"nofollow\">Twitter for Android</a>", "entities": {"symbols": [], "urls": [{"expanded_url": "https://twitter.com/i/web/status/928766503398395904", "indices": [117, 140], "url": "https://t.co/mzcVFcqskK", "display_url": "twitter.com/i/web/status/9\u2026"}], "hashtags": [], "user_mentions": [{"id": 818993792808194049, "name": "Leif Hanson", "id_str": "818993792808194049", "indices": [0, 12], "screen_name": "LeifHanson7"}, {"id": 894978746075275268, "name": "MAGA_45_Rules", "id_str": "894978746075275268", "indices": [13, 27], "screen_name": "MAGA_45_Rules"}, {"id": 310304438, "name": "America the free!", "id_str": "310304438", "indices": [28, 39], "screen_name": "DukeReeder"}, {"id": 333790458, "name": "Jojo Lynn", "id_str": "333790458", "indices": [40, 52], "screen_name": "JoAnnaLynn1"}, {"id": 24719584, "name": "Jaz", "id_str": "24719584", "indices": [53, 61], "screen_name": "JazBenz"}, {"id": 168760714, "name": "Gianna \ud83c\uddfa\ud83c\uddf8", "id_str": "168760714", "indices": [62, 75], "screen_name": "GiannaMiceli"}]}, "retweeted": false, "in_reply_to_status_id": 928442491711434752, "favorited": false, "in_reply_to_screen_name": "LeifHanson7", "coordinates": null, "created_at": "Thu Nov 09 23:29:24 +0000 2017", "in_reply_to_status_id_str": "928442491711434752", "in_reply_to_user_id": 818993792808194049, "id": 928766503398395904, "geo": null, "truncated": true, "retweet_count": 0, "is_quote_status": false, "place": null, "lang": "en", "favorite_count": 0, "in_reply_to_user_id_str": "818993792808194049"}, "profile_image_url": "http://pbs.twimg.com/profile_images/642336006935547904/YabimARi_normal.jpg", "profile_background_image_url": "http://abs.twimg.com/images/themes/theme1/bg.png", "url": null, "protected": false, "notifications": false, "created_at": "Mon Sep 07 11:33:11 +0000 2015", "profile_sidebar_fill_color": "DDEEF6", "utc_offset": -28800, "translator_type": "none", "name": "crypto4all", "listed_count": 0, "following": false, "profile_link_color": "1DA1F2", "profile_background_tile": false, "screen_name": "rob2010svk", "time_zone": "Pacific Time (US & Canada)", "id": 3576375141, "followers_count": 21, "lang": "en", "favourites_count": 798, "verified": false, "contributors_enabled": false, "profile_background_image_url_https": "https://abs.twimg.com/images/themes/theme1/bg.png", "follow_request_sent": false}
2017-11-10T10:00:04.760790	{"profile_sidebar_fill_color": "DDEEF6", "is_translation_enabled": false, "is_translator": false, "status": {"in_reply_to_user_id_str": "818993792808194049", "favorite_count": 0, "entities": {"user_mentions": [{"id_str": "818993792808194049", "indices": [0, 12], "name": "Leif Hanson", "screen_name": "LeifHanson7", "id": 818993792808194049}, {"id_str": "894978746075275268", "indices": [13, 27], "name": "MAGA_45_Rules", "screen_name": "MAGA_45_Rules", "id": 894978746075275268}, {"id_str": "310304438", "indices": [28, 39], "name": "America the free!", "screen_name": "DukeReeder", "id": 310304438}, {"id_str": "333790458", "indices": [40, 52], "name": "Jojo Lynn", "screen_name": "JoAnnaLynn1", "id": 333790458}, {"id_str": "24719584", "indices": [53, 61], "name": "Jaz", "screen_name": "JazBenz", "id": 24719584}, {"id_str": "168760714", "indices": [62, 75], "name": "Gianna \ud83c\uddfa\ud83c\uddf8", "screen_name": "GiannaMiceli", "id": 168760714}], "symbols": [], "urls": [{"url": "https://t.co/mzcVFcqskK", "indices": [117, 140], "display_url": "twitter.com/i/web/status/9\u2026", "expanded_url": "https://twitter.com/i/web/status/928766503398395904"}], "hashtags": []}, "in_reply_to_user_id": 818993792808194049, "in_reply_to_status_id": 928442491711434752, "source": "<a href=\"http://twitter.com/download/android\" rel=\"nofollow\">Twitter for Android</a>", "text": "@LeifHanson7 @MAGA_45_Rules @DukeReeder @JoAnnaLynn1 @JazBenz @GiannaMiceli im not trump`s fanboy, but you are just\u2026 https://t.co/mzcVFcqskK", "in_reply_to_screen_name": "LeifHanson7", "id": 928766503398395904, "coordinates": null, "created_at": "Thu Nov 09 23:29:24 +0000 2017", "id_str": "928766503398395904", "place": null, "retweet_count": 0, "geo": null, "contributors": null, "in_reply_to_status_id_str": "928442491711434752", "lang": "en", "truncated": true, "favorited": false, "is_quote_status": false, "retweeted": false}, "entities": {"description": {"urls": []}}, "url": null, "followers_count": 21, "following": false, "geo_enabled": false, "profile_text_color": "333333", "translator_type": "none", "profile_link_color": "1DA1F2", "time_zone": "Pacific Time (US & Canada)", "profile_background_tile": false, "notifications": false, "verified": false, "id": 3576375141, "created_at": "Mon Sep 07 11:33:11 +0000 2015", "profile_background_image_url": "http://abs.twimg.com/images/themes/theme1/bg.png", "id_str": "3576375141", "follow_request_sent": false, "profile_sidebar_border_color": "C0DEED", "profile_image_url": "http://pbs.twimg.com/profile_images/642336006935547904/YabimARi_normal.jpg", "description": "", "default_profile": true, "friends_count": 84, "profile_use_background_image": true, "profile_image_url_https": "https://pbs.twimg.com/profile_images/642336006935547904/YabimARi_normal.jpg", "screen_name": "rob2010svk", "profile_background_image_url_https": "https://abs.twimg.com/images/themes/theme1/bg.png", "favourites_count": 798, "protected": false, "profile_background_color": "C0DEED", "default_profile_image": false, "listed_count": 0, "name": "crypto4all", "location": "", "has_extended_profile": false, "statuses_count": 257, "lang": "en", "utc_offset": -28800, "contributors_enabled": false}
2017-11-10T11:00:05.305269	{"created_at": "Mon Sep 07 11:33:11 +0000 2015", "contributors_enabled": false, "is_translator": false, "is_translation_enabled": false, "profile_image_url_https": "https://pbs.twimg.com/profile_images/642336006935547904/YabimARi_normal.jpg", "id_str": "3576375141", "follow_request_sent": false, "profile_use_background_image": true, "notifications": false, "lang": "en", "listed_count": 0, "location": "", "translator_type": "none", "protected": false, "profile_image_url": "http://pbs.twimg.com/profile_images/642336006935547904/YabimARi_normal.jpg", "profile_background_image_url_https": "https://abs.twimg.com/images/themes/theme1/bg.png", "time_zone": "Pacific Time (US & Canada)", "following": false, "profile_background_color": "C0DEED", "default_profile": true, "description": "", "profile_background_tile": false, "utc_offset": -28800, "profile_sidebar_fill_color": "DDEEF6", "profile_text_color": "333333", "url": null, "profile_link_color": "1DA1F2", "geo_enabled": false, "statuses_count": 257, "id": 3576375141, "favourites_count": 799, "default_profile_image": false, "has_extended_profile": false, "entities": {"description": {"urls": []}}, "status": {"created_at": "Thu Nov 09 23:29:24 +0000 2017", "in_reply_to_user_id": 818993792808194049, "text": "@LeifHanson7 @MAGA_45_Rules @DukeReeder @JoAnnaLynn1 @JazBenz @GiannaMiceli im not trump`s fanboy, but you are just\u2026 https://t.co/mzcVFcqskK", "geo": null, "id_str": "928766503398395904", "truncated": true, "lang": "en", "in_reply_to_screen_name": "LeifHanson7", "in_reply_to_user_id_str": "818993792808194049", "favorite_count": 0, "favorited": false, "coordinates": null, "retweet_count": 0, "is_quote_status": false, "id": 928766503398395904, "retweeted": false, "entities": {"hashtags": [], "symbols": [], "urls": [{"expanded_url": "https://twitter.com/i/web/status/928766503398395904", "display_url": "twitter.com/i/web/status/9\u2026", "url": "https://t.co/mzcVFcqskK", "indices": [117, 140]}], "user_mentions": [{"id": 818993792808194049, "id_str": "818993792808194049", "indices": [0, 12], "screen_name": "LeifHanson7", "name": "Leif Hanson"}, {"id": 894978746075275268, "id_str": "894978746075275268", "indices": [13, 27], "screen_name": "MAGA_45_Rules", "name": "MAGA_45_Rules"}, {"id": 310304438, "id_str": "310304438", "indices": [28, 39], "screen_name": "DukeReeder", "name": "America the free!"}, {"id": 333790458, "id_str": "333790458", "indices": [40, 52], "screen_name": "JoAnnaLynn1", "name": "Jojo Lynn"}, {"id": 24719584, "id_str": "24719584", "indices": [53, 61], "screen_name": "JazBenz", "name": "Jaz"}, {"id": 168760714, "id_str": "168760714", "indices": [62, 75], "screen_name": "GiannaMiceli", "name": "Gianna \ud83c\uddfa\ud83c\uddf8"}]}, "contributors": null, "in_reply_to_status_id": 928442491711434752, "place": null, "in_reply_to_status_id_str": "928442491711434752", "source": "<a href=\"http://twitter.com/download/android\" rel=\"nofollow\">Twitter for Android</a>"}, "profile_background_image_url": "http://abs.twimg.com/images/themes/theme1/bg.png", "screen_name": "rob2010svk", "profile_sidebar_border_color": "C0DEED", "name": "crypto4all", "followers_count": 21, "friends_count": 84, "verified": false}
2017-11-10T12:00:04.545825	{"verified": false, "contributors_enabled": false, "geo_enabled": false, "location": "", "profile_image_url": "http://pbs.twimg.com/profile_images/642336006935547904/YabimARi_normal.jpg", "profile_image_url_https": "https://pbs.twimg.com/profile_images/642336006935547904/YabimARi_normal.jpg", "notifications": false, "id_str": "3576375141", "profile_background_image_url": "http://abs.twimg.com/images/themes/theme1/bg.png", "profile_link_color": "1DA1F2", "lang": "en", "time_zone": "Pacific Time (US & Canada)", "profile_use_background_image": true, "is_translator": false, "followers_count": 21, "following": false, "default_profile_image": false, "status": {"in_reply_to_status_id": 928442491711434752, "id_str": "928766503398395904", "truncated": true, "lang": "en", "in_reply_to_user_id_str": "818993792808194049", "in_reply_to_status_id_str": "928442491711434752", "place": null, "contributors": null, "id": 928766503398395904, "favorited": false, "geo": null, "is_quote_status": false, "in_reply_to_screen_name": "LeifHanson7", "text": "@LeifHanson7 @MAGA_45_Rules @DukeReeder @JoAnnaLynn1 @JazBenz @GiannaMiceli im not trump`s fanboy, but you are just\u2026 https://t.co/mzcVFcqskK", "retweeted": false, "entities": {"urls": [{"expanded_url": "https://twitter.com/i/web/status/928766503398395904", "url": "https://t.co/mzcVFcqskK", "indices": [117, 140], "display_url": "twitter.com/i/web/status/9\u2026"}], "hashtags": [], "user_mentions": [{"name": "Leif Hanson", "id": 818993792808194049, "screen_name": "LeifHanson7", "indices": [0, 12], "id_str": "818993792808194049"}, {"name": "MAGA_45_Rules", "id": 894978746075275268, "screen_name": "MAGA_45_Rules", "indices": [13, 27], "id_str": "894978746075275268"}, {"name": "America the free!", "id": 310304438, "screen_name": "DukeReeder", "indices": [28, 39], "id_str": "310304438"}, {"name": "Jojo Lynn", "id": 333790458, "screen_name": "JoAnnaLynn1", "indices": [40, 52], "id_str": "333790458"}, {"name": "Jaz", "id": 24719584, "screen_name": "JazBenz", "indices": [53, 61], "id_str": "24719584"}, {"name": "Gianna \ud83c\uddfa\ud83c\uddf8", "id": 168760714, "screen_name": "GiannaMiceli", "indices": [62, 75], "id_str": "168760714"}], "symbols": []}, "coordinates": null, "in_reply_to_user_id": 818993792808194049, "retweet_count": 0, "favorite_count": 0, "created_at": "Thu Nov 09 23:29:24 +0000 2017", "source": "<a href=\"http://twitter.com/download/android\" rel=\"nofollow\">Twitter for Android</a>"}, "id": 3576375141, "listed_count": 0, "profile_background_image_url_https": "https://abs.twimg.com/images/themes/theme1/bg.png", "name": "crypto4all", "utc_offset": -28800, "screen_name": "rob2010svk", "profile_background_tile": false, "default_profile": true, "has_extended_profile": false, "description": "", "follow_request_sent": false, "translator_type": "none", "entities": {"description": {"urls": []}}, "profile_sidebar_fill_color": "DDEEF6", "statuses_count": 257, "profile_sidebar_border_color": "C0DEED", "protected": false, "friends_count": 84, "profile_background_color": "C0DEED", "favourites_count": 798, "profile_text_color": "333333", "created_at": "Mon Sep 07 11:33:11 +0000 2015", "url": null, "is_translation_enabled": false}
2017-11-10T13:00:05.283561	{"notifications": false, "entities": {"description": {"urls": []}}, "contributors_enabled": false, "profile_sidebar_border_color": "C0DEED", "has_extended_profile": false, "screen_name": "rob2010svk", "following": false, "statuses_count": 257, "protected": false, "location": "", "created_at": "Mon Sep 07 11:33:11 +0000 2015", "url": null, "profile_background_image_url_https": "https://abs.twimg.com/images/themes/theme1/bg.png", "name": "crypto4all", "followers_count": 21, "profile_image_url_https": "https://pbs.twimg.com/profile_images/642336006935547904/YabimARi_normal.jpg", "profile_link_color": "1DA1F2", "profile_image_url": "http://pbs.twimg.com/profile_images/642336006935547904/YabimARi_normal.jpg", "profile_sidebar_fill_color": "DDEEF6", "follow_request_sent": false, "friends_count": 84, "profile_use_background_image": true, "favourites_count": 798, "is_translation_enabled": false, "utc_offset": -28800, "geo_enabled": false, "lang": "en", "id": 3576375141, "description": "", "listed_count": 0, "verified": false, "time_zone": "Pacific Time (US & Canada)", "is_translator": false, "default_profile_image": false, "profile_text_color": "333333", "id_str": "3576375141", "profile_background_image_url": "http://abs.twimg.com/images/themes/theme1/bg.png", "profile_background_tile": false, "status": {"in_reply_to_user_id_str": "818993792808194049", "entities": {"user_mentions": [{"id": 818993792808194049, "name": "Leif Hanson", "screen_name": "LeifHanson7", "indices": [0, 12], "id_str": "818993792808194049"}, {"id": 894978746075275268, "name": "MAGA_45_Rules", "screen_name": "MAGA_45_Rules", "indices": [13, 27], "id_str": "894978746075275268"}, {"id": 310304438, "name": "America the free!", "screen_name": "DukeReeder", "indices": [28, 39], "id_str": "310304438"}, {"id": 333790458, "name": "Jojo Lynn", "screen_name": "JoAnnaLynn1", "indices": [40, 52], "id_str": "333790458"}, {"id": 24719584, "name": "Jaz", "screen_name": "JazBenz", "indices": [53, 61], "id_str": "24719584"}, {"id": 168760714, "name": "Gianna \ud83c\uddfa\ud83c\uddf8", "screen_name": "GiannaMiceli", "indices": [62, 75], "id_str": "168760714"}], "hashtags": [], "symbols": [], "urls": [{"expanded_url": "https://twitter.com/i/web/status/928766503398395904", "url": "https://t.co/mzcVFcqskK", "indices": [117, 140], "display_url": "twitter.com/i/web/status/9\u2026"}]}, "source": "<a href=\"http://twitter.com/download/android\" rel=\"nofollow\">Twitter for Android</a>", "id": 928766503398395904, "geo": null, "retweeted": false, "favorite_count": 0, "retweet_count": 0, "in_reply_to_screen_name": "LeifHanson7", "place": null, "created_at": "Thu Nov 09 23:29:24 +0000 2017", "in_reply_to_status_id": 928442491711434752, "favorited": false, "in_reply_to_user_id": 818993792808194049, "text": "@LeifHanson7 @MAGA_45_Rules @DukeReeder @JoAnnaLynn1 @JazBenz @GiannaMiceli im not trump`s fanboy, but you are just\u2026 https://t.co/mzcVFcqskK", "lang": "en", "coordinates": null, "is_quote_status": false, "id_str": "928766503398395904", "contributors": null, "truncated": true, "in_reply_to_status_id_str": "928442491711434752"}, "default_profile": true, "profile_background_color": "C0DEED", "translator_type": "none"}
2017-11-10T14:00:04.719820	{"contributors_enabled": false, "profile_image_url_https": "https://pbs.twimg.com/profile_images/642336006935547904/YabimARi_normal.jpg", "follow_request_sent": false, "profile_text_color": "333333", "default_profile": true, "lang": "en", "favourites_count": 798, "statuses_count": 257, "profile_background_color": "C0DEED", "profile_use_background_image": true, "notifications": false, "name": "crypto4all", "is_translation_enabled": false, "geo_enabled": false, "entities": {"description": {"urls": []}}, "id_str": "3576375141", "is_translator": false, "has_extended_profile": false, "utc_offset": -28800, "profile_background_image_url": "http://abs.twimg.com/images/themes/theme1/bg.png", "translator_type": "none", "profile_sidebar_fill_color": "DDEEF6", "protected": false, "friends_count": 84, "time_zone": "Pacific Time (US & Canada)", "url": null, "profile_sidebar_border_color": "C0DEED", "profile_image_url": "http://pbs.twimg.com/profile_images/642336006935547904/YabimARi_normal.jpg", "default_profile_image": false, "profile_background_image_url_https": "https://abs.twimg.com/images/themes/theme1/bg.png", "profile_background_tile": false, "followers_count": 21, "screen_name": "rob2010svk", "verified": false, "listed_count": 0, "created_at": "Mon Sep 07 11:33:11 +0000 2015", "location": "", "id": 3576375141, "description": "", "following": false, "status": {"retweet_count": 0, "in_reply_to_user_id": 818993792808194049, "lang": "en", "contributors": null, "in_reply_to_user_id_str": "818993792808194049", "truncated": true, "in_reply_to_status_id": 928442491711434752, "source": "<a href=\"http://twitter.com/download/android\" rel=\"nofollow\">Twitter for Android</a>", "coordinates": null, "entities": {"hashtags": [], "user_mentions": [{"screen_name": "LeifHanson7", "indices": [0, 12], "name": "Leif Hanson", "id": 818993792808194049, "id_str": "818993792808194049"}, {"screen_name": "MAGA_45_Rules", "indices": [13, 27], "name": "MAGA_45_Rules", "id": 894978746075275268, "id_str": "894978746075275268"}, {"screen_name": "DukeReeder", "indices": [28, 39], "name": "America the free!", "id": 310304438, "id_str": "310304438"}, {"screen_name": "JoAnnaLynn1", "indices": [40, 52], "name": "Jojo Lynn", "id": 333790458, "id_str": "333790458"}, {"screen_name": "JazBenz", "indices": [53, 61], "name": "Jaz", "id": 24719584, "id_str": "24719584"}, {"screen_name": "GiannaMiceli", "indices": [62, 75], "name": "Gianna \ud83c\uddfa\ud83c\uddf8", "id": 168760714, "id_str": "168760714"}], "urls": [{"display_url": "twitter.com/i/web/status/9\u2026", "url": "https://t.co/mzcVFcqskK", "indices": [117, 140], "expanded_url": "https://twitter.com/i/web/status/928766503398395904"}], "symbols": []}, "favorite_count": 0, "retweeted": false, "place": null, "id_str": "928766503398395904", "created_at": "Thu Nov 09 23:29:24 +0000 2017", "id": 928766503398395904, "in_reply_to_status_id_str": "928442491711434752", "text": "@LeifHanson7 @MAGA_45_Rules @DukeReeder @JoAnnaLynn1 @JazBenz @GiannaMiceli im not trump`s fanboy, but you are just\u2026 https://t.co/mzcVFcqskK", "in_reply_to_screen_name": "LeifHanson7", "is_quote_status": false, "geo": null, "favorited": false}, "profile_link_color": "1DA1F2"}
2017-11-10T15:00:05.473955	{"default_profile_image": false, "url": null, "status": {"favorited": false, "lang": "en", "is_quote_status": false, "source": "<a href=\"http://twitter.com/download/android\" rel=\"nofollow\">Twitter for Android</a>", "id": 928766503398395904, "contributors": null, "favorite_count": 0, "text": "@LeifHanson7 @MAGA_45_Rules @DukeReeder @JoAnnaLynn1 @JazBenz @GiannaMiceli im not trump`s fanboy, but you are just\u2026 https://t.co/mzcVFcqskK", "in_reply_to_screen_name": "LeifHanson7", "in_reply_to_status_id_str": "928442491711434752", "in_reply_to_user_id_str": "818993792808194049", "id_str": "928766503398395904", "truncated": true, "in_reply_to_user_id": 818993792808194049, "coordinates": null, "entities": {"urls": [{"url": "https://t.co/mzcVFcqskK", "display_url": "twitter.com/i/web/status/9\u2026", "indices": [117, 140], "expanded_url": "https://twitter.com/i/web/status/928766503398395904"}], "user_mentions": [{"id_str": "818993792808194049", "indices": [0, 12], "screen_name": "LeifHanson7", "id": 818993792808194049, "name": "Leif Hanson"}, {"id_str": "894978746075275268", "indices": [13, 27], "screen_name": "MAGA_45_Rules", "id": 894978746075275268, "name": "MAGA_45_Rules"}, {"id_str": "310304438", "indices": [28, 39], "screen_name": "DukeReeder", "id": 310304438, "name": "America the free!"}, {"id_str": "333790458", "indices": [40, 52], "screen_name": "JoAnnaLynn1", "id": 333790458, "name": "Jojo Lynn"}, {"id_str": "24719584", "indices": [53, 61], "screen_name": "JazBenz", "id": 24719584, "name": "Jaz"}, {"id_str": "168760714", "indices": [62, 75], "screen_name": "GiannaMiceli", "id": 168760714, "name": "Gianna \ud83c\uddfa\ud83c\uddf8"}], "symbols": [], "hashtags": []}, "retweeted": false, "place": null, "retweet_count": 0, "geo": null, "created_at": "Thu Nov 09 23:29:24 +0000 2017", "in_reply_to_status_id": 928442491711434752}, "lang": "en", "profile_background_image_url": "http://abs.twimg.com/images/themes/theme1/bg.png", "following": false, "location": "", "is_translation_enabled": false, "profile_use_background_image": true, "statuses_count": 257, "id": 3576375141, "profile_text_color": "333333", "description": "", "follow_request_sent": false, "profile_image_url": "http://pbs.twimg.com/profile_images/642336006935547904/YabimARi_normal.jpg", "profile_link_color": "1DA1F2", "followers_count": 21, "profile_image_url_https": "https://pbs.twimg.com/profile_images/642336006935547904/YabimARi_normal.jpg", "geo_enabled": false, "is_translator": false, "name": "crypto4all", "default_profile": true, "has_extended_profile": false, "screen_name": "rob2010svk", "profile_sidebar_fill_color": "DDEEF6", "id_str": "3576375141", "translator_type": "none", "entities": {"description": {"urls": []}}, "profile_background_tile": false, "protected": false, "profile_background_color": "C0DEED", "listed_count": 0, "utc_offset": -28800, "contributors_enabled": false, "profile_background_image_url_https": "https://abs.twimg.com/images/themes/theme1/bg.png", "time_zone": "Pacific Time (US & Canada)", "friends_count": 84, "favourites_count": 798, "notifications": false, "created_at": "Mon Sep 07 11:33:11 +0000 2015", "verified": false, "profile_sidebar_border_color": "C0DEED"}
2017-11-10T16:00:05.468852	{"default_profile": true, "followers_count": 21, "protected": false, "lang": "en", "translator_type": "none", "notifications": false, "screen_name": "rob2010svk", "url": null, "following": false, "default_profile_image": false, "profile_background_tile": false, "has_extended_profile": false, "time_zone": "Pacific Time (US & Canada)", "id": 3576375141, "id_str": "3576375141", "profile_background_image_url_https": "https://abs.twimg.com/images/themes/theme1/bg.png", "location": "", "entities": {"description": {"urls": []}}, "name": "crypto4all", "profile_image_url": "http://pbs.twimg.com/profile_images/642336006935547904/YabimARi_normal.jpg", "status": {"contributors": null, "retweet_count": 0, "is_quote_status": false, "coordinates": null, "source": "<a href=\"http://twitter.com/download/android\" rel=\"nofollow\">Twitter for Android</a>", "id_str": "928766503398395904", "geo": null, "id": 928766503398395904, "in_reply_to_status_id": 928442491711434752, "retweeted": false, "in_reply_to_screen_name": "LeifHanson7", "entities": {"urls": [{"url": "https://t.co/mzcVFcqskK", "expanded_url": "https://twitter.com/i/web/status/928766503398395904", "indices": [117, 140], "display_url": "twitter.com/i/web/status/9\u2026"}], "symbols": [], "user_mentions": [{"id_str": "818993792808194049", "id": 818993792808194049, "name": "Leif Hanson", "indices": [0, 12], "screen_name": "LeifHanson7"}, {"id_str": "894978746075275268", "id": 894978746075275268, "name": "MAGA_45_Rules", "indices": [13, 27], "screen_name": "MAGA_45_Rules"}, {"id_str": "310304438", "id": 310304438, "name": "America the free!", "indices": [28, 39], "screen_name": "DukeReeder"}, {"id_str": "333790458", "id": 333790458, "name": "Jojo Lynn", "indices": [40, 52], "screen_name": "JoAnnaLynn1"}, {"id_str": "24719584", "id": 24719584, "name": "Jaz", "indices": [53, 61], "screen_name": "JazBenz"}, {"id_str": "168760714", "id": 168760714, "name": "Gianna \ud83c\uddfa\ud83c\uddf8", "indices": [62, 75], "screen_name": "GiannaMiceli"}], "hashtags": []}, "truncated": true, "text": "@LeifHanson7 @MAGA_45_Rules @DukeReeder @JoAnnaLynn1 @JazBenz @GiannaMiceli im not trump`s fanboy, but you are just\u2026 https://t.co/mzcVFcqskK", "lang": "en", "in_reply_to_status_id_str": "928442491711434752", "in_reply_to_user_id_str": "818993792808194049", "created_at": "Thu Nov 09 23:29:24 +0000 2017", "favorite_count": 0, "in_reply_to_user_id": 818993792808194049, "place": null, "favorited": false}, "utc_offset": -28800, "description": "", "profile_sidebar_border_color": "C0DEED", "profile_sidebar_fill_color": "DDEEF6", "favourites_count": 798, "geo_enabled": false, "statuses_count": 257, "is_translation_enabled": false, "profile_text_color": "333333", "listed_count": 0, "profile_background_image_url": "http://abs.twimg.com/images/themes/theme1/bg.png", "is_translator": false, "created_at": "Mon Sep 07 11:33:11 +0000 2015", "friends_count": 84, "profile_background_color": "C0DEED", "contributors_enabled": false, "profile_use_background_image": true, "profile_link_color": "1DA1F2", "profile_image_url_https": "https://pbs.twimg.com/profile_images/642336006935547904/YabimARi_normal.jpg", "follow_request_sent": false, "verified": false}
2017-11-10T17:00:05.044273	{"profile_sidebar_fill_color": "DDEEF6", "profile_image_url_https": "https://pbs.twimg.com/profile_images/642336006935547904/YabimARi_normal.jpg", "status": {"in_reply_to_status_id": 928442491711434752, "is_quote_status": false, "place": null, "retweeted": false, "in_reply_to_screen_name": "LeifHanson7", "text": "@LeifHanson7 @MAGA_45_Rules @DukeReeder @JoAnnaLynn1 @JazBenz @GiannaMiceli im not trump`s fanboy, but you are just\u2026 https://t.co/mzcVFcqskK", "truncated": true, "created_at": "Thu Nov 09 23:29:24 +0000 2017", "coordinates": null, "in_reply_to_user_id_str": "818993792808194049", "in_reply_to_status_id_str": "928442491711434752", "id_str": "928766503398395904", "favorited": false, "id": 928766503398395904, "favorite_count": 0, "lang": "en", "geo": null, "entities": {"urls": [{"indices": [117, 140], "display_url": "twitter.com/i/web/status/9\u2026", "expanded_url": "https://twitter.com/i/web/status/928766503398395904", "url": "https://t.co/mzcVFcqskK"}], "hashtags": [], "symbols": [], "user_mentions": [{"indices": [0, 12], "name": "Leif Hanson", "id_str": "818993792808194049", "id": 818993792808194049, "screen_name": "LeifHanson7"}, {"indices": [13, 27], "name": "MAGA_45_Rules", "id_str": "894978746075275268", "id": 894978746075275268, "screen_name": "MAGA_45_Rules"}, {"indices": [28, 39], "name": "America the free!", "id_str": "310304438", "id": 310304438, "screen_name": "DukeReeder"}, {"indices": [40, 52], "name": "Jojo Lynn", "id_str": "333790458", "id": 333790458, "screen_name": "JoAnnaLynn1"}, {"indices": [53, 61], "name": "Jaz", "id_str": "24719584", "id": 24719584, "screen_name": "JazBenz"}, {"indices": [62, 75], "name": "Gianna \ud83c\uddfa\ud83c\uddf8", "id_str": "168760714", "id": 168760714, "screen_name": "GiannaMiceli"}]}, "contributors": null, "retweet_count": 0, "in_reply_to_user_id": 818993792808194049, "source": "<a href=\"http://twitter.com/download/android\" rel=\"nofollow\">Twitter for Android</a>"}, "verified": false, "profile_background_tile": false, "contributors_enabled": false, "following": false, "profile_sidebar_border_color": "C0DEED", "notifications": false, "favourites_count": 798, "description": "", "protected": false, "friends_count": 84, "has_extended_profile": false, "location": "", "utc_offset": -28800, "time_zone": "Pacific Time (US & Canada)", "created_at": "Mon Sep 07 11:33:11 +0000 2015", "profile_text_color": "333333", "is_translator": false, "profile_link_color": "1DA1F2", "profile_use_background_image": true, "profile_background_image_url_https": "https://abs.twimg.com/images/themes/theme1/bg.png", "statuses_count": 257, "default_profile_image": false, "profile_image_url": "http://pbs.twimg.com/profile_images/642336006935547904/YabimARi_normal.jpg", "listed_count": 0, "translator_type": "none", "url": null, "follow_request_sent": false, "default_profile": true, "id": 3576375141, "screen_name": "rob2010svk", "profile_background_image_url": "http://abs.twimg.com/images/themes/theme1/bg.png", "name": "crypto4all", "id_str": "3576375141", "lang": "en", "profile_background_color": "C0DEED", "entities": {"description": {"urls": []}}, "geo_enabled": false, "is_translation_enabled": false, "followers_count": 21}
2017-11-10T18:00:05.367767	{"is_translation_enabled": false, "url": null, "name": "crypto4all", "has_extended_profile": false, "profile_use_background_image": true, "status": {"in_reply_to_user_id_str": "818993792808194049", "in_reply_to_status_id_str": "928442491711434752", "id": 928766503398395904, "in_reply_to_user_id": 818993792808194049, "in_reply_to_screen_name": "LeifHanson7", "place": null, "in_reply_to_status_id": 928442491711434752, "favorited": false, "source": "<a href=\"http://twitter.com/download/android\" rel=\"nofollow\">Twitter for Android</a>", "geo": null, "is_quote_status": false, "text": "@LeifHanson7 @MAGA_45_Rules @DukeReeder @JoAnnaLynn1 @JazBenz @GiannaMiceli im not trump`s fanboy, but you are just\u2026 https://t.co/mzcVFcqskK", "created_at": "Thu Nov 09 23:29:24 +0000 2017", "favorite_count": 0, "entities": {"symbols": [], "user_mentions": [{"id": 818993792808194049, "screen_name": "LeifHanson7", "name": "Leif Hanson", "id_str": "818993792808194049", "indices": [0, 12]}, {"id": 894978746075275268, "screen_name": "MAGA_45_Rules", "name": "MAGA_45_Rules", "id_str": "894978746075275268", "indices": [13, 27]}, {"id": 310304438, "screen_name": "DukeReeder", "name": "America the free!", "id_str": "310304438", "indices": [28, 39]}, {"id": 333790458, "screen_name": "JoAnnaLynn1", "name": "Jojo Lynn", "id_str": "333790458", "indices": [40, 52]}, {"id": 24719584, "screen_name": "JazBenz", "name": "Jaz", "id_str": "24719584", "indices": [53, 61]}, {"id": 168760714, "screen_name": "GiannaMiceli", "name": "Gianna \ud83c\uddfa\ud83c\uddf8", "id_str": "168760714", "indices": [62, 75]}], "hashtags": [], "urls": [{"display_url": "twitter.com/i/web/status/9\u2026", "expanded_url": "https://twitter.com/i/web/status/928766503398395904", "url": "https://t.co/mzcVFcqskK", "indices": [117, 140]}]}, "id_str": "928766503398395904", "coordinates": null, "truncated": true, "retweet_count": 0, "contributors": null, "lang": "en", "retweeted": false}, "profile_background_tile": false, "id": 3576375141, "listed_count": 0, "profile_image_url_https": "https://pbs.twimg.com/profile_images/642336006935547904/YabimARi_normal.jpg", "profile_background_color": "C0DEED", "followers_count": 21, "id_str": "3576375141", "follow_request_sent": false, "following": false, "lang": "en", "contributors_enabled": false, "verified": false, "translator_type": "none", "screen_name": "rob2010svk", "notifications": false, "utc_offset": -28800, "description": "", "profile_link_color": "1DA1F2", "geo_enabled": false, "profile_image_url": "http://pbs.twimg.com/profile_images/642336006935547904/YabimARi_normal.jpg", "created_at": "Mon Sep 07 11:33:11 +0000 2015", "favourites_count": 800, "profile_sidebar_fill_color": "DDEEF6", "default_profile_image": false, "entities": {"description": {"urls": []}}, "location": "", "friends_count": 84, "profile_sidebar_border_color": "C0DEED", "is_translator": false, "default_profile": true, "statuses_count": 257, "time_zone": "Pacific Time (US & Canada)", "profile_background_image_url_https": "https://abs.twimg.com/images/themes/theme1/bg.png", "protected": false, "profile_background_image_url": "http://abs.twimg.com/images/themes/theme1/bg.png", "profile_text_color": "333333"}
2017-11-10T19:00:04.930591	{"name": "crypto4all", "screen_name": "rob2010svk", "protected": false, "profile_sidebar_border_color": "C0DEED", "profile_background_tile": false, "profile_sidebar_fill_color": "DDEEF6", "created_at": "Mon Sep 07 11:33:11 +0000 2015", "statuses_count": 257, "utc_offset": -28800, "profile_image_url_https": "https://pbs.twimg.com/profile_images/642336006935547904/YabimARi_normal.jpg", "is_translator": false, "is_translation_enabled": false, "geo_enabled": false, "profile_background_image_url": "http://abs.twimg.com/images/themes/theme1/bg.png", "status": {"coordinates": null, "source": "<a href=\"http://twitter.com/download/android\" rel=\"nofollow\">Twitter for Android</a>", "in_reply_to_status_id_str": "928442491711434752", "created_at": "Thu Nov 09 23:29:24 +0000 2017", "is_quote_status": false, "in_reply_to_user_id_str": "818993792808194049", "retweet_count": 0, "id": 928766503398395904, "contributors": null, "geo": null, "in_reply_to_screen_name": "LeifHanson7", "retweeted": false, "truncated": true, "favorited": false, "id_str": "928766503398395904", "text": "@LeifHanson7 @MAGA_45_Rules @DukeReeder @JoAnnaLynn1 @JazBenz @GiannaMiceli im not trump`s fanboy, but you are just\u2026 https://t.co/mzcVFcqskK", "favorite_count": 0, "in_reply_to_user_id": 818993792808194049, "entities": {"symbols": [], "hashtags": [], "urls": [{"url": "https://t.co/mzcVFcqskK", "display_url": "twitter.com/i/web/status/9\u2026", "expanded_url": "https://twitter.com/i/web/status/928766503398395904", "indices": [117, 140]}], "user_mentions": [{"screen_name": "LeifHanson7", "name": "Leif Hanson", "id": 818993792808194049, "id_str": "818993792808194049", "indices": [0, 12]}, {"screen_name": "MAGA_45_Rules", "name": "MAGA_45_Rules", "id": 894978746075275268, "id_str": "894978746075275268", "indices": [13, 27]}, {"screen_name": "DukeReeder", "name": "America the free!", "id": 310304438, "id_str": "310304438", "indices": [28, 39]}, {"screen_name": "JoAnnaLynn1", "name": "Jojo Lynn", "id": 333790458, "id_str": "333790458", "indices": [40, 52]}, {"screen_name": "JazBenz", "name": "Jaz", "id": 24719584, "id_str": "24719584", "indices": [53, 61]}, {"screen_name": "GiannaMiceli", "name": "Gianna \ud83c\uddfa\ud83c\uddf8", "id": 168760714, "id_str": "168760714", "indices": [62, 75]}]}, "place": null, "lang": "en", "in_reply_to_status_id": 928442491711434752}, "has_extended_profile": false, "profile_background_image_url_https": "https://abs.twimg.com/images/themes/theme1/bg.png", "notifications": false, "contributors_enabled": false, "following": false, "verified": false, "profile_image_url": "http://pbs.twimg.com/profile_images/642336006935547904/YabimARi_normal.jpg", "followers_count": 21, "profile_text_color": "333333", "profile_link_color": "1DA1F2", "profile_background_color": "C0DEED", "default_profile_image": false, "follow_request_sent": false, "id_str": "3576375141", "listed_count": 0, "friends_count": 84, "url": null, "time_zone": "Pacific Time (US & Canada)", "default_profile": true, "location": "", "profile_use_background_image": true, "entities": {"description": {"urls": []}}, "id": 3576375141, "lang": "en", "translator_type": "none", "description": "", "favourites_count": 800}
2017-11-10T20:00:04.862251	{"profile_sidebar_border_color": "C0DEED", "url": null, "id": 3576375141, "description": "", "default_profile": true, "listed_count": 0, "id_str": "3576375141", "protected": false, "lang": "en", "name": "crypto4all", "profile_image_url": "http://pbs.twimg.com/profile_images/642336006935547904/YabimARi_normal.jpg", "follow_request_sent": false, "profile_background_tile": false, "notifications": false, "verified": false, "created_at": "Mon Sep 07 11:33:11 +0000 2015", "is_translation_enabled": false, "utc_offset": -28800, "entities": {"description": {"urls": []}}, "is_translator": false, "status": {"source": "<a href=\"http://twitter.com/download/android\" rel=\"nofollow\">Twitter for Android</a>", "id": 928766503398395904, "text": "@LeifHanson7 @MAGA_45_Rules @DukeReeder @JoAnnaLynn1 @JazBenz @GiannaMiceli im not trump`s fanboy, but you are just\u2026 https://t.co/mzcVFcqskK", "geo": null, "favorite_count": 0, "id_str": "928766503398395904", "lang": "en", "created_at": "Thu Nov 09 23:29:24 +0000 2017", "in_reply_to_status_id": 928442491711434752, "in_reply_to_user_id_str": "818993792808194049", "retweeted": false, "coordinates": null, "favorited": false, "entities": {"hashtags": [], "urls": [{"expanded_url": "https://twitter.com/i/web/status/928766503398395904", "indices": [117, 140], "url": "https://t.co/mzcVFcqskK", "display_url": "twitter.com/i/web/status/9\u2026"}], "user_mentions": [{"name": "Leif Hanson", "screen_name": "LeifHanson7", "indices": [0, 12], "id_str": "818993792808194049", "id": 818993792808194049}, {"name": "MAGA_45_Rules", "screen_name": "MAGA_45_Rules", "indices": [13, 27], "id_str": "894978746075275268", "id": 894978746075275268}, {"name": "America the free!", "screen_name": "DukeReeder", "indices": [28, 39], "id_str": "310304438", "id": 310304438}, {"name": "Jojo Lynn", "screen_name": "JoAnnaLynn1", "indices": [40, 52], "id_str": "333790458", "id": 333790458}, {"name": "Jaz", "screen_name": "JazBenz", "indices": [53, 61], "id_str": "24719584", "id": 24719584}, {"name": "Gianna \ud83c\uddfa\ud83c\uddf8", "screen_name": "GiannaMiceli", "indices": [62, 75], "id_str": "168760714", "id": 168760714}], "symbols": []}, "is_quote_status": false, "in_reply_to_screen_name": "LeifHanson7", "in_reply_to_status_id_str": "928442491711434752", "truncated": true, "retweet_count": 0, "contributors": null, "in_reply_to_user_id": 818993792808194049, "place": null}, "profile_text_color": "333333", "profile_image_url_https": "https://pbs.twimg.com/profile_images/642336006935547904/YabimARi_normal.jpg", "translator_type": "none", "location": "", "profile_background_color": "C0DEED", "contributors_enabled": false, "friends_count": 84, "default_profile_image": false, "profile_use_background_image": true, "profile_background_image_url": "http://abs.twimg.com/images/themes/theme1/bg.png", "following": false, "profile_background_image_url_https": "https://abs.twimg.com/images/themes/theme1/bg.png", "time_zone": "Pacific Time (US & Canada)", "statuses_count": 257, "followers_count": 21, "has_extended_profile": false, "profile_sidebar_fill_color": "DDEEF6", "screen_name": "rob2010svk", "profile_link_color": "1DA1F2", "favourites_count": 800, "geo_enabled": false}
2017-11-10T21:00:04.751525	{"profile_background_image_url": "http://abs.twimg.com/images/themes/theme1/bg.png", "default_profile": true, "profile_sidebar_border_color": "C0DEED", "profile_use_background_image": true, "listed_count": 0, "profile_sidebar_fill_color": "DDEEF6", "following": false, "profile_image_url_https": "https://pbs.twimg.com/profile_images/642336006935547904/YabimARi_normal.jpg", "default_profile_image": false, "follow_request_sent": false, "protected": false, "verified": false, "time_zone": "Pacific Time (US & Canada)", "profile_background_image_url_https": "https://abs.twimg.com/images/themes/theme1/bg.png", "notifications": false, "profile_image_url": "http://pbs.twimg.com/profile_images/642336006935547904/YabimARi_normal.jpg", "location": "", "is_translation_enabled": false, "created_at": "Mon Sep 07 11:33:11 +0000 2015", "favourites_count": 809, "entities": {"description": {"urls": []}}, "id_str": "3576375141", "translator_type": "none", "contributors_enabled": false, "profile_link_color": "1DA1F2", "statuses_count": 261, "url": null, "has_extended_profile": false, "is_translator": false, "friends_count": 89, "status": {"truncated": true, "in_reply_to_screen_name": "JenaFriedman", "favorite_count": 0, "source": "<a href=\"http://twitter.com\" rel=\"nofollow\">Twitter Web Client</a>", "is_quote_status": false, "in_reply_to_status_id": 928992733963915265, "retweeted": false, "favorited": false, "created_at": "Fri Nov 10 20:34:18 +0000 2017", "entities": {"urls": [{"url": "https://t.co/i5xl7lbp7Q", "display_url": "twitter.com/i/web/status/9\u2026", "indices": [117, 140], "expanded_url": "https://twitter.com/i/web/status/929084824647761921"}], "user_mentions": [{"screen_name": "JenaFriedman", "id_str": "24971644", "name": "Jena Friedman", "id": 24971644, "indices": [0, 13]}, {"screen_name": "maddow", "id_str": "16129920", "name": "Rachel Maddow MSNBC", "id": 16129920, "indices": [14, 21]}, {"screen_name": "FullFrontalSamB", "id_str": "3420477195", "name": "Full Frontal", "id": 3420477195, "indices": [22, 38]}], "symbols": [], "hashtags": []}, "id_str": "929084824647761921", "coordinates": null, "in_reply_to_user_id": 24971644, "in_reply_to_status_id_str": "928992733963915265", "geo": null, "place": null, "text": "@JenaFriedman @maddow @FullFrontalSamB Jeeez... Jena, U brainless libtard - just STFU finally please... you are mor\u2026 https://t.co/i5xl7lbp7Q", "retweet_count": 0, "id": 929084824647761921, "contributors": null, "in_reply_to_user_id_str": "24971644", "lang": "en"}, "geo_enabled": false, "screen_name": "rob2010svk", "profile_background_color": "C0DEED", "profile_background_tile": false, "name": "crypto4all", "id": 3576375141, "profile_text_color": "333333", "utc_offset": -28800, "description": "", "followers_count": 21, "lang": "en"}
2017-11-10T22:00:04.394581	{"following": false, "contributors_enabled": false, "followers_count": 21, "default_profile": true, "profile_sidebar_border_color": "C0DEED", "description": "", "id_str": "3576375141", "screen_name": "rob2010svk", "notifications": false, "id": 3576375141, "default_profile_image": false, "profile_background_tile": false, "follow_request_sent": false, "location": "", "protected": false, "status": {"is_quote_status": false, "contributors": null, "id_str": "929084824647761921", "in_reply_to_status_id_str": "928992733963915265", "retweeted": false, "id": 929084824647761921, "truncated": true, "created_at": "Fri Nov 10 20:34:18 +0000 2017", "favorite_count": 0, "in_reply_to_user_id_str": "24971644", "in_reply_to_user_id": 24971644, "entities": {"urls": [{"display_url": "twitter.com/i/web/status/9\u2026", "indices": [117, 140], "url": "https://t.co/i5xl7lbp7Q", "expanded_url": "https://twitter.com/i/web/status/929084824647761921"}], "user_mentions": [{"indices": [0, 13], "id_str": "24971644", "name": "Jena Friedman", "screen_name": "JenaFriedman", "id": 24971644}, {"indices": [14, 21], "id_str": "16129920", "name": "Rachel Maddow MSNBC", "screen_name": "maddow", "id": 16129920}, {"indices": [22, 38], "id_str": "3420477195", "name": "Full Frontal", "screen_name": "FullFrontalSamB", "id": 3420477195}], "hashtags": [], "symbols": []}, "retweet_count": 0, "favorited": false, "geo": null, "place": null, "in_reply_to_screen_name": "JenaFriedman", "text": "@JenaFriedman @maddow @FullFrontalSamB Jeeez... Jena, U brainless libtard - just STFU finally please... you are mor\u2026 https://t.co/i5xl7lbp7Q", "coordinates": null, "lang": "en", "source": "<a href=\"http://twitter.com\" rel=\"nofollow\">Twitter Web Client</a>", "in_reply_to_status_id": 928992733963915265}, "verified": false, "is_translator": false, "name": "crypto4all", "friends_count": 89, "profile_use_background_image": true, "created_at": "Mon Sep 07 11:33:11 +0000 2015", "utc_offset": -28800, "statuses_count": 261, "url": null, "is_translation_enabled": false, "geo_enabled": false, "profile_image_url": "http://pbs.twimg.com/profile_images/642336006935547904/YabimARi_normal.jpg", "entities": {"description": {"urls": []}}, "lang": "en", "profile_background_color": "C0DEED", "has_extended_profile": false, "profile_background_image_url": "http://abs.twimg.com/images/themes/theme1/bg.png", "translator_type": "none", "profile_link_color": "1DA1F2", "profile_background_image_url_https": "https://abs.twimg.com/images/themes/theme1/bg.png", "profile_text_color": "333333", "profile_sidebar_fill_color": "DDEEF6", "listed_count": 0, "profile_image_url_https": "https://pbs.twimg.com/profile_images/642336006935547904/YabimARi_normal.jpg", "favourites_count": 809, "time_zone": "Pacific Time (US & Canada)"}
2017-11-10T23:00:05.294375	{"profile_background_image_url_https": "https://abs.twimg.com/images/themes/theme1/bg.png", "url": null, "status": {"coordinates": null, "created_at": "Fri Nov 10 20:34:18 +0000 2017", "text": "@JenaFriedman @maddow @FullFrontalSamB Jeeez... Jena, U brainless libtard - just STFU finally please... you are mor\u2026 https://t.co/i5xl7lbp7Q", "id_str": "929084824647761921", "in_reply_to_status_id_str": "928992733963915265", "retweeted": false, "source": "<a href=\"http://twitter.com\" rel=\"nofollow\">Twitter Web Client</a>", "id": 929084824647761921, "in_reply_to_status_id": 928992733963915265, "favorite_count": 0, "truncated": true, "in_reply_to_screen_name": "JenaFriedman", "contributors": null, "geo": null, "entities": {"user_mentions": [{"id_str": "24971644", "indices": [0, 13], "name": "Jena Friedman", "id": 24971644, "screen_name": "JenaFriedman"}, {"id_str": "16129920", "indices": [14, 21], "name": "Rachel Maddow MSNBC", "id": 16129920, "screen_name": "maddow"}, {"id_str": "3420477195", "indices": [22, 38], "name": "Full Frontal", "id": 3420477195, "screen_name": "FullFrontalSamB"}], "urls": [{"url": "https://t.co/i5xl7lbp7Q", "display_url": "twitter.com/i/web/status/9\u2026", "expanded_url": "https://twitter.com/i/web/status/929084824647761921", "indices": [117, 140]}], "symbols": [], "hashtags": []}, "is_quote_status": false, "retweet_count": 0, "in_reply_to_user_id_str": "24971644", "in_reply_to_user_id": 24971644, "favorited": false, "place": null, "lang": "en"}, "description": "", "protected": false, "id_str": "3576375141", "location": "", "following": false, "profile_use_background_image": true, "created_at": "Mon Sep 07 11:33:11 +0000 2015", "favourites_count": 809, "id": 3576375141, "is_translator": false, "has_extended_profile": false, "notifications": false, "statuses_count": 261, "default_profile_image": false, "followers_count": 21, "profile_background_image_url": "http://abs.twimg.com/images/themes/theme1/bg.png", "translator_type": "none", "is_translation_enabled": false, "profile_background_tile": false, "friends_count": 89, "profile_text_color": "333333", "entities": {"description": {"urls": []}}, "contributors_enabled": false, "name": "crypto4all", "listed_count": 0, "screen_name": "rob2010svk", "profile_link_color": "1DA1F2", "verified": false, "profile_image_url_https": "https://pbs.twimg.com/profile_images/642336006935547904/YabimARi_normal.jpg", "default_profile": true, "follow_request_sent": false, "utc_offset": -28800, "geo_enabled": false, "profile_image_url": "http://pbs.twimg.com/profile_images/642336006935547904/YabimARi_normal.jpg", "profile_sidebar_fill_color": "DDEEF6", "profile_sidebar_border_color": "C0DEED", "profile_background_color": "C0DEED", "lang": "en", "time_zone": "Pacific Time (US & Canada)"}
2017-11-11T00:00:04.483539	{"profile_background_color": "C0DEED", "following": false, "name": "crypto4all", "protected": false, "statuses_count": 261, "utc_offset": -28800, "has_extended_profile": false, "followers_count": 21, "verified": false, "lang": "en", "location": "", "description": "", "default_profile": true, "id": 3576375141, "profile_background_image_url": "http://abs.twimg.com/images/themes/theme1/bg.png", "profile_text_color": "333333", "profile_sidebar_fill_color": "DDEEF6", "geo_enabled": false, "contributors_enabled": false, "is_translator": false, "created_at": "Mon Sep 07 11:33:11 +0000 2015", "friends_count": 89, "id_str": "3576375141", "profile_background_image_url_https": "https://abs.twimg.com/images/themes/theme1/bg.png", "profile_image_url": "http://pbs.twimg.com/profile_images/642336006935547904/YabimARi_normal.jpg", "status": {"truncated": true, "in_reply_to_status_id_str": "928992733963915265", "in_reply_to_user_id_str": "24971644", "in_reply_to_user_id": 24971644, "lang": "en", "text": "@JenaFriedman @maddow @FullFrontalSamB Jeeez... Jena, U brainless libtard - just STFU finally please... you are mor\u2026 https://t.co/i5xl7lbp7Q", "id": 929084824647761921, "in_reply_to_status_id": 928992733963915265, "retweet_count": 0, "retweeted": false, "favorited": false, "created_at": "Fri Nov 10 20:34:18 +0000 2017", "id_str": "929084824647761921", "place": null, "coordinates": null, "in_reply_to_screen_name": "JenaFriedman", "geo": null, "source": "<a href=\"http://twitter.com\" rel=\"nofollow\">Twitter Web Client</a>", "contributors": null, "favorite_count": 0, "is_quote_status": false, "entities": {"urls": [{"url": "https://t.co/i5xl7lbp7Q", "expanded_url": "https://twitter.com/i/web/status/929084824647761921", "display_url": "twitter.com/i/web/status/9\u2026", "indices": [117, 140]}], "user_mentions": [{"id_str": "24971644", "name": "Jena Friedman", "screen_name": "JenaFriedman", "id": 24971644, "indices": [0, 13]}, {"id_str": "16129920", "name": "Rachel Maddow MSNBC", "screen_name": "maddow", "id": 16129920, "indices": [14, 21]}, {"id_str": "3420477195", "name": "Full Frontal", "screen_name": "FullFrontalSamB", "id": 3420477195, "indices": [22, 38]}], "hashtags": [], "symbols": []}}, "default_profile_image": false, "listed_count": 0, "screen_name": "rob2010svk", "notifications": false, "profile_image_url_https": "https://pbs.twimg.com/profile_images/642336006935547904/YabimARi_normal.jpg", "profile_use_background_image": true, "translator_type": "none", "profile_link_color": "1DA1F2", "profile_sidebar_border_color": "C0DEED", "profile_background_tile": false, "url": null, "follow_request_sent": false, "favourites_count": 809, "is_translation_enabled": false, "entities": {"description": {"urls": []}}, "time_zone": "Pacific Time (US & Canada)"}
2017-11-11T01:00:04.486660	{"contributors_enabled": false, "has_extended_profile": false, "id": 3576375141, "profile_image_url": "http://pbs.twimg.com/profile_images/642336006935547904/YabimARi_normal.jpg", "translator_type": "none", "notifications": false, "default_profile": true, "profile_link_color": "1DA1F2", "profile_sidebar_border_color": "C0DEED", "protected": false, "utc_offset": -28800, "is_translator": false, "id_str": "3576375141", "geo_enabled": false, "is_translation_enabled": false, "url": null, "following": false, "statuses_count": 261, "profile_text_color": "333333", "profile_use_background_image": true, "time_zone": "Pacific Time (US & Canada)", "verified": false, "friends_count": 89, "favourites_count": 809, "location": "", "profile_background_image_url": "http://abs.twimg.com/images/themes/theme1/bg.png", "screen_name": "rob2010svk", "status": {"retweet_count": 0, "id": 929084824647761921, "truncated": true, "text": "@JenaFriedman @maddow @FullFrontalSamB Jeeez... Jena, U brainless libtard - just STFU finally please... you are mor\u2026 https://t.co/i5xl7lbp7Q", "source": "<a href=\"http://twitter.com\" rel=\"nofollow\">Twitter Web Client</a>", "contributors": null, "id_str": "929084824647761921", "in_reply_to_status_id_str": "928992733963915265", "in_reply_to_user_id": 24971644, "favorited": false, "is_quote_status": false, "lang": "en", "in_reply_to_status_id": 928992733963915265, "retweeted": false, "geo": null, "in_reply_to_screen_name": "JenaFriedman", "place": null, "entities": {"user_mentions": [{"id_str": "24971644", "indices": [0, 13], "name": "Jena Friedman", "id": 24971644, "screen_name": "JenaFriedman"}, {"id_str": "16129920", "indices": [14, 21], "name": "Rachel Maddow MSNBC", "id": 16129920, "screen_name": "maddow"}, {"id_str": "3420477195", "indices": [22, 38], "name": "Full Frontal", "id": 3420477195, "screen_name": "FullFrontalSamB"}], "urls": [{"expanded_url": "https://twitter.com/i/web/status/929084824647761921", "display_url": "twitter.com/i/web/status/9\u2026", "indices": [117, 140], "url": "https://t.co/i5xl7lbp7Q"}], "symbols": [], "hashtags": []}, "coordinates": null, "favorite_count": 0, "in_reply_to_user_id_str": "24971644", "created_at": "Fri Nov 10 20:34:18 +0000 2017"}, "profile_background_tile": false, "profile_background_image_url_https": "https://abs.twimg.com/images/themes/theme1/bg.png", "default_profile_image": false, "listed_count": 0, "lang": "en", "profile_background_color": "C0DEED", "name": "crypto4all", "profile_image_url_https": "https://pbs.twimg.com/profile_images/642336006935547904/YabimARi_normal.jpg", "follow_request_sent": false, "entities": {"description": {"urls": []}}, "profile_sidebar_fill_color": "DDEEF6", "followers_count": 21, "description": "", "created_at": "Mon Sep 07 11:33:11 +0000 2015"}
2017-11-11T02:00:04.916327	{"profile_background_image_url_https": "https://abs.twimg.com/images/themes/theme1/bg.png", "id_str": "3576375141", "url": null, "listed_count": 0, "friends_count": 89, "verified": false, "name": "crypto4all", "default_profile_image": false, "utc_offset": -28800, "is_translator": false, "created_at": "Mon Sep 07 11:33:11 +0000 2015", "profile_background_image_url": "http://abs.twimg.com/images/themes/theme1/bg.png", "lang": "en", "screen_name": "rob2010svk", "profile_link_color": "1DA1F2", "profile_background_tile": false, "protected": false, "translator_type": "none", "profile_image_url": "http://pbs.twimg.com/profile_images/642336006935547904/YabimARi_normal.jpg", "profile_use_background_image": true, "default_profile": true, "profile_sidebar_fill_color": "DDEEF6", "time_zone": "Pacific Time (US & Canada)", "contributors_enabled": false, "followers_count": 21, "status": {"coordinates": null, "favorited": false, "id_str": "929155502038274048", "lang": "en", "created_at": "Sat Nov 11 01:15:09 +0000 2017", "retweeted": false, "truncated": false, "in_reply_to_user_id_str": "386933915", "in_reply_to_status_id": 928826010023292929, "geo": null, "in_reply_to_status_id_str": "928826010023292929", "in_reply_to_user_id": 386933915, "text": "@bencooper94 @CNN omg u r not only stupid but unbelievable moronic libtard", "contributors": null, "source": "<a href=\"http://twitter.com/download/android\" rel=\"nofollow\">Twitter for Android</a>", "is_quote_status": false, "favorite_count": 0, "in_reply_to_screen_name": "bencooper94", "entities": {"user_mentions": [{"id": 386933915, "name": "Benjamin Cooper", "indices": [0, 12], "id_str": "386933915", "screen_name": "bencooper94"}, {"id": 759251, "name": "CNN", "indices": [13, 17], "id_str": "759251", "screen_name": "CNN"}], "urls": [], "symbols": [], "hashtags": []}, "retweet_count": 0, "id": 929155502038274048, "place": null}, "geo_enabled": false, "profile_text_color": "333333", "profile_image_url_https": "https://pbs.twimg.com/profile_images/642336006935547904/YabimARi_normal.jpg", "is_translation_enabled": false, "description": "", "follow_request_sent": false, "entities": {"description": {"urls": []}}, "has_extended_profile": false, "location": "", "profile_background_color": "C0DEED", "following": false, "favourites_count": 824, "id": 3576375141, "profile_sidebar_border_color": "C0DEED", "notifications": false, "statuses_count": 262}
2017-11-11T03:00:05.224107	{"is_translation_enabled": false, "profile_background_color": "C0DEED", "follow_request_sent": false, "protected": false, "notifications": false, "profile_background_image_url_https": "https://abs.twimg.com/images/themes/theme1/bg.png", "profile_link_color": "1DA1F2", "profile_text_color": "333333", "friends_count": 89, "utc_offset": -28800, "listed_count": 0, "geo_enabled": false, "time_zone": "Pacific Time (US & Canada)", "id": 3576375141, "created_at": "Mon Sep 07 11:33:11 +0000 2015", "location": "", "has_extended_profile": false, "entities": {"description": {"urls": []}}, "profile_sidebar_border_color": "C0DEED", "lang": "en", "id_str": "3576375141", "followers_count": 21, "profile_image_url": "http://pbs.twimg.com/profile_images/642336006935547904/YabimARi_normal.jpg", "is_translator": false, "statuses_count": 262, "profile_background_tile": false, "profile_use_background_image": true, "screen_name": "rob2010svk", "following": false, "default_profile_image": false, "description": "", "name": "crypto4all", "url": null, "contributors_enabled": false, "profile_image_url_https": "https://pbs.twimg.com/profile_images/642336006935547904/YabimARi_normal.jpg", "verified": false, "profile_background_image_url": "http://abs.twimg.com/images/themes/theme1/bg.png", "translator_type": "none", "favourites_count": 824, "status": {"contributors": null, "in_reply_to_user_id_str": "386933915", "coordinates": null, "favorited": false, "source": "<a href=\"http://twitter.com/download/android\" rel=\"nofollow\">Twitter for Android</a>", "geo": null, "in_reply_to_user_id": 386933915, "created_at": "Sat Nov 11 01:15:09 +0000 2017", "favorite_count": 0, "entities": {"hashtags": [], "symbols": [], "user_mentions": [{"screen_name": "bencooper94", "indices": [0, 12], "id": 386933915, "name": "Benjamin Cooper", "id_str": "386933915"}, {"screen_name": "CNN", "indices": [13, 17], "id": 759251, "name": "CNN", "id_str": "759251"}], "urls": []}, "id": 929155502038274048, "id_str": "929155502038274048", "in_reply_to_screen_name": "bencooper94", "retweeted": false, "in_reply_to_status_id_str": "928826010023292929", "in_reply_to_status_id": 928826010023292929, "truncated": false, "text": "@bencooper94 @CNN omg u r not only stupid but unbelievable moronic libtard", "lang": "en", "retweet_count": 0, "place": null, "is_quote_status": false}, "profile_sidebar_fill_color": "DDEEF6", "default_profile": true}
2017-11-11T04:00:05.266112	{"profile_image_url_https": "https://pbs.twimg.com/profile_images/642336006935547904/YabimARi_normal.jpg", "favourites_count": 824, "contributors_enabled": false, "name": "crypto4all", "followers_count": 21, "following": false, "profile_use_background_image": true, "listed_count": 0, "has_extended_profile": false, "is_translator": false, "description": "", "verified": false, "is_translation_enabled": false, "time_zone": "Pacific Time (US & Canada)", "location": "", "profile_background_image_url_https": "https://abs.twimg.com/images/themes/theme1/bg.png", "profile_text_color": "333333", "id_str": "3576375141", "profile_sidebar_fill_color": "DDEEF6", "url": null, "screen_name": "rob2010svk", "statuses_count": 262, "friends_count": 89, "created_at": "Mon Sep 07 11:33:11 +0000 2015", "profile_background_color": "C0DEED", "profile_sidebar_border_color": "C0DEED", "geo_enabled": false, "follow_request_sent": false, "utc_offset": -28800, "notifications": false, "profile_image_url": "http://pbs.twimg.com/profile_images/642336006935547904/YabimARi_normal.jpg", "entities": {"description": {"urls": []}}, "profile_background_image_url": "http://abs.twimg.com/images/themes/theme1/bg.png", "translator_type": "none", "protected": false, "default_profile": true, "lang": "en", "profile_background_tile": false, "status": {"entities": {"user_mentions": [{"id_str": "386933915", "indices": [0, 12], "name": "Benjamin Cooper", "id": 386933915, "screen_name": "bencooper94"}, {"id_str": "759251", "indices": [13, 17], "name": "CNN", "id": 759251, "screen_name": "CNN"}], "symbols": [], "hashtags": [], "urls": []}, "truncated": false, "is_quote_status": false, "in_reply_to_status_id_str": "928826010023292929", "retweet_count": 0, "id_str": "929155502038274048", "contributors": null, "in_reply_to_status_id": 928826010023292929, "coordinates": null, "created_at": "Sat Nov 11 01:15:09 +0000 2017", "text": "@bencooper94 @CNN omg u r not only stupid but unbelievable moronic libtard", "source": "<a href=\"http://twitter.com/download/android\" rel=\"nofollow\">Twitter for Android</a>", "retweeted": false, "geo": null, "place": null, "in_reply_to_user_id": 386933915, "favorite_count": 0, "lang": "en", "favorited": false, "id": 929155502038274048, "in_reply_to_user_id_str": "386933915", "in_reply_to_screen_name": "bencooper94"}, "id": 3576375141, "profile_link_color": "1DA1F2", "default_profile_image": false}
2017-11-11T05:00:04.437901	{"profile_text_color": "333333", "profile_background_image_url": "http://abs.twimg.com/images/themes/theme1/bg.png", "profile_use_background_image": true, "followers_count": 21, "profile_background_image_url_https": "https://abs.twimg.com/images/themes/theme1/bg.png", "friends_count": 89, "profile_background_tile": false, "description": "", "status": {"truncated": false, "in_reply_to_user_id_str": "386933915", "lang": "en", "in_reply_to_status_id": 928826010023292929, "retweeted": false, "geo": null, "retweet_count": 0, "favorite_count": 0, "in_reply_to_screen_name": "bencooper94", "created_at": "Sat Nov 11 01:15:09 +0000 2017", "favorited": false, "id_str": "929155502038274048", "is_quote_status": false, "place": null, "in_reply_to_status_id_str": "928826010023292929", "id": 929155502038274048, "coordinates": null, "contributors": null, "in_reply_to_user_id": 386933915, "entities": {"symbols": [], "hashtags": [], "user_mentions": [{"id_str": "386933915", "name": "Benjamin Cooper", "screen_name": "bencooper94", "indices": [0, 12], "id": 386933915}, {"id_str": "759251", "name": "CNN", "screen_name": "CNN", "indices": [13, 17], "id": 759251}], "urls": []}, "text": "@bencooper94 @CNN omg u r not only stupid but unbelievable moronic libtard", "source": "<a href=\"http://twitter.com/download/android\" rel=\"nofollow\">Twitter for Android</a>"}, "follow_request_sent": false, "utc_offset": -28800, "has_extended_profile": false, "geo_enabled": false, "profile_sidebar_fill_color": "DDEEF6", "profile_image_url_https": "https://pbs.twimg.com/profile_images/642336006935547904/YabimARi_normal.jpg", "favourites_count": 824, "translator_type": "none", "notifications": false, "lang": "en", "id_str": "3576375141", "protected": false, "created_at": "Mon Sep 07 11:33:11 +0000 2015", "following": false, "verified": false, "entities": {"description": {"urls": []}}, "location": "", "contributors_enabled": false, "is_translator": false, "default_profile_image": false, "id": 3576375141, "time_zone": "Pacific Time (US & Canada)", "profile_background_color": "C0DEED", "default_profile": true, "profile_sidebar_border_color": "C0DEED", "statuses_count": 262, "is_translation_enabled": false, "url": null, "profile_image_url": "http://pbs.twimg.com/profile_images/642336006935547904/YabimARi_normal.jpg", "name": "crypto4all", "screen_name": "rob2010svk", "listed_count": 0, "profile_link_color": "1DA1F2"}
2017-11-11T06:00:05.034505	{"url": null, "time_zone": "Pacific Time (US & Canada)", "profile_background_image_url_https": "https://abs.twimg.com/images/themes/theme1/bg.png", "geo_enabled": false, "created_at": "Mon Sep 07 11:33:11 +0000 2015", "id_str": "3576375141", "friends_count": 89, "profile_image_url_https": "https://pbs.twimg.com/profile_images/642336006935547904/YabimARi_normal.jpg", "id": 3576375141, "lang": "en", "following": false, "profile_background_tile": false, "followers_count": 21, "default_profile": true, "default_profile_image": false, "description": "", "is_translation_enabled": false, "profile_link_color": "1DA1F2", "translator_type": "none", "profile_use_background_image": true, "protected": false, "name": "crypto4all", "location": "", "notifications": false, "profile_background_color": "C0DEED", "contributors_enabled": false, "follow_request_sent": false, "has_extended_profile": false, "verified": false, "listed_count": 0, "profile_background_image_url": "http://abs.twimg.com/images/themes/theme1/bg.png", "screen_name": "rob2010svk", "entities": {"description": {"urls": []}}, "utc_offset": -28800, "profile_sidebar_border_color": "C0DEED", "status": {"is_quote_status": false, "id": 929155502038274048, "created_at": "Sat Nov 11 01:15:09 +0000 2017", "id_str": "929155502038274048", "in_reply_to_user_id_str": "386933915", "favorite_count": 0, "lang": "en", "retweeted": false, "retweet_count": 0, "coordinates": null, "in_reply_to_screen_name": "bencooper94", "place": null, "source": "<a href=\"http://twitter.com/download/android\" rel=\"nofollow\">Twitter for Android</a>", "text": "@bencooper94 @CNN omg u r not only stupid but unbelievable moronic libtard", "in_reply_to_status_id_str": "928826010023292929", "contributors": null, "geo": null, "entities": {"urls": [], "user_mentions": [{"id": 386933915, "indices": [0, 12], "name": "Benjamin Cooper", "id_str": "386933915", "screen_name": "bencooper94"}, {"id": 759251, "indices": [13, 17], "name": "CNN", "id_str": "759251", "screen_name": "CNN"}], "symbols": [], "hashtags": []}, "in_reply_to_status_id": 928826010023292929, "favorited": false, "truncated": false, "in_reply_to_user_id": 386933915}, "statuses_count": 262, "profile_sidebar_fill_color": "DDEEF6", "profile_image_url": "http://pbs.twimg.com/profile_images/642336006935547904/YabimARi_normal.jpg", "profile_text_color": "333333", "is_translator": false, "favourites_count": 824}
2017-11-11T07:00:04.685408	{"following": false, "lang": "en", "profile_sidebar_fill_color": "DDEEF6", "utc_offset": -28800, "favourites_count": 824, "screen_name": "rob2010svk", "geo_enabled": false, "default_profile": true, "profile_background_image_url_https": "https://abs.twimg.com/images/themes/theme1/bg.png", "profile_use_background_image": true, "translator_type": "none", "verified": false, "statuses_count": 262, "friends_count": 89, "is_translation_enabled": false, "profile_text_color": "333333", "profile_background_tile": false, "status": {"text": "@bencooper94 @CNN omg u r not only stupid but unbelievable moronic libtard", "lang": "en", "in_reply_to_status_id": 928826010023292929, "is_quote_status": false, "retweeted": false, "in_reply_to_user_id_str": "386933915", "source": "<a href=\"http://twitter.com/download/android\" rel=\"nofollow\">Twitter for Android</a>", "in_reply_to_status_id_str": "928826010023292929", "retweet_count": 0, "created_at": "Sat Nov 11 01:15:09 +0000 2017", "coordinates": null, "entities": {"urls": [], "user_mentions": [{"screen_name": "bencooper94", "name": "Benjamin Cooper", "id": 386933915, "indices": [0, 12], "id_str": "386933915"}, {"screen_name": "CNN", "name": "CNN", "id": 759251, "indices": [13, 17], "id_str": "759251"}], "hashtags": [], "symbols": []}, "truncated": false, "in_reply_to_screen_name": "bencooper94", "in_reply_to_user_id": 386933915, "place": null, "favorited": false, "id": 929155502038274048, "id_str": "929155502038274048", "contributors": null, "favorite_count": 0, "geo": null}, "entities": {"description": {"urls": []}}, "created_at": "Mon Sep 07 11:33:11 +0000 2015", "profile_background_image_url": "http://abs.twimg.com/images/themes/theme1/bg.png", "follow_request_sent": false, "notifications": false, "name": "crypto4all", "protected": false, "default_profile_image": false, "is_translator": false, "location": "", "has_extended_profile": false, "listed_count": 0, "id": 3576375141, "followers_count": 21, "id_str": "3576375141", "profile_image_url": "http://pbs.twimg.com/profile_images/642336006935547904/YabimARi_normal.jpg", "contributors_enabled": false, "profile_link_color": "1DA1F2", "time_zone": "Pacific Time (US & Canada)", "profile_image_url_https": "https://pbs.twimg.com/profile_images/642336006935547904/YabimARi_normal.jpg", "profile_sidebar_border_color": "C0DEED", "description": "", "profile_background_color": "C0DEED", "url": null}
2017-11-11T08:00:04.668812	{"followers_count": 21, "default_profile_image": false, "friends_count": 89, "description": "", "id": 3576375141, "id_str": "3576375141", "entities": {"description": {"urls": []}}, "favourites_count": 824, "time_zone": "Pacific Time (US & Canada)", "geo_enabled": false, "is_translation_enabled": false, "default_profile": true, "created_at": "Mon Sep 07 11:33:11 +0000 2015", "profile_image_url_https": "https://pbs.twimg.com/profile_images/642336006935547904/YabimARi_normal.jpg", "profile_background_color": "C0DEED", "profile_sidebar_fill_color": "DDEEF6", "profile_image_url": "http://pbs.twimg.com/profile_images/642336006935547904/YabimARi_normal.jpg", "notifications": false, "translator_type": "none", "statuses_count": 262, "following": false, "lang": "en", "status": {"in_reply_to_status_id_str": "928826010023292929", "in_reply_to_status_id": 928826010023292929, "id": 929155502038274048, "id_str": "929155502038274048", "entities": {"symbols": [], "urls": [], "hashtags": [], "user_mentions": [{"id_str": "386933915", "indices": [0, 12], "screen_name": "bencooper94", "id": 386933915, "name": "Benjamin Cooper"}, {"id_str": "759251", "indices": [13, 17], "screen_name": "CNN", "id": 759251, "name": "CNN"}]}, "place": null, "created_at": "Sat Nov 11 01:15:09 +0000 2017", "contributors": null, "retweet_count": 0, "favorite_count": 0, "in_reply_to_screen_name": "bencooper94", "lang": "en", "retweeted": false, "is_quote_status": false, "in_reply_to_user_id_str": "386933915", "truncated": false, "coordinates": null, "in_reply_to_user_id": 386933915, "geo": null, "source": "<a href=\"http://twitter.com/download/android\" rel=\"nofollow\">Twitter for Android</a>", "favorited": false, "text": "@bencooper94 @CNN omg u r not only stupid but unbelievable moronic libtard"}, "url": null, "is_translator": false, "profile_background_image_url_https": "https://abs.twimg.com/images/themes/theme1/bg.png", "profile_background_image_url": "http://abs.twimg.com/images/themes/theme1/bg.png", "has_extended_profile": false, "profile_background_tile": false, "listed_count": 0, "name": "crypto4all", "contributors_enabled": false, "profile_text_color": "333333", "protected": false, "profile_use_background_image": true, "profile_link_color": "1DA1F2", "profile_sidebar_border_color": "C0DEED", "follow_request_sent": false, "verified": false, "utc_offset": -28800, "screen_name": "rob2010svk", "location": ""}
2017-11-11T09:00:04.648752	{"profile_background_image_url_https": "https://abs.twimg.com/images/themes/theme1/bg.png", "default_profile_image": false, "is_translation_enabled": false, "profile_background_color": "C0DEED", "id_str": "3576375141", "id": 3576375141, "is_translator": false, "screen_name": "rob2010svk", "profile_background_tile": false, "profile_sidebar_border_color": "C0DEED", "profile_image_url_https": "https://pbs.twimg.com/profile_images/642336006935547904/YabimARi_normal.jpg", "entities": {"description": {"urls": []}}, "profile_link_color": "1DA1F2", "profile_text_color": "333333", "name": "crypto4all", "verified": false, "location": "", "contributors_enabled": false, "followers_count": 21, "default_profile": true, "description": "", "statuses_count": 262, "lang": "en", "profile_background_image_url": "http://abs.twimg.com/images/themes/theme1/bg.png", "status": {"in_reply_to_status_id_str": "928826010023292929", "lang": "en", "retweeted": false, "id_str": "929155502038274048", "id": 929155502038274048, "in_reply_to_user_id_str": "386933915", "entities": {"hashtags": [], "user_mentions": [{"id": 386933915, "screen_name": "bencooper94", "indices": [0, 12], "name": "Benjamin Cooper", "id_str": "386933915"}, {"id": 759251, "screen_name": "CNN", "indices": [13, 17], "name": "CNN", "id_str": "759251"}], "symbols": [], "urls": []}, "in_reply_to_status_id": 928826010023292929, "source": "<a href=\"http://twitter.com/download/android\" rel=\"nofollow\">Twitter for Android</a>", "favorite_count": 0, "place": null, "text": "@bencooper94 @CNN omg u r not only stupid but unbelievable moronic libtard", "contributors": null, "favorited": false, "truncated": false, "created_at": "Sat Nov 11 01:15:09 +0000 2017", "geo": null, "is_quote_status": false, "in_reply_to_user_id": 386933915, "in_reply_to_screen_name": "bencooper94", "retweet_count": 0, "coordinates": null}, "following": false, "listed_count": 0, "friends_count": 89, "profile_image_url": "http://pbs.twimg.com/profile_images/642336006935547904/YabimARi_normal.jpg", "profile_use_background_image": true, "notifications": false, "favourites_count": 824, "protected": false, "created_at": "Mon Sep 07 11:33:11 +0000 2015", "follow_request_sent": false, "translator_type": "none", "utc_offset": -28800, "has_extended_profile": false, "url": null, "time_zone": "Pacific Time (US & Canada)", "profile_sidebar_fill_color": "DDEEF6", "geo_enabled": false}
2017-11-11T10:00:05.149533	{"protected": false, "default_profile": true, "statuses_count": 262, "translator_type": "none", "notifications": false, "profile_background_image_url_https": "https://abs.twimg.com/images/themes/theme1/bg.png", "screen_name": "rob2010svk", "profile_link_color": "1DA1F2", "created_at": "Mon Sep 07 11:33:11 +0000 2015", "is_translator": false, "profile_background_color": "C0DEED", "following": false, "default_profile_image": false, "profile_background_tile": false, "followers_count": 21, "profile_image_url": "http://pbs.twimg.com/profile_images/642336006935547904/YabimARi_normal.jpg", "utc_offset": -28800, "time_zone": "Pacific Time (US & Canada)", "is_translation_enabled": false, "id": 3576375141, "follow_request_sent": false, "url": null, "description": "", "profile_sidebar_fill_color": "DDEEF6", "contributors_enabled": false, "friends_count": 89, "name": "crypto4all", "location": "", "verified": false, "lang": "en", "profile_text_color": "333333", "profile_use_background_image": true, "id_str": "3576375141", "profile_image_url_https": "https://pbs.twimg.com/profile_images/642336006935547904/YabimARi_normal.jpg", "has_extended_profile": false, "status": {"in_reply_to_status_id": 928826010023292929, "coordinates": null, "text": "@bencooper94 @CNN omg u r not only stupid but unbelievable moronic libtard", "created_at": "Sat Nov 11 01:15:09 +0000 2017", "favorite_count": 0, "contributors": null, "entities": {"user_mentions": [{"screen_name": "bencooper94", "id": 386933915, "id_str": "386933915", "indices": [0, 12], "name": "Benjamin Cooper"}, {"screen_name": "CNN", "id": 759251, "id_str": "759251", "indices": [13, 17], "name": "CNN"}], "hashtags": [], "symbols": [], "urls": []}, "retweeted": false, "in_reply_to_screen_name": "bencooper94", "source": "<a href=\"http://twitter.com/download/android\" rel=\"nofollow\">Twitter for Android</a>", "in_reply_to_user_id_str": "386933915", "geo": null, "lang": "en", "in_reply_to_user_id": 386933915, "in_reply_to_status_id_str": "928826010023292929", "is_quote_status": false, "favorited": false, "place": null, "truncated": false, "id_str": "929155502038274048", "retweet_count": 0, "id": 929155502038274048}, "entities": {"description": {"urls": []}}, "favourites_count": 824, "profile_sidebar_border_color": "C0DEED", "geo_enabled": false, "listed_count": 0, "profile_background_image_url": "http://abs.twimg.com/images/themes/theme1/bg.png"}
2017-11-11T11:00:04.841841	{"profile_background_color": "C0DEED", "statuses_count": 262, "listed_count": 0, "id": 3576375141, "created_at": "Mon Sep 07 11:33:11 +0000 2015", "protected": false, "notifications": false, "verified": false, "profile_use_background_image": true, "profile_background_image_url": "http://abs.twimg.com/images/themes/theme1/bg.png", "profile_image_url": "http://pbs.twimg.com/profile_images/642336006935547904/YabimARi_normal.jpg", "geo_enabled": false, "profile_sidebar_fill_color": "DDEEF6", "entities": {"description": {"urls": []}}, "profile_link_color": "1DA1F2", "url": null, "status": {"text": "@bencooper94 @CNN omg u r not only stupid but unbelievable moronic libtard", "truncated": false, "geo": null, "id": 929155502038274048, "created_at": "Sat Nov 11 01:15:09 +0000 2017", "is_quote_status": false, "in_reply_to_user_id_str": "386933915", "retweet_count": 0, "place": null, "contributors": null, "in_reply_to_status_id_str": "928826010023292929", "id_str": "929155502038274048", "in_reply_to_user_id": 386933915, "entities": {"hashtags": [], "symbols": [], "user_mentions": [{"id": 386933915, "screen_name": "bencooper94", "id_str": "386933915", "indices": [0, 12], "name": "Benjamin Cooper"}, {"id": 759251, "screen_name": "CNN", "id_str": "759251", "indices": [13, 17], "name": "CNN"}], "urls": []}, "retweeted": false, "in_reply_to_status_id": 928826010023292929, "lang": "en", "source": "<a href=\"http://twitter.com/download/android\" rel=\"nofollow\">Twitter for Android</a>", "favorite_count": 0, "coordinates": null, "in_reply_to_screen_name": "bencooper94", "favorited": false}, "is_translation_enabled": false, "id_str": "3576375141", "default_profile": true, "friends_count": 89, "contributors_enabled": false, "name": "crypto4all", "time_zone": "Pacific Time (US & Canada)", "location": "", "translator_type": "none", "lang": "en", "profile_background_image_url_https": "https://abs.twimg.com/images/themes/theme1/bg.png", "utc_offset": -28800, "default_profile_image": false, "following": false, "screen_name": "rob2010svk", "description": "", "profile_sidebar_border_color": "C0DEED", "profile_background_tile": false, "follow_request_sent": false, "followers_count": 21, "has_extended_profile": false, "is_translator": false, "profile_image_url_https": "https://pbs.twimg.com/profile_images/642336006935547904/YabimARi_normal.jpg", "profile_text_color": "333333", "favourites_count": 824}
2017-11-11T12:00:04.195950	{"friends_count": 89, "profile_sidebar_border_color": "C0DEED", "follow_request_sent": false, "profile_background_image_url": "http://abs.twimg.com/images/themes/theme1/bg.png", "profile_image_url_https": "https://pbs.twimg.com/profile_images/642336006935547904/YabimARi_normal.jpg", "listed_count": 0, "profile_use_background_image": true, "has_extended_profile": false, "profile_background_tile": false, "id": 3576375141, "profile_link_color": "1DA1F2", "created_at": "Mon Sep 07 11:33:11 +0000 2015", "profile_background_image_url_https": "https://abs.twimg.com/images/themes/theme1/bg.png", "geo_enabled": false, "favourites_count": 824, "profile_background_color": "C0DEED", "profile_sidebar_fill_color": "DDEEF6", "entities": {"description": {"urls": []}}, "url": null, "is_translation_enabled": false, "lang": "en", "statuses_count": 262, "verified": false, "id_str": "3576375141", "profile_image_url": "http://pbs.twimg.com/profile_images/642336006935547904/YabimARi_normal.jpg", "location": "", "description": "", "protected": false, "profile_text_color": "333333", "default_profile_image": false, "time_zone": "Pacific Time (US & Canada)", "is_translator": false, "contributors_enabled": false, "name": "crypto4all", "status": {"is_quote_status": false, "retweeted": false, "truncated": false, "id": 929155502038274048, "created_at": "Sat Nov 11 01:15:09 +0000 2017", "in_reply_to_user_id": 386933915, "entities": {"symbols": [], "urls": [], "user_mentions": [{"screen_name": "bencooper94", "id": 386933915, "id_str": "386933915", "indices": [0, 12], "name": "Benjamin Cooper"}, {"screen_name": "CNN", "id": 759251, "id_str": "759251", "indices": [13, 17], "name": "CNN"}], "hashtags": []}, "place": null, "in_reply_to_screen_name": "bencooper94", "lang": "en", "geo": null, "id_str": "929155502038274048", "contributors": null, "text": "@bencooper94 @CNN omg u r not only stupid but unbelievable moronic libtard", "in_reply_to_status_id": 928826010023292929, "source": "<a href=\"http://twitter.com/download/android\" rel=\"nofollow\">Twitter for Android</a>", "favorite_count": 0, "retweet_count": 0, "coordinates": null, "in_reply_to_user_id_str": "386933915", "in_reply_to_status_id_str": "928826010023292929", "favorited": false}, "notifications": false, "followers_count": 21, "screen_name": "rob2010svk", "default_profile": true, "utc_offset": -28800, "translator_type": "none", "following": false}
2017-11-11T13:00:05.838797	{"profile_background_image_url_https": "https://abs.twimg.com/images/themes/theme1/bg.png", "has_extended_profile": false, "utc_offset": -28800, "profile_background_color": "C0DEED", "translator_type": "none", "profile_background_image_url": "http://abs.twimg.com/images/themes/theme1/bg.png", "notifications": false, "profile_image_url_https": "https://pbs.twimg.com/profile_images/642336006935547904/YabimARi_normal.jpg", "url": null, "protected": false, "is_translation_enabled": false, "lang": "en", "entities": {"description": {"urls": []}}, "location": "", "favourites_count": 823, "statuses_count": 262, "profile_background_tile": false, "is_translator": false, "time_zone": "Pacific Time (US & Canada)", "default_profile": true, "contributors_enabled": false, "followers_count": 21, "verified": false, "profile_sidebar_border_color": "C0DEED", "profile_text_color": "333333", "status": {"text": "@bencooper94 @CNN omg u r not only stupid but unbelievable moronic libtard", "coordinates": null, "in_reply_to_screen_name": "bencooper94", "retweet_count": 0, "id": 929155502038274048, "entities": {"user_mentions": [{"indices": [0, 12], "id": 386933915, "name": "Benjamin Cooper", "screen_name": "bencooper94", "id_str": "386933915"}, {"indices": [13, 17], "id": 759251, "name": "CNN", "screen_name": "CNN", "id_str": "759251"}], "hashtags": [], "symbols": [], "urls": []}, "favorite_count": 0, "in_reply_to_user_id_str": "386933915", "geo": null, "is_quote_status": false, "source": "<a href=\"http://twitter.com/download/android\" rel=\"nofollow\">Twitter for Android</a>", "favorited": false, "lang": "en", "id_str": "929155502038274048", "in_reply_to_status_id_str": "928826010023292929", "truncated": false, "created_at": "Sat Nov 11 01:15:09 +0000 2017", "retweeted": false, "place": null, "contributors": null, "in_reply_to_status_id": 928826010023292929, "in_reply_to_user_id": 386933915}, "following": false, "friends_count": 89, "description": "", "follow_request_sent": false, "profile_use_background_image": true, "profile_sidebar_fill_color": "DDEEF6", "listed_count": 0, "id": 3576375141, "geo_enabled": false, "id_str": "3576375141", "created_at": "Mon Sep 07 11:33:11 +0000 2015", "screen_name": "rob2010svk", "profile_image_url": "http://pbs.twimg.com/profile_images/642336006935547904/YabimARi_normal.jpg", "profile_link_color": "1DA1F2", "name": "crypto4all", "default_profile_image": false}
2017-11-11T14:00:05.016408	{"has_extended_profile": false, "listed_count": 0, "translator_type": "none", "notifications": false, "profile_image_url": "http://pbs.twimg.com/profile_images/642336006935547904/YabimARi_normal.jpg", "profile_background_color": "C0DEED", "follow_request_sent": false, "time_zone": "Pacific Time (US & Canada)", "screen_name": "rob2010svk", "utc_offset": -28800, "created_at": "Mon Sep 07 11:33:11 +0000 2015", "profile_sidebar_fill_color": "DDEEF6", "profile_sidebar_border_color": "C0DEED", "followers_count": 21, "following": false, "profile_link_color": "1DA1F2", "default_profile_image": false, "lang": "en", "profile_text_color": "333333", "profile_image_url_https": "https://pbs.twimg.com/profile_images/642336006935547904/YabimARi_normal.jpg", "profile_background_image_url": "http://abs.twimg.com/images/themes/theme1/bg.png", "default_profile": true, "geo_enabled": false, "url": null, "favourites_count": 823, "location": "", "protected": false, "id": 3576375141, "status": {"is_quote_status": false, "retweeted": false, "coordinates": null, "entities": {"hashtags": [], "symbols": [], "user_mentions": [{"screen_name": "bencooper94", "id": 386933915, "id_str": "386933915", "name": "Benjamin Cooper", "indices": [0, 12]}, {"screen_name": "CNN", "id": 759251, "id_str": "759251", "name": "CNN", "indices": [13, 17]}], "urls": []}, "favorited": false, "place": null, "truncated": false, "lang": "en", "source": "<a href=\"http://twitter.com/download/android\" rel=\"nofollow\">Twitter for Android</a>", "retweet_count": 0, "created_at": "Sat Nov 11 01:15:09 +0000 2017", "in_reply_to_user_id_str": "386933915", "id": 929155502038274048, "geo": null, "text": "@bencooper94 @CNN omg u r not only stupid but unbelievable moronic libtard", "id_str": "929155502038274048", "in_reply_to_user_id": 386933915, "in_reply_to_status_id_str": "928826010023292929", "contributors": null, "favorite_count": 0, "in_reply_to_status_id": 928826010023292929, "in_reply_to_screen_name": "bencooper94"}, "name": "crypto4all", "is_translator": false, "contributors_enabled": false, "id_str": "3576375141", "is_translation_enabled": false, "statuses_count": 262, "friends_count": 89, "description": "", "profile_background_tile": false, "profile_background_image_url_https": "https://abs.twimg.com/images/themes/theme1/bg.png", "entities": {"description": {"urls": []}}, "profile_use_background_image": true, "verified": false}
2017-11-11T15:00:05.191399	{"follow_request_sent": false, "following": false, "has_extended_profile": false, "statuses_count": 262, "default_profile": true, "description": "", "id_str": "3576375141", "lang": "en", "status": {"geo": null, "in_reply_to_status_id": 928826010023292929, "is_quote_status": false, "id_str": "929155502038274048", "retweet_count": 0, "lang": "en", "favorite_count": 0, "favorited": false, "created_at": "Sat Nov 11 01:15:09 +0000 2017", "in_reply_to_screen_name": "bencooper94", "text": "@bencooper94 @CNN omg u r not only stupid but unbelievable moronic libtard", "truncated": false, "id": 929155502038274048, "in_reply_to_user_id": 386933915, "in_reply_to_status_id_str": "928826010023292929", "entities": {"user_mentions": [{"id": 386933915, "id_str": "386933915", "indices": [0, 12], "name": "Benjamin Cooper", "screen_name": "bencooper94"}, {"id": 759251, "id_str": "759251", "indices": [13, 17], "name": "CNN", "screen_name": "CNN"}], "hashtags": [], "urls": [], "symbols": []}, "retweeted": false, "coordinates": null, "contributors": null, "source": "<a href=\"http://twitter.com/download/android\" rel=\"nofollow\">Twitter for Android</a>", "place": null, "in_reply_to_user_id_str": "386933915"}, "profile_image_url": "http://pbs.twimg.com/profile_images/642336006935547904/YabimARi_normal.jpg", "friends_count": 89, "profile_text_color": "333333", "profile_sidebar_border_color": "C0DEED", "created_at": "Mon Sep 07 11:33:11 +0000 2015", "screen_name": "rob2010svk", "profile_background_tile": false, "profile_sidebar_fill_color": "DDEEF6", "time_zone": "Pacific Time (US & Canada)", "location": "", "default_profile_image": false, "profile_use_background_image": true, "is_translation_enabled": false, "id": 3576375141, "entities": {"description": {"urls": []}}, "geo_enabled": false, "url": null, "profile_link_color": "1DA1F2", "favourites_count": 823, "translator_type": "none", "contributors_enabled": false, "protected": false, "profile_background_color": "C0DEED", "utc_offset": -28800, "followers_count": 21, "notifications": false, "verified": false, "listed_count": 0, "profile_background_image_url_https": "https://abs.twimg.com/images/themes/theme1/bg.png", "is_translator": false, "profile_image_url_https": "https://pbs.twimg.com/profile_images/642336006935547904/YabimARi_normal.jpg", "name": "crypto4all", "profile_background_image_url": "http://abs.twimg.com/images/themes/theme1/bg.png"}
2017-11-11T16:00:04.903113	{"profile_sidebar_fill_color": "DDEEF6", "created_at": "Mon Sep 07 11:33:11 +0000 2015", "time_zone": "Pacific Time (US & Canada)", "location": "", "profile_background_color": "C0DEED", "screen_name": "rob2010svk", "translator_type": "none", "geo_enabled": false, "is_translator": false, "default_profile": true, "profile_image_url_https": "https://pbs.twimg.com/profile_images/642336006935547904/YabimARi_normal.jpg", "followers_count": 21, "profile_background_tile": false, "id": 3576375141, "following": false, "profile_link_color": "1DA1F2", "entities": {"description": {"urls": []}}, "description": "", "default_profile_image": false, "listed_count": 0, "verified": false, "utc_offset": -28800, "statuses_count": 262, "friends_count": 89, "is_translation_enabled": false, "protected": false, "profile_text_color": "333333", "contributors_enabled": false, "url": null, "favourites_count": 823, "profile_use_background_image": true, "status": {"created_at": "Sat Nov 11 01:15:09 +0000 2017", "favorited": false, "in_reply_to_user_id_str": "386933915", "in_reply_to_user_id": 386933915, "truncated": false, "contributors": null, "id": 929155502038274048, "coordinates": null, "entities": {"user_mentions": [{"indices": [0, 12], "id_str": "386933915", "name": "Benjamin Cooper", "id": 386933915, "screen_name": "bencooper94"}, {"indices": [13, 17], "id_str": "759251", "name": "CNN", "id": 759251, "screen_name": "CNN"}], "urls": [], "symbols": [], "hashtags": []}, "in_reply_to_status_id_str": "928826010023292929", "in_reply_to_screen_name": "bencooper94", "in_reply_to_status_id": 928826010023292929, "source": "<a href=\"http://twitter.com/download/android\" rel=\"nofollow\">Twitter for Android</a>", "text": "@bencooper94 @CNN omg u r not only stupid but unbelievable moronic libtard", "geo": null, "is_quote_status": false, "retweeted": false, "lang": "en", "retweet_count": 0, "place": null, "favorite_count": 0, "id_str": "929155502038274048"}, "lang": "en", "profile_background_image_url": "http://abs.twimg.com/images/themes/theme1/bg.png", "has_extended_profile": false, "notifications": false, "profile_sidebar_border_color": "C0DEED", "profile_image_url": "http://pbs.twimg.com/profile_images/642336006935547904/YabimARi_normal.jpg", "profile_background_image_url_https": "https://abs.twimg.com/images/themes/theme1/bg.png", "name": "crypto4all", "follow_request_sent": false, "id_str": "3576375141"}
2017-11-11T17:00:04.567777	{"name": "crypto4all", "protected": false, "verified": false, "description": "", "location": "", "statuses_count": 262, "id": 3576375141, "profile_background_image_url": "http://abs.twimg.com/images/themes/theme1/bg.png", "profile_background_color": "C0DEED", "is_translation_enabled": false, "screen_name": "rob2010svk", "translator_type": "none", "profile_background_tile": false, "geo_enabled": false, "profile_link_color": "1DA1F2", "profile_text_color": "333333", "profile_image_url_https": "https://pbs.twimg.com/profile_images/642336006935547904/YabimARi_normal.jpg", "has_extended_profile": false, "following": false, "listed_count": 0, "profile_image_url": "http://pbs.twimg.com/profile_images/642336006935547904/YabimARi_normal.jpg", "utc_offset": -28800, "is_translator": false, "entities": {"description": {"urls": []}}, "url": null, "notifications": false, "favourites_count": 823, "time_zone": "Pacific Time (US & Canada)", "profile_sidebar_fill_color": "DDEEF6", "friends_count": 89, "followers_count": 21, "profile_background_image_url_https": "https://abs.twimg.com/images/themes/theme1/bg.png", "lang": "en", "status": {"contributors": null, "in_reply_to_screen_name": "bencooper94", "in_reply_to_user_id_str": "386933915", "created_at": "Sat Nov 11 01:15:09 +0000 2017", "id": 929155502038274048, "source": "<a href=\"http://twitter.com/download/android\" rel=\"nofollow\">Twitter for Android</a>", "text": "@bencooper94 @CNN omg u r not only stupid but unbelievable moronic libtard", "in_reply_to_status_id": 928826010023292929, "in_reply_to_status_id_str": "928826010023292929", "favorite_count": 0, "truncated": false, "entities": {"urls": [], "symbols": [], "user_mentions": [{"id_str": "386933915", "id": 386933915, "screen_name": "bencooper94", "name": "Benjamin Cooper", "indices": [0, 12]}, {"id_str": "759251", "id": 759251, "screen_name": "CNN", "name": "CNN", "indices": [13, 17]}], "hashtags": []}, "coordinates": null, "place": null, "lang": "en", "in_reply_to_user_id": 386933915, "retweeted": false, "geo": null, "id_str": "929155502038274048", "is_quote_status": false, "retweet_count": 0, "favorited": false}, "contributors_enabled": false, "default_profile": true, "profile_use_background_image": true, "created_at": "Mon Sep 07 11:33:11 +0000 2015", "id_str": "3576375141", "default_profile_image": false, "follow_request_sent": false, "profile_sidebar_border_color": "C0DEED"}
2017-11-11T18:00:05.400704	{"profile_background_image_url_https": "https://abs.twimg.com/images/themes/theme1/bg.png", "status": {"truncated": false, "favorite_count": 0, "lang": "en", "contributors": null, "in_reply_to_status_id_str": "928826010023292929", "retweeted": false, "place": null, "created_at": "Sat Nov 11 01:15:09 +0000 2017", "retweet_count": 0, "source": "<a href=\"http://twitter.com/download/android\" rel=\"nofollow\">Twitter for Android</a>", "is_quote_status": false, "entities": {"symbols": [], "hashtags": [], "user_mentions": [{"indices": [0, 12], "screen_name": "bencooper94", "id_str": "386933915", "id": 386933915, "name": "Benjamin Cooper"}, {"indices": [13, 17], "screen_name": "CNN", "id_str": "759251", "id": 759251, "name": "CNN"}], "urls": []}, "id_str": "929155502038274048", "id": 929155502038274048, "coordinates": null, "text": "@bencooper94 @CNN omg u r not only stupid but unbelievable moronic libtard", "in_reply_to_screen_name": "bencooper94", "in_reply_to_status_id": 928826010023292929, "in_reply_to_user_id_str": "386933915", "geo": null, "favorited": false, "in_reply_to_user_id": 386933915}, "utc_offset": -28800, "name": "crypto4all", "id": 3576375141, "contributors_enabled": false, "lang": "en", "profile_use_background_image": true, "favourites_count": 823, "profile_image_url": "http://pbs.twimg.com/profile_images/642336006935547904/YabimARi_normal.jpg", "is_translator": false, "url": null, "default_profile_image": false, "created_at": "Mon Sep 07 11:33:11 +0000 2015", "statuses_count": 262, "has_extended_profile": false, "listed_count": 0, "description": "", "follow_request_sent": false, "friends_count": 89, "following": false, "translator_type": "none", "time_zone": "Pacific Time (US & Canada)", "entities": {"description": {"urls": []}}, "location": "", "verified": false, "geo_enabled": false, "screen_name": "rob2010svk", "followers_count": 21, "profile_background_image_url": "http://abs.twimg.com/images/themes/theme1/bg.png", "is_translation_enabled": false, "profile_sidebar_fill_color": "DDEEF6", "default_profile": true, "profile_link_color": "1DA1F2", "profile_sidebar_border_color": "C0DEED", "profile_text_color": "333333", "profile_background_tile": false, "protected": false, "profile_background_color": "C0DEED", "notifications": false, "id_str": "3576375141", "profile_image_url_https": "https://pbs.twimg.com/profile_images/642336006935547904/YabimARi_normal.jpg"}
2017-11-11T19:00:05.086504	{"is_translation_enabled": false, "statuses_count": 262, "followers_count": 21, "notifications": false, "profile_background_image_url_https": "https://abs.twimg.com/images/themes/theme1/bg.png", "profile_background_color": "C0DEED", "is_translator": false, "lang": "en", "url": null, "profile_image_url_https": "https://pbs.twimg.com/profile_images/642336006935547904/YabimARi_normal.jpg", "listed_count": 0, "name": "crypto4all", "profile_sidebar_fill_color": "DDEEF6", "translator_type": "none", "time_zone": "Pacific Time (US & Canada)", "profile_background_image_url": "http://abs.twimg.com/images/themes/theme1/bg.png", "profile_background_tile": false, "id_str": "3576375141", "entities": {"description": {"urls": []}}, "verified": false, "contributors_enabled": false, "has_extended_profile": false, "id": 3576375141, "screen_name": "rob2010svk", "protected": false, "status": {"in_reply_to_user_id": 386933915, "retweet_count": 0, "lang": "en", "favorited": false, "contributors": null, "text": "@bencooper94 @CNN omg u r not only stupid but unbelievable moronic libtard", "truncated": false, "in_reply_to_screen_name": "bencooper94", "id_str": "929155502038274048", "in_reply_to_status_id_str": "928826010023292929", "entities": {"hashtags": [], "user_mentions": [{"screen_name": "bencooper94", "indices": [0, 12], "id_str": "386933915", "name": "Benjamin Cooper", "id": 386933915}, {"screen_name": "CNN", "indices": [13, 17], "id_str": "759251", "name": "CNN", "id": 759251}], "urls": [], "symbols": []}, "geo": null, "in_reply_to_status_id": 928826010023292929, "id": 929155502038274048, "place": null, "coordinates": null, "source": "<a href=\"http://twitter.com/download/android\" rel=\"nofollow\">Twitter for Android</a>", "created_at": "Sat Nov 11 01:15:09 +0000 2017", "favorite_count": 0, "retweeted": false, "is_quote_status": false, "in_reply_to_user_id_str": "386933915"}, "friends_count": 89, "location": "", "profile_text_color": "333333", "utc_offset": -28800, "geo_enabled": false, "default_profile_image": false, "follow_request_sent": false, "profile_link_color": "1DA1F2", "following": false, "created_at": "Mon Sep 07 11:33:11 +0000 2015", "default_profile": true, "description": "", "profile_sidebar_border_color": "C0DEED", "favourites_count": 823, "profile_image_url": "http://pbs.twimg.com/profile_images/642336006935547904/YabimARi_normal.jpg", "profile_use_background_image": true}
2017-11-11T20:00:05.171961	{"is_translator": false, "profile_sidebar_border_color": "C0DEED", "statuses_count": 262, "is_translation_enabled": false, "protected": false, "screen_name": "rob2010svk", "status": {"favorited": false, "in_reply_to_status_id": 928826010023292929, "coordinates": null, "truncated": false, "retweeted": false, "source": "<a href=\"http://twitter.com/download/android\" rel=\"nofollow\">Twitter for Android</a>", "entities": {"urls": [], "hashtags": [], "user_mentions": [{"id": 386933915, "screen_name": "bencooper94", "indices": [0, 12], "name": "Benjamin Cooper", "id_str": "386933915"}, {"id": 759251, "screen_name": "CNN", "indices": [13, 17], "name": "CNN", "id_str": "759251"}], "symbols": []}, "retweet_count": 0, "is_quote_status": false, "id": 929155502038274048, "place": null, "lang": "en", "contributors": null, "in_reply_to_screen_name": "bencooper94", "geo": null, "created_at": "Sat Nov 11 01:15:09 +0000 2017", "text": "@bencooper94 @CNN omg u r not only stupid but unbelievable moronic libtard", "favorite_count": 0, "id_str": "929155502038274048", "in_reply_to_user_id_str": "386933915", "in_reply_to_user_id": 386933915, "in_reply_to_status_id_str": "928826010023292929"}, "profile_use_background_image": true, "default_profile": true, "entities": {"description": {"urls": []}}, "time_zone": "Pacific Time (US & Canada)", "profile_image_url_https": "https://pbs.twimg.com/profile_images/642336006935547904/YabimARi_normal.jpg", "geo_enabled": false, "id": 3576375141, "verified": false, "description": "", "name": "crypto4all", "default_profile_image": false, "contributors_enabled": false, "utc_offset": -28800, "profile_background_image_url_https": "https://abs.twimg.com/images/themes/theme1/bg.png", "translator_type": "none", "friends_count": 89, "favourites_count": 850, "profile_sidebar_fill_color": "DDEEF6", "created_at": "Mon Sep 07 11:33:11 +0000 2015", "url": null, "followers_count": 21, "has_extended_profile": false, "profile_background_tile": false, "profile_background_image_url": "http://abs.twimg.com/images/themes/theme1/bg.png", "profile_image_url": "http://pbs.twimg.com/profile_images/642336006935547904/YabimARi_normal.jpg", "profile_link_color": "1DA1F2", "follow_request_sent": false, "location": "", "notifications": false, "id_str": "3576375141", "lang": "en", "following": false, "listed_count": 0, "profile_text_color": "333333", "profile_background_color": "C0DEED"}
2017-11-11T21:00:04.857259	{"profile_image_url_https": "https://pbs.twimg.com/profile_images/642336006935547904/YabimARi_normal.jpg", "default_profile": true, "profile_link_color": "1DA1F2", "id": 3576375141, "description": "", "following": false, "profile_background_color": "C0DEED", "profile_text_color": "333333", "protected": false, "created_at": "Mon Sep 07 11:33:11 +0000 2015", "is_translator": false, "url": null, "profile_use_background_image": true, "notifications": false, "name": "crypto4all", "geo_enabled": false, "status": {"favorited": false, "source": "<a href=\"http://twitter.com/download/android\" rel=\"nofollow\">Twitter for Android</a>", "in_reply_to_user_id": 386933915, "favorite_count": 0, "id": 929155502038274048, "coordinates": null, "created_at": "Sat Nov 11 01:15:09 +0000 2017", "in_reply_to_status_id": 928826010023292929, "lang": "en", "in_reply_to_status_id_str": "928826010023292929", "truncated": false, "in_reply_to_screen_name": "bencooper94", "geo": null, "retweeted": false, "id_str": "929155502038274048", "retweet_count": 0, "contributors": null, "text": "@bencooper94 @CNN omg u r not only stupid but unbelievable moronic libtard", "in_reply_to_user_id_str": "386933915", "place": null, "is_quote_status": false, "entities": {"user_mentions": [{"id": 386933915, "name": "Benjamin Cooper", "indices": [0, 12], "screen_name": "bencooper94", "id_str": "386933915"}, {"id": 759251, "name": "CNN", "indices": [13, 17], "screen_name": "CNN", "id_str": "759251"}], "symbols": [], "urls": [], "hashtags": []}}, "verified": false, "default_profile_image": false, "friends_count": 89, "translator_type": "none", "screen_name": "rob2010svk", "profile_background_image_url_https": "https://abs.twimg.com/images/themes/theme1/bg.png", "profile_image_url": "http://pbs.twimg.com/profile_images/642336006935547904/YabimARi_normal.jpg", "has_extended_profile": false, "followers_count": 21, "contributors_enabled": false, "id_str": "3576375141", "location": "", "lang": "en", "statuses_count": 262, "profile_sidebar_border_color": "C0DEED", "is_translation_enabled": false, "favourites_count": 850, "profile_background_tile": false, "listed_count": 0, "follow_request_sent": false, "entities": {"description": {"urls": []}}, "profile_sidebar_fill_color": "DDEEF6", "profile_background_image_url": "http://abs.twimg.com/images/themes/theme1/bg.png", "utc_offset": -28800, "time_zone": "Pacific Time (US & Canada)"}
2017-11-11T22:00:04.975113	{"profile_use_background_image": true, "friends_count": 89, "favourites_count": 850, "lang": "en", "profile_sidebar_fill_color": "DDEEF6", "translator_type": "none", "profile_image_url": "http://pbs.twimg.com/profile_images/642336006935547904/YabimARi_normal.jpg", "profile_background_tile": false, "follow_request_sent": false, "profile_sidebar_border_color": "C0DEED", "statuses_count": 262, "default_profile": true, "url": null, "profile_link_color": "1DA1F2", "default_profile_image": false, "is_translation_enabled": false, "geo_enabled": false, "contributors_enabled": false, "verified": false, "id_str": "3576375141", "followers_count": 21, "protected": false, "name": "crypto4all", "is_translator": false, "description": "", "has_extended_profile": false, "profile_background_image_url_https": "https://abs.twimg.com/images/themes/theme1/bg.png", "profile_image_url_https": "https://pbs.twimg.com/profile_images/642336006935547904/YabimARi_normal.jpg", "profile_background_image_url": "http://abs.twimg.com/images/themes/theme1/bg.png", "profile_background_color": "C0DEED", "screen_name": "rob2010svk", "profile_text_color": "333333", "following": false, "id": 3576375141, "time_zone": "Pacific Time (US & Canada)", "entities": {"description": {"urls": []}}, "utc_offset": -28800, "listed_count": 0, "location": "", "status": {"place": null, "lang": "en", "in_reply_to_status_id_str": "928826010023292929", "in_reply_to_status_id": 928826010023292929, "text": "@bencooper94 @CNN omg u r not only stupid but unbelievable moronic libtard", "favorite_count": 0, "favorited": false, "source": "<a href=\"http://twitter.com/download/android\" rel=\"nofollow\">Twitter for Android</a>", "contributors": null, "in_reply_to_screen_name": "bencooper94", "entities": {"urls": [], "symbols": [], "hashtags": [], "user_mentions": [{"id_str": "386933915", "id": 386933915, "name": "Benjamin Cooper", "screen_name": "bencooper94", "indices": [0, 12]}, {"id_str": "759251", "id": 759251, "name": "CNN", "screen_name": "CNN", "indices": [13, 17]}]}, "id_str": "929155502038274048", "in_reply_to_user_id": 386933915, "truncated": false, "geo": null, "retweet_count": 0, "id": 929155502038274048, "in_reply_to_user_id_str": "386933915", "is_quote_status": false, "retweeted": false, "created_at": "Sat Nov 11 01:15:09 +0000 2017", "coordinates": null}, "created_at": "Mon Sep 07 11:33:11 +0000 2015", "notifications": false}
2017-11-11T23:00:04.662793	{"profile_background_image_url": "http://abs.twimg.com/images/themes/theme1/bg.png", "profile_image_url_https": "https://pbs.twimg.com/profile_images/642336006935547904/YabimARi_normal.jpg", "location": "", "is_translator": false, "id": 3576375141, "has_extended_profile": false, "created_at": "Mon Sep 07 11:33:11 +0000 2015", "time_zone": "Pacific Time (US & Canada)", "profile_use_background_image": true, "screen_name": "rob2010svk", "translator_type": "none", "verified": false, "profile_text_color": "333333", "url": null, "profile_background_image_url_https": "https://abs.twimg.com/images/themes/theme1/bg.png", "profile_sidebar_fill_color": "DDEEF6", "protected": false, "followers_count": 21, "profile_background_color": "C0DEED", "favourites_count": 850, "is_translation_enabled": false, "name": "crypto4all", "listed_count": 0, "profile_background_tile": false, "friends_count": 89, "default_profile_image": false, "description": "", "id_str": "3576375141", "following": false, "utc_offset": -28800, "follow_request_sent": false, "statuses_count": 262, "geo_enabled": false, "profile_image_url": "http://pbs.twimg.com/profile_images/642336006935547904/YabimARi_normal.jpg", "notifications": false, "default_profile": true, "profile_link_color": "1DA1F2", "profile_sidebar_border_color": "C0DEED", "contributors_enabled": false, "lang": "en", "status": {"in_reply_to_user_id": 386933915, "id_str": "929155502038274048", "created_at": "Sat Nov 11 01:15:09 +0000 2017", "in_reply_to_screen_name": "bencooper94", "favorite_count": 0, "truncated": false, "favorited": false, "geo": null, "is_quote_status": false, "in_reply_to_status_id": 928826010023292929, "id": 929155502038274048, "coordinates": null, "in_reply_to_user_id_str": "386933915", "retweet_count": 0, "lang": "en", "text": "@bencooper94 @CNN omg u r not only stupid but unbelievable moronic libtard", "in_reply_to_status_id_str": "928826010023292929", "source": "<a href=\"http://twitter.com/download/android\" rel=\"nofollow\">Twitter for Android</a>", "retweeted": false, "place": null, "contributors": null, "entities": {"symbols": [], "user_mentions": [{"indices": [0, 12], "id_str": "386933915", "id": 386933915, "screen_name": "bencooper94", "name": "Benjamin Cooper"}, {"indices": [13, 17], "id_str": "759251", "id": 759251, "screen_name": "CNN", "name": "CNN"}], "hashtags": [], "urls": []}}, "entities": {"description": {"urls": []}}}
2017-11-12T00:00:04.889173	{"default_profile_image": false, "is_translation_enabled": false, "geo_enabled": false, "translator_type": "none", "default_profile": true, "status": {"favorited": false, "source": "<a href=\"http://twitter.com/download/android\" rel=\"nofollow\">Twitter for Android</a>", "retweeted": false, "coordinates": null, "lang": "en", "in_reply_to_status_id": 928826010023292929, "id_str": "929155502038274048", "is_quote_status": false, "favorite_count": 0, "truncated": false, "in_reply_to_user_id": 386933915, "id": 929155502038274048, "contributors": null, "geo": null, "text": "@bencooper94 @CNN omg u r not only stupid but unbelievable moronic libtard", "retweet_count": 0, "created_at": "Sat Nov 11 01:15:09 +0000 2017", "place": null, "in_reply_to_user_id_str": "386933915", "in_reply_to_screen_name": "bencooper94", "entities": {"symbols": [], "hashtags": [], "urls": [], "user_mentions": [{"indices": [0, 12], "id": 386933915, "id_str": "386933915", "screen_name": "bencooper94", "name": "Benjamin Cooper"}, {"indices": [13, 17], "id": 759251, "id_str": "759251", "screen_name": "CNN", "name": "CNN"}]}, "in_reply_to_status_id_str": "928826010023292929"}, "verified": false, "utc_offset": -28800, "name": "crypto4all", "contributors_enabled": false, "screen_name": "rob2010svk", "profile_background_image_url": "http://abs.twimg.com/images/themes/theme1/bg.png", "profile_sidebar_border_color": "C0DEED", "profile_background_tile": false, "id_str": "3576375141", "favourites_count": 850, "protected": false, "following": false, "lang": "en", "profile_background_image_url_https": "https://abs.twimg.com/images/themes/theme1/bg.png", "is_translator": false, "follow_request_sent": false, "profile_link_color": "1DA1F2", "location": "", "id": 3576375141, "friends_count": 89, "listed_count": 0, "profile_use_background_image": true, "time_zone": "Pacific Time (US & Canada)", "followers_count": 21, "profile_image_url": "http://pbs.twimg.com/profile_images/642336006935547904/YabimARi_normal.jpg", "has_extended_profile": false, "url": null, "created_at": "Mon Sep 07 11:33:11 +0000 2015", "notifications": false, "description": "", "profile_background_color": "C0DEED", "statuses_count": 262, "profile_sidebar_fill_color": "DDEEF6", "profile_image_url_https": "https://pbs.twimg.com/profile_images/642336006935547904/YabimARi_normal.jpg", "entities": {"description": {"urls": []}}, "profile_text_color": "333333"}
2017-11-12T01:00:05.131057	{"status": {"created_at": "Sat Nov 11 01:15:09 +0000 2017", "truncated": false, "contributors": null, "source": "<a href=\"http://twitter.com/download/android\" rel=\"nofollow\">Twitter for Android</a>", "entities": {"symbols": [], "urls": [], "hashtags": [], "user_mentions": [{"indices": [0, 12], "name": "Benjamin Cooper", "screen_name": "bencooper94", "id": 386933915, "id_str": "386933915"}, {"indices": [13, 17], "name": "CNN", "screen_name": "CNN", "id": 759251, "id_str": "759251"}]}, "lang": "en", "retweeted": false, "in_reply_to_user_id": 386933915, "place": null, "in_reply_to_status_id_str": "928826010023292929", "text": "@bencooper94 @CNN omg u r not only stupid but unbelievable moronic libtard", "in_reply_to_status_id": 928826010023292929, "id_str": "929155502038274048", "favorited": false, "coordinates": null, "geo": null, "retweet_count": 0, "is_quote_status": false, "id": 929155502038274048, "favorite_count": 0, "in_reply_to_screen_name": "bencooper94", "in_reply_to_user_id_str": "386933915"}, "created_at": "Mon Sep 07 11:33:11 +0000 2015", "screen_name": "rob2010svk", "contributors_enabled": false, "profile_background_tile": false, "verified": false, "lang": "en", "description": "", "profile_text_color": "333333", "entities": {"description": {"urls": []}}, "url": null, "translator_type": "none", "default_profile_image": false, "profile_image_url": "http://pbs.twimg.com/profile_images/642336006935547904/YabimARi_normal.jpg", "profile_image_url_https": "https://pbs.twimg.com/profile_images/642336006935547904/YabimARi_normal.jpg", "profile_link_color": "1DA1F2", "notifications": false, "utc_offset": -28800, "is_translation_enabled": false, "location": "", "time_zone": "Pacific Time (US & Canada)", "profile_background_image_url_https": "https://abs.twimg.com/images/themes/theme1/bg.png", "statuses_count": 262, "listed_count": 0, "profile_sidebar_fill_color": "DDEEF6", "profile_use_background_image": true, "friends_count": 89, "default_profile": true, "profile_background_color": "C0DEED", "id_str": "3576375141", "follow_request_sent": false, "protected": false, "followers_count": 21, "following": false, "favourites_count": 850, "name": "crypto4all", "id": 3576375141, "geo_enabled": false, "has_extended_profile": false, "profile_sidebar_border_color": "C0DEED", "profile_background_image_url": "http://abs.twimg.com/images/themes/theme1/bg.png", "is_translator": false}
2017-11-12T02:00:05.208682	{"profile_background_color": "C0DEED", "description": "", "protected": false, "is_translator": false, "lang": "en", "status": {"is_quote_status": false, "favorited": false, "in_reply_to_user_id_str": "386933915", "in_reply_to_user_id": 386933915, "truncated": false, "place": null, "contributors": null, "in_reply_to_status_id_str": "928826010023292929", "in_reply_to_screen_name": "bencooper94", "lang": "en", "created_at": "Sat Nov 11 01:15:09 +0000 2017", "in_reply_to_status_id": 928826010023292929, "source": "<a href=\"http://twitter.com/download/android\" rel=\"nofollow\">Twitter for Android</a>", "geo": null, "retweet_count": 0, "coordinates": null, "id": 929155502038274048, "entities": {"user_mentions": [{"name": "Benjamin Cooper", "screen_name": "bencooper94", "indices": [0, 12], "id": 386933915, "id_str": "386933915"}, {"name": "CNN", "screen_name": "CNN", "indices": [13, 17], "id": 759251, "id_str": "759251"}], "urls": [], "symbols": [], "hashtags": []}, "id_str": "929155502038274048", "retweeted": false, "text": "@bencooper94 @CNN omg u r not only stupid but unbelievable moronic libtard", "favorite_count": 0}, "profile_sidebar_fill_color": "DDEEF6", "id_str": "3576375141", "location": "", "contributors_enabled": false, "follow_request_sent": false, "profile_background_tile": false, "utc_offset": -28800, "profile_text_color": "333333", "profile_link_color": "1DA1F2", "profile_image_url_https": "https://pbs.twimg.com/profile_images/642336006935547904/YabimARi_normal.jpg", "followers_count": 21, "has_extended_profile": false, "profile_background_image_url": "http://abs.twimg.com/images/themes/theme1/bg.png", "is_translation_enabled": false, "favourites_count": 850, "name": "crypto4all", "translator_type": "none", "statuses_count": 262, "created_at": "Mon Sep 07 11:33:11 +0000 2015", "following": false, "default_profile": true, "profile_use_background_image": true, "time_zone": "Pacific Time (US & Canada)", "geo_enabled": false, "profile_image_url": "http://pbs.twimg.com/profile_images/642336006935547904/YabimARi_normal.jpg", "profile_background_image_url_https": "https://abs.twimg.com/images/themes/theme1/bg.png", "id": 3576375141, "entities": {"description": {"urls": []}}, "listed_count": 0, "friends_count": 89, "verified": false, "screen_name": "rob2010svk", "profile_sidebar_border_color": "C0DEED", "default_profile_image": false, "url": null, "notifications": false}
2017-11-12T03:00:05.384147	{"status": {"created_at": "Sat Nov 11 01:15:09 +0000 2017", "contributors": null, "id": 929155502038274048, "favorite_count": 0, "source": "<a href=\"http://twitter.com/download/android\" rel=\"nofollow\">Twitter for Android</a>", "geo": null, "lang": "en", "favorited": false, "place": null, "truncated": false, "in_reply_to_screen_name": "bencooper94", "in_reply_to_status_id": 928826010023292929, "retweet_count": 0, "in_reply_to_user_id": 386933915, "text": "@bencooper94 @CNN omg u r not only stupid but unbelievable moronic libtard", "in_reply_to_status_id_str": "928826010023292929", "coordinates": null, "in_reply_to_user_id_str": "386933915", "retweeted": false, "is_quote_status": false, "entities": {"symbols": [], "hashtags": [], "urls": [], "user_mentions": [{"screen_name": "bencooper94", "indices": [0, 12], "id": 386933915, "name": "Benjamin Cooper", "id_str": "386933915"}, {"screen_name": "CNN", "indices": [13, 17], "id": 759251, "name": "CNN", "id_str": "759251"}]}, "id_str": "929155502038274048"}, "protected": false, "id": 3576375141, "utc_offset": -28800, "notifications": false, "friends_count": 89, "profile_image_url": "http://pbs.twimg.com/profile_images/642336006935547904/YabimARi_normal.jpg", "profile_sidebar_border_color": "C0DEED", "listed_count": 0, "profile_text_color": "333333", "profile_link_color": "1DA1F2", "lang": "en", "profile_background_color": "C0DEED", "geo_enabled": false, "verified": false, "profile_background_image_url_https": "https://abs.twimg.com/images/themes/theme1/bg.png", "default_profile_image": false, "profile_sidebar_fill_color": "DDEEF6", "is_translation_enabled": false, "created_at": "Mon Sep 07 11:33:11 +0000 2015", "is_translator": false, "screen_name": "rob2010svk", "favourites_count": 850, "contributors_enabled": false, "follow_request_sent": false, "followers_count": 21, "location": "", "entities": {"description": {"urls": []}}, "translator_type": "none", "profile_use_background_image": true, "profile_image_url_https": "https://pbs.twimg.com/profile_images/642336006935547904/YabimARi_normal.jpg", "url": null, "profile_background_tile": false, "following": false, "profile_background_image_url": "http://abs.twimg.com/images/themes/theme1/bg.png", "statuses_count": 262, "time_zone": "Pacific Time (US & Canada)", "has_extended_profile": false, "name": "crypto4all", "id_str": "3576375141", "description": "", "default_profile": true}
2017-11-12T04:00:04.623519	{"location": "", "verified": false, "profile_text_color": "333333", "screen_name": "rob2010svk", "profile_background_image_url": "http://abs.twimg.com/images/themes/theme1/bg.png", "geo_enabled": false, "id": 3576375141, "profile_link_color": "1DA1F2", "profile_image_url_https": "https://pbs.twimg.com/profile_images/642336006935547904/YabimARi_normal.jpg", "followers_count": 21, "notifications": false, "created_at": "Mon Sep 07 11:33:11 +0000 2015", "profile_background_image_url_https": "https://abs.twimg.com/images/themes/theme1/bg.png", "listed_count": 0, "lang": "en", "profile_image_url": "http://pbs.twimg.com/profile_images/642336006935547904/YabimARi_normal.jpg", "url": null, "contributors_enabled": false, "status": {"coordinates": null, "in_reply_to_status_id_str": "928826010023292929", "id": 929155502038274048, "truncated": false, "retweet_count": 0, "created_at": "Sat Nov 11 01:15:09 +0000 2017", "lang": "en", "source": "<a href=\"http://twitter.com/download/android\" rel=\"nofollow\">Twitter for Android</a>", "id_str": "929155502038274048", "favorite_count": 0, "in_reply_to_user_id_str": "386933915", "favorited": false, "text": "@bencooper94 @CNN omg u r not only stupid but unbelievable moronic libtard", "retweeted": false, "contributors": null, "entities": {"hashtags": [], "user_mentions": [{"indices": [0, 12], "id_str": "386933915", "screen_name": "bencooper94", "name": "Benjamin Cooper", "id": 386933915}, {"indices": [13, 17], "id_str": "759251", "screen_name": "CNN", "name": "CNN", "id": 759251}], "urls": [], "symbols": []}, "place": null, "in_reply_to_screen_name": "bencooper94", "geo": null, "in_reply_to_status_id": 928826010023292929, "in_reply_to_user_id": 386933915, "is_quote_status": false}, "name": "crypto4all", "default_profile": true, "time_zone": "Pacific Time (US & Canada)", "profile_sidebar_border_color": "C0DEED", "has_extended_profile": false, "profile_background_tile": false, "profile_sidebar_fill_color": "DDEEF6", "profile_use_background_image": true, "is_translation_enabled": false, "entities": {"description": {"urls": []}}, "id_str": "3576375141", "protected": false, "profile_background_color": "C0DEED", "follow_request_sent": false, "friends_count": 89, "favourites_count": 850, "description": "", "translator_type": "none", "statuses_count": 262, "default_profile_image": false, "is_translator": false, "utc_offset": -28800, "following": false}
2017-11-12T05:00:05.478605	{"entities": {"description": {"urls": []}}, "url": null, "following": false, "notifications": false, "profile_text_color": "333333", "profile_image_url_https": "https://pbs.twimg.com/profile_images/642336006935547904/YabimARi_normal.jpg", "is_translator": false, "location": "", "profile_link_color": "1DA1F2", "profile_background_image_url_https": "https://abs.twimg.com/images/themes/theme1/bg.png", "follow_request_sent": false, "listed_count": 0, "name": "crypto4all", "default_profile_image": false, "profile_background_image_url": "http://abs.twimg.com/images/themes/theme1/bg.png", "description": "", "profile_sidebar_fill_color": "DDEEF6", "default_profile": true, "verified": false, "profile_image_url": "http://pbs.twimg.com/profile_images/642336006935547904/YabimARi_normal.jpg", "friends_count": 89, "id_str": "3576375141", "translator_type": "none", "protected": false, "profile_background_color": "C0DEED", "profile_background_tile": false, "created_at": "Mon Sep 07 11:33:11 +0000 2015", "profile_sidebar_border_color": "C0DEED", "favourites_count": 850, "geo_enabled": false, "utc_offset": -28800, "is_translation_enabled": false, "screen_name": "rob2010svk", "time_zone": "Pacific Time (US & Canada)", "contributors_enabled": false, "followers_count": 21, "status": {"entities": {"user_mentions": [{"id_str": "386933915", "id": 386933915, "name": "Benjamin Cooper", "screen_name": "bencooper94", "indices": [0, 12]}, {"id_str": "759251", "id": 759251, "name": "CNN", "screen_name": "CNN", "indices": [13, 17]}], "hashtags": [], "symbols": [], "urls": []}, "in_reply_to_status_id": 928826010023292929, "truncated": false, "id": 929155502038274048, "place": null, "geo": null, "retweet_count": 0, "favorited": false, "in_reply_to_user_id": 386933915, "id_str": "929155502038274048", "text": "@bencooper94 @CNN omg u r not only stupid but unbelievable moronic libtard", "contributors": null, "coordinates": null, "created_at": "Sat Nov 11 01:15:09 +0000 2017", "is_quote_status": false, "retweeted": false, "in_reply_to_status_id_str": "928826010023292929", "source": "<a href=\"http://twitter.com/download/android\" rel=\"nofollow\">Twitter for Android</a>", "in_reply_to_user_id_str": "386933915", "favorite_count": 0, "in_reply_to_screen_name": "bencooper94", "lang": "en"}, "id": 3576375141, "profile_use_background_image": true, "has_extended_profile": false, "lang": "en", "statuses_count": 262}
2017-11-12T06:00:04.950660	{"default_profile_image": false, "listed_count": 0, "followers_count": 21, "time_zone": "Pacific Time (US & Canada)", "favourites_count": 850, "statuses_count": 262, "lang": "en", "profile_background_image_url": "http://abs.twimg.com/images/themes/theme1/bg.png", "created_at": "Mon Sep 07 11:33:11 +0000 2015", "has_extended_profile": false, "default_profile": true, "name": "crypto4all", "profile_background_tile": false, "entities": {"description": {"urls": []}}, "is_translator": false, "verified": false, "friends_count": 89, "status": {"in_reply_to_user_id": 386933915, "in_reply_to_screen_name": "bencooper94", "in_reply_to_status_id_str": "928826010023292929", "lang": "en", "geo": null, "created_at": "Sat Nov 11 01:15:09 +0000 2017", "truncated": false, "place": null, "text": "@bencooper94 @CNN omg u r not only stupid but unbelievable moronic libtard", "entities": {"urls": [], "symbols": [], "user_mentions": [{"indices": [0, 12], "name": "Benjamin Cooper", "screen_name": "bencooper94", "id_str": "386933915", "id": 386933915}, {"indices": [13, 17], "name": "CNN", "screen_name": "CNN", "id_str": "759251", "id": 759251}], "hashtags": []}, "is_quote_status": false, "contributors": null, "in_reply_to_user_id_str": "386933915", "retweet_count": 0, "in_reply_to_status_id": 928826010023292929, "source": "<a href=\"http://twitter.com/download/android\" rel=\"nofollow\">Twitter for Android</a>", "favorite_count": 0, "coordinates": null, "id": 929155502038274048, "id_str": "929155502038274048", "retweeted": false, "favorited": false}, "profile_background_image_url_https": "https://abs.twimg.com/images/themes/theme1/bg.png", "id": 3576375141, "url": null, "profile_background_color": "C0DEED", "description": "", "profile_sidebar_border_color": "C0DEED", "following": false, "translator_type": "none", "is_translation_enabled": false, "protected": false, "contributors_enabled": false, "profile_sidebar_fill_color": "DDEEF6", "geo_enabled": false, "profile_image_url": "http://pbs.twimg.com/profile_images/642336006935547904/YabimARi_normal.jpg", "screen_name": "rob2010svk", "notifications": false, "id_str": "3576375141", "location": "", "follow_request_sent": false, "profile_link_color": "1DA1F2", "profile_image_url_https": "https://pbs.twimg.com/profile_images/642336006935547904/YabimARi_normal.jpg", "utc_offset": -28800, "profile_text_color": "333333", "profile_use_background_image": true}
2017-11-12T07:00:04.879194	{"favourites_count": 850, "statuses_count": 262, "is_translator": false, "follow_request_sent": false, "profile_background_color": "C0DEED", "verified": false, "location": "", "profile_sidebar_fill_color": "DDEEF6", "protected": false, "description": "", "geo_enabled": false, "lang": "en", "profile_sidebar_border_color": "C0DEED", "profile_background_image_url": "http://abs.twimg.com/images/themes/theme1/bg.png", "contributors_enabled": false, "time_zone": "Pacific Time (US & Canada)", "profile_background_tile": false, "status": {"in_reply_to_status_id": 928826010023292929, "truncated": false, "in_reply_to_screen_name": "bencooper94", "is_quote_status": false, "favorite_count": 0, "in_reply_to_user_id_str": "386933915", "favorited": false, "lang": "en", "geo": null, "in_reply_to_user_id": 386933915, "id": 929155502038274048, "source": "<a href=\"http://twitter.com/download/android\" rel=\"nofollow\">Twitter for Android</a>", "retweet_count": 0, "created_at": "Sat Nov 11 01:15:09 +0000 2017", "id_str": "929155502038274048", "text": "@bencooper94 @CNN omg u r not only stupid but unbelievable moronic libtard", "in_reply_to_status_id_str": "928826010023292929", "coordinates": null, "place": null, "contributors": null, "entities": {"symbols": [], "hashtags": [], "urls": [], "user_mentions": [{"id_str": "386933915", "indices": [0, 12], "id": 386933915, "name": "Benjamin Cooper", "screen_name": "bencooper94"}, {"id_str": "759251", "indices": [13, 17], "id": 759251, "name": "CNN", "screen_name": "CNN"}]}, "retweeted": false}, "profile_image_url": "http://pbs.twimg.com/profile_images/642336006935547904/YabimARi_normal.jpg", "listed_count": 0, "screen_name": "rob2010svk", "has_extended_profile": false, "followers_count": 21, "id": 3576375141, "entities": {"description": {"urls": []}}, "default_profile": true, "notifications": false, "created_at": "Mon Sep 07 11:33:11 +0000 2015", "friends_count": 89, "profile_text_color": "333333", "profile_link_color": "1DA1F2", "profile_image_url_https": "https://pbs.twimg.com/profile_images/642336006935547904/YabimARi_normal.jpg", "default_profile_image": false, "following": false, "name": "crypto4all", "url": null, "profile_background_image_url_https": "https://abs.twimg.com/images/themes/theme1/bg.png", "profile_use_background_image": true, "translator_type": "none", "id_str": "3576375141", "utc_offset": -28800, "is_translation_enabled": false}
2017-11-12T08:00:04.843068	{"protected": false, "id_str": "3576375141", "translator_type": "none", "has_extended_profile": false, "time_zone": "Pacific Time (US & Canada)", "utc_offset": -28800, "favourites_count": 850, "followers_count": 21, "profile_image_url_https": "https://pbs.twimg.com/profile_images/642336006935547904/YabimARi_normal.jpg", "lang": "en", "follow_request_sent": false, "profile_background_image_url": "http://abs.twimg.com/images/themes/theme1/bg.png", "created_at": "Mon Sep 07 11:33:11 +0000 2015", "profile_link_color": "1DA1F2", "following": false, "statuses_count": 262, "id": 3576375141, "location": "", "profile_text_color": "333333", "geo_enabled": false, "profile_image_url": "http://pbs.twimg.com/profile_images/642336006935547904/YabimARi_normal.jpg", "profile_background_image_url_https": "https://abs.twimg.com/images/themes/theme1/bg.png", "notifications": false, "verified": false, "is_translation_enabled": false, "is_translator": false, "contributors_enabled": false, "description": "", "profile_use_background_image": true, "default_profile_image": false, "entities": {"description": {"urls": []}}, "listed_count": 0, "profile_background_tile": false, "status": {"in_reply_to_screen_name": "bencooper94", "text": "@bencooper94 @CNN omg u r not only stupid but unbelievable moronic libtard", "in_reply_to_user_id_str": "386933915", "id_str": "929155502038274048", "favorited": false, "lang": "en", "favorite_count": 0, "contributors": null, "source": "<a href=\"http://twitter.com/download/android\" rel=\"nofollow\">Twitter for Android</a>", "in_reply_to_user_id": 386933915, "created_at": "Sat Nov 11 01:15:09 +0000 2017", "id": 929155502038274048, "is_quote_status": false, "geo": null, "place": null, "retweet_count": 0, "in_reply_to_status_id_str": "928826010023292929", "coordinates": null, "truncated": false, "entities": {"user_mentions": [{"id": 386933915, "id_str": "386933915", "name": "Benjamin Cooper", "indices": [0, 12], "screen_name": "bencooper94"}, {"id": 759251, "id_str": "759251", "name": "CNN", "indices": [13, 17], "screen_name": "CNN"}], "symbols": [], "hashtags": [], "urls": []}, "in_reply_to_status_id": 928826010023292929, "retweeted": false}, "default_profile": true, "profile_sidebar_fill_color": "DDEEF6", "profile_sidebar_border_color": "C0DEED", "url": null, "friends_count": 89, "name": "crypto4all", "profile_background_color": "C0DEED", "screen_name": "rob2010svk"}
2017-11-12T09:00:05.477807	{"name": "crypto4all", "favourites_count": 850, "protected": false, "profile_use_background_image": true, "profile_text_color": "333333", "translator_type": "none", "profile_link_color": "1DA1F2", "is_translation_enabled": false, "time_zone": "Pacific Time (US & Canada)", "following": false, "screen_name": "rob2010svk", "statuses_count": 262, "profile_image_url": "http://pbs.twimg.com/profile_images/642336006935547904/YabimARi_normal.jpg", "location": "", "followers_count": 21, "id": 3576375141, "id_str": "3576375141", "profile_background_image_url": "http://abs.twimg.com/images/themes/theme1/bg.png", "profile_image_url_https": "https://pbs.twimg.com/profile_images/642336006935547904/YabimARi_normal.jpg", "profile_sidebar_border_color": "C0DEED", "profile_background_color": "C0DEED", "profile_background_tile": false, "friends_count": 89, "follow_request_sent": false, "is_translator": false, "default_profile": true, "has_extended_profile": false, "status": {"contributors": null, "truncated": false, "favorited": false, "retweeted": false, "geo": null, "in_reply_to_screen_name": "bencooper94", "retweet_count": 0, "in_reply_to_user_id_str": "386933915", "favorite_count": 0, "coordinates": null, "id": 929155502038274048, "in_reply_to_user_id": 386933915, "place": null, "text": "@bencooper94 @CNN omg u r not only stupid but unbelievable moronic libtard", "in_reply_to_status_id_str": "928826010023292929", "in_reply_to_status_id": 928826010023292929, "lang": "en", "is_quote_status": false, "id_str": "929155502038274048", "created_at": "Sat Nov 11 01:15:09 +0000 2017", "entities": {"symbols": [], "urls": [], "user_mentions": [{"name": "Benjamin Cooper", "id": 386933915, "screen_name": "bencooper94", "indices": [0, 12], "id_str": "386933915"}, {"name": "CNN", "id": 759251, "screen_name": "CNN", "indices": [13, 17], "id_str": "759251"}], "hashtags": []}, "source": "<a href=\"http://twitter.com/download/android\" rel=\"nofollow\">Twitter for Android</a>"}, "notifications": false, "listed_count": 0, "profile_sidebar_fill_color": "DDEEF6", "lang": "en", "description": "", "default_profile_image": false, "entities": {"description": {"urls": []}}, "url": null, "contributors_enabled": false, "utc_offset": -28800, "verified": false, "created_at": "Mon Sep 07 11:33:11 +0000 2015", "profile_background_image_url_https": "https://abs.twimg.com/images/themes/theme1/bg.png", "geo_enabled": false}
2017-11-12T10:00:05.391930	{"favourites_count": 850, "contributors_enabled": false, "is_translation_enabled": false, "profile_image_url_https": "https://pbs.twimg.com/profile_images/642336006935547904/YabimARi_normal.jpg", "profile_background_image_url_https": "https://abs.twimg.com/images/themes/theme1/bg.png", "time_zone": "Pacific Time (US & Canada)", "verified": false, "profile_image_url": "http://pbs.twimg.com/profile_images/642336006935547904/YabimARi_normal.jpg", "followers_count": 21, "id_str": "3576375141", "listed_count": 0, "protected": false, "translator_type": "none", "profile_background_tile": false, "created_at": "Mon Sep 07 11:33:11 +0000 2015", "default_profile_image": false, "profile_background_image_url": "http://abs.twimg.com/images/themes/theme1/bg.png", "description": "", "friends_count": 89, "notifications": false, "geo_enabled": false, "profile_sidebar_border_color": "C0DEED", "status": {"retweet_count": 0, "in_reply_to_status_id": 928826010023292929, "in_reply_to_screen_name": "bencooper94", "source": "<a href=\"http://twitter.com/download/android\" rel=\"nofollow\">Twitter for Android</a>", "favorited": false, "in_reply_to_user_id_str": "386933915", "geo": null, "contributors": null, "truncated": false, "created_at": "Sat Nov 11 01:15:09 +0000 2017", "id_str": "929155502038274048", "favorite_count": 0, "in_reply_to_user_id": 386933915, "place": null, "id": 929155502038274048, "retweeted": false, "lang": "en", "is_quote_status": false, "in_reply_to_status_id_str": "928826010023292929", "text": "@bencooper94 @CNN omg u r not only stupid but unbelievable moronic libtard", "entities": {"user_mentions": [{"id": 386933915, "name": "Benjamin Cooper", "screen_name": "bencooper94", "id_str": "386933915", "indices": [0, 12]}, {"id": 759251, "name": "CNN", "screen_name": "CNN", "id_str": "759251", "indices": [13, 17]}], "symbols": [], "urls": [], "hashtags": []}, "coordinates": null}, "is_translator": false, "profile_text_color": "333333", "profile_background_color": "C0DEED", "has_extended_profile": false, "profile_sidebar_fill_color": "DDEEF6", "id": 3576375141, "entities": {"description": {"urls": []}}, "url": null, "statuses_count": 262, "screen_name": "rob2010svk", "lang": "en", "utc_offset": -28800, "name": "crypto4all", "profile_use_background_image": true, "following": false, "default_profile": true, "location": "", "follow_request_sent": false, "profile_link_color": "1DA1F2"}
2017-11-12T11:00:05.278017	{"geo_enabled": false, "status": {"favorited": false, "created_at": "Sat Nov 11 01:15:09 +0000 2017", "retweet_count": 0, "in_reply_to_screen_name": "bencooper94", "source": "<a href=\"http://twitter.com/download/android\" rel=\"nofollow\">Twitter for Android</a>", "id": 929155502038274048, "id_str": "929155502038274048", "truncated": false, "entities": {"hashtags": [], "urls": [], "symbols": [], "user_mentions": [{"screen_name": "bencooper94", "name": "Benjamin Cooper", "id": 386933915, "id_str": "386933915", "indices": [0, 12]}, {"screen_name": "CNN", "name": "CNN", "id": 759251, "id_str": "759251", "indices": [13, 17]}]}, "favorite_count": 0, "is_quote_status": false, "coordinates": null, "in_reply_to_user_id": 386933915, "contributors": null, "place": null, "in_reply_to_status_id_str": "928826010023292929", "text": "@bencooper94 @CNN omg u r not only stupid but unbelievable moronic libtard", "lang": "en", "geo": null, "in_reply_to_status_id": 928826010023292929, "in_reply_to_user_id_str": "386933915", "retweeted": false}, "protected": false, "is_translator": false, "profile_image_url": "http://pbs.twimg.com/profile_images/642336006935547904/YabimARi_normal.jpg", "name": "crypto4all", "favourites_count": 850, "profile_text_color": "333333", "profile_sidebar_fill_color": "DDEEF6", "is_translation_enabled": false, "id": 3576375141, "id_str": "3576375141", "following": false, "default_profile": true, "created_at": "Mon Sep 07 11:33:11 +0000 2015", "profile_background_image_url_https": "https://abs.twimg.com/images/themes/theme1/bg.png", "description": "", "listed_count": 0, "profile_image_url_https": "https://pbs.twimg.com/profile_images/642336006935547904/YabimARi_normal.jpg", "time_zone": "Pacific Time (US & Canada)", "friends_count": 89, "screen_name": "rob2010svk", "notifications": false, "utc_offset": -28800, "profile_background_color": "C0DEED", "profile_link_color": "1DA1F2", "contributors_enabled": false, "entities": {"description": {"urls": []}}, "followers_count": 21, "statuses_count": 262, "profile_use_background_image": true, "url": null, "translator_type": "none", "profile_sidebar_border_color": "C0DEED", "lang": "en", "profile_background_image_url": "http://abs.twimg.com/images/themes/theme1/bg.png", "follow_request_sent": false, "location": "", "default_profile_image": false, "has_extended_profile": false, "profile_background_tile": false, "verified": false}
2017-11-12T12:00:05.282200	{"contributors_enabled": false, "profile_use_background_image": true, "entities": {"description": {"urls": []}}, "name": "crypto4all", "following": false, "default_profile_image": false, "profile_background_tile": false, "friends_count": 89, "favourites_count": 850, "lang": "en", "is_translator": false, "location": "", "id_str": "3576375141", "profile_image_url": "http://pbs.twimg.com/profile_images/642336006935547904/YabimARi_normal.jpg", "protected": false, "geo_enabled": false, "profile_sidebar_border_color": "C0DEED", "utc_offset": -28800, "profile_background_image_url_https": "https://abs.twimg.com/images/themes/theme1/bg.png", "status": {"entities": {"hashtags": [], "urls": [], "symbols": [], "user_mentions": [{"id": 386933915, "indices": [0, 12], "screen_name": "bencooper94", "name": "Benjamin Cooper", "id_str": "386933915"}, {"id": 759251, "indices": [13, 17], "screen_name": "CNN", "name": "CNN", "id_str": "759251"}]}, "contributors": null, "in_reply_to_user_id": 386933915, "in_reply_to_status_id_str": "928826010023292929", "truncated": false, "lang": "en", "in_reply_to_screen_name": "bencooper94", "id_str": "929155502038274048", "in_reply_to_user_id_str": "386933915", "favorited": false, "geo": null, "place": null, "is_quote_status": false, "text": "@bencooper94 @CNN omg u r not only stupid but unbelievable moronic libtard", "id": 929155502038274048, "in_reply_to_status_id": 928826010023292929, "created_at": "Sat Nov 11 01:15:09 +0000 2017", "retweet_count": 0, "favorite_count": 0, "coordinates": null, "source": "<a href=\"http://twitter.com/download/android\" rel=\"nofollow\">Twitter for Android</a>", "retweeted": false}, "profile_background_image_url": "http://abs.twimg.com/images/themes/theme1/bg.png", "id": 3576375141, "profile_sidebar_fill_color": "DDEEF6", "notifications": false, "default_profile": true, "url": null, "profile_background_color": "C0DEED", "screen_name": "rob2010svk", "is_translation_enabled": false, "follow_request_sent": false, "created_at": "Mon Sep 07 11:33:11 +0000 2015", "listed_count": 0, "profile_text_color": "333333", "description": "", "verified": false, "statuses_count": 262, "translator_type": "none", "profile_image_url_https": "https://pbs.twimg.com/profile_images/642336006935547904/YabimARi_normal.jpg", "followers_count": 21, "has_extended_profile": false, "profile_link_color": "1DA1F2", "time_zone": "Pacific Time (US & Canada)"}
2017-11-12T13:00:05.550883	{"screen_name": "rob2010svk", "status": {"in_reply_to_user_id": 386933915, "place": null, "contributors": null, "geo": null, "lang": "en", "id": 929155502038274048, "retweeted": false, "in_reply_to_status_id_str": "928826010023292929", "favorite_count": 0, "retweet_count": 0, "in_reply_to_status_id": 928826010023292929, "coordinates": null, "id_str": "929155502038274048", "truncated": false, "is_quote_status": false, "favorited": false, "source": "<a href=\"http://twitter.com/download/android\" rel=\"nofollow\">Twitter for Android</a>", "text": "@bencooper94 @CNN omg u r not only stupid but unbelievable moronic libtard", "entities": {"user_mentions": [{"screen_name": "bencooper94", "name": "Benjamin Cooper", "indices": [0, 12], "id": 386933915, "id_str": "386933915"}, {"screen_name": "CNN", "name": "CNN", "indices": [13, 17], "id": 759251, "id_str": "759251"}], "symbols": [], "urls": [], "hashtags": []}, "in_reply_to_screen_name": "bencooper94", "in_reply_to_user_id_str": "386933915", "created_at": "Sat Nov 11 01:15:09 +0000 2017"}, "location": "", "profile_link_color": "1DA1F2", "time_zone": "Pacific Time (US & Canada)", "geo_enabled": false, "has_extended_profile": false, "is_translation_enabled": false, "statuses_count": 262, "profile_background_tile": false, "lang": "en", "id": 3576375141, "profile_background_image_url_https": "https://abs.twimg.com/images/themes/theme1/bg.png", "profile_text_color": "333333", "default_profile": true, "default_profile_image": false, "following": false, "profile_background_color": "C0DEED", "translator_type": "none", "description": "", "profile_image_url_https": "https://pbs.twimg.com/profile_images/642336006935547904/YabimARi_normal.jpg", "profile_sidebar_fill_color": "DDEEF6", "utc_offset": -28800, "friends_count": 89, "listed_count": 0, "is_translator": false, "profile_sidebar_border_color": "C0DEED", "profile_use_background_image": true, "verified": false, "profile_image_url": "http://pbs.twimg.com/profile_images/642336006935547904/YabimARi_normal.jpg", "name": "crypto4all", "profile_background_image_url": "http://abs.twimg.com/images/themes/theme1/bg.png", "id_str": "3576375141", "contributors_enabled": false, "favourites_count": 850, "protected": false, "url": null, "entities": {"description": {"urls": []}}, "followers_count": 21, "follow_request_sent": false, "created_at": "Mon Sep 07 11:33:11 +0000 2015", "notifications": false}
2017-11-12T14:00:05.227947	{"url": null, "profile_sidebar_border_color": "C0DEED", "default_profile_image": false, "profile_text_color": "333333", "lang": "en", "statuses_count": 262, "location": "", "id": 3576375141, "friends_count": 89, "time_zone": "Pacific Time (US & Canada)", "contributors_enabled": false, "profile_image_url_https": "https://pbs.twimg.com/profile_images/642336006935547904/YabimARi_normal.jpg", "profile_background_color": "C0DEED", "followers_count": 21, "verified": false, "profile_link_color": "1DA1F2", "profile_use_background_image": true, "profile_background_tile": false, "description": "", "has_extended_profile": false, "following": false, "profile_background_image_url": "http://abs.twimg.com/images/themes/theme1/bg.png", "translator_type": "none", "is_translator": false, "id_str": "3576375141", "profile_sidebar_fill_color": "DDEEF6", "screen_name": "rob2010svk", "notifications": false, "created_at": "Mon Sep 07 11:33:11 +0000 2015", "status": {"in_reply_to_screen_name": "bencooper94", "favorite_count": 0, "truncated": false, "coordinates": null, "lang": "en", "created_at": "Sat Nov 11 01:15:09 +0000 2017", "geo": null, "in_reply_to_user_id": 386933915, "in_reply_to_status_id": 928826010023292929, "in_reply_to_status_id_str": "928826010023292929", "contributors": null, "retweet_count": 0, "place": null, "id_str": "929155502038274048", "is_quote_status": false, "id": 929155502038274048, "entities": {"user_mentions": [{"screen_name": "bencooper94", "id": 386933915, "id_str": "386933915", "name": "Benjamin Cooper", "indices": [0, 12]}, {"screen_name": "CNN", "id": 759251, "id_str": "759251", "name": "CNN", "indices": [13, 17]}], "urls": [], "hashtags": [], "symbols": []}, "in_reply_to_user_id_str": "386933915", "text": "@bencooper94 @CNN omg u r not only stupid but unbelievable moronic libtard", "retweeted": false, "source": "<a href=\"http://twitter.com/download/android\" rel=\"nofollow\">Twitter for Android</a>", "favorited": false}, "entities": {"description": {"urls": []}}, "name": "crypto4all", "favourites_count": 850, "profile_image_url": "http://pbs.twimg.com/profile_images/642336006935547904/YabimARi_normal.jpg", "geo_enabled": false, "protected": false, "utc_offset": -28800, "listed_count": 0, "default_profile": true, "is_translation_enabled": false, "profile_background_image_url_https": "https://abs.twimg.com/images/themes/theme1/bg.png", "follow_request_sent": false}
2017-11-12T15:00:05.148491	{"followers_count": 21, "follow_request_sent": false, "name": "crypto4all", "description": "", "translator_type": "none", "status": {"in_reply_to_user_id": 386933915, "favorite_count": 0, "id_str": "929155502038274048", "in_reply_to_status_id": 928826010023292929, "place": null, "in_reply_to_user_id_str": "386933915", "lang": "en", "truncated": false, "contributors": null, "retweet_count": 0, "created_at": "Sat Nov 11 01:15:09 +0000 2017", "retweeted": false, "geo": null, "in_reply_to_status_id_str": "928826010023292929", "text": "@bencooper94 @CNN omg u r not only stupid but unbelievable moronic libtard", "entities": {"user_mentions": [{"id": 386933915, "id_str": "386933915", "name": "Benjamin Cooper", "indices": [0, 12], "screen_name": "bencooper94"}, {"id": 759251, "id_str": "759251", "name": "CNN", "indices": [13, 17], "screen_name": "CNN"}], "urls": [], "symbols": [], "hashtags": []}, "favorited": false, "in_reply_to_screen_name": "bencooper94", "source": "<a href=\"http://twitter.com/download/android\" rel=\"nofollow\">Twitter for Android</a>", "id": 929155502038274048, "coordinates": null, "is_quote_status": false}, "friends_count": 89, "favourites_count": 850, "profile_sidebar_fill_color": "DDEEF6", "screen_name": "rob2010svk", "has_extended_profile": false, "protected": false, "notifications": false, "is_translation_enabled": false, "id_str": "3576375141", "profile_background_tile": false, "is_translator": false, "profile_image_url_https": "https://pbs.twimg.com/profile_images/642336006935547904/YabimARi_normal.jpg", "profile_background_image_url": "http://abs.twimg.com/images/themes/theme1/bg.png", "verified": false, "profile_background_image_url_https": "https://abs.twimg.com/images/themes/theme1/bg.png", "profile_link_color": "1DA1F2", "default_profile": true, "profile_text_color": "333333", "profile_background_color": "C0DEED", "listed_count": 0, "statuses_count": 262, "profile_image_url": "http://pbs.twimg.com/profile_images/642336006935547904/YabimARi_normal.jpg", "created_at": "Mon Sep 07 11:33:11 +0000 2015", "location": "", "default_profile_image": false, "profile_use_background_image": true, "profile_sidebar_border_color": "C0DEED", "entities": {"description": {"urls": []}}, "contributors_enabled": false, "geo_enabled": false, "url": null, "time_zone": "Pacific Time (US & Canada)", "lang": "en", "id": 3576375141, "utc_offset": -28800, "following": false}
2017-11-12T16:00:05.323165	{"default_profile": true, "status": {"in_reply_to_screen_name": "bencooper94", "lang": "en", "in_reply_to_user_id_str": "386933915", "created_at": "Sat Nov 11 01:15:09 +0000 2017", "retweet_count": 0, "is_quote_status": false, "coordinates": null, "retweeted": false, "source": "<a href=\"http://twitter.com/download/android\" rel=\"nofollow\">Twitter for Android</a>", "in_reply_to_status_id_str": "928826010023292929", "id": 929155502038274048, "truncated": false, "entities": {"hashtags": [], "urls": [], "user_mentions": [{"id": 386933915, "id_str": "386933915", "name": "Benjamin Cooper", "screen_name": "bencooper94", "indices": [0, 12]}, {"id": 759251, "id_str": "759251", "name": "CNN", "screen_name": "CNN", "indices": [13, 17]}], "symbols": []}, "in_reply_to_status_id": 928826010023292929, "in_reply_to_user_id": 386933915, "geo": null, "favorite_count": 0, "favorited": false, "id_str": "929155502038274048", "text": "@bencooper94 @CNN omg u r not only stupid but unbelievable moronic libtard", "contributors": null, "place": null}, "name": "crypto4all", "profile_text_color": "333333", "screen_name": "rob2010svk", "listed_count": 0, "profile_background_image_url": "http://abs.twimg.com/images/themes/theme1/bg.png", "favourites_count": 850, "is_translation_enabled": false, "has_extended_profile": false, "profile_background_color": "C0DEED", "friends_count": 89, "utc_offset": -28800, "profile_sidebar_border_color": "C0DEED", "translator_type": "none", "statuses_count": 262, "following": false, "created_at": "Mon Sep 07 11:33:11 +0000 2015", "protected": false, "profile_sidebar_fill_color": "DDEEF6", "profile_image_url": "http://pbs.twimg.com/profile_images/642336006935547904/YabimARi_normal.jpg", "profile_background_image_url_https": "https://abs.twimg.com/images/themes/theme1/bg.png", "followers_count": 21, "geo_enabled": false, "location": "", "verified": false, "profile_link_color": "1DA1F2", "id": 3576375141, "is_translator": false, "entities": {"description": {"urls": []}}, "default_profile_image": false, "follow_request_sent": false, "description": "", "lang": "en", "notifications": false, "profile_background_tile": false, "profile_use_background_image": true, "profile_image_url_https": "https://pbs.twimg.com/profile_images/642336006935547904/YabimARi_normal.jpg", "id_str": "3576375141", "contributors_enabled": false, "time_zone": "Pacific Time (US & Canada)", "url": null}
2017-11-12T17:00:05.779240	{"profile_background_tile": false, "profile_image_url": "http://pbs.twimg.com/profile_images/642336006935547904/YabimARi_normal.jpg", "screen_name": "rob2010svk", "default_profile": true, "geo_enabled": false, "followers_count": 21, "contributors_enabled": false, "follow_request_sent": false, "utc_offset": -28800, "listed_count": 0, "created_at": "Mon Sep 07 11:33:11 +0000 2015", "profile_background_color": "C0DEED", "translator_type": "none", "time_zone": "Pacific Time (US & Canada)", "favourites_count": 850, "is_translator": false, "name": "crypto4all", "lang": "en", "entities": {"description": {"urls": []}}, "profile_background_image_url_https": "https://abs.twimg.com/images/themes/theme1/bg.png", "statuses_count": 262, "status": {"entities": {"hashtags": [], "symbols": [], "urls": [], "user_mentions": [{"id": 386933915, "screen_name": "bencooper94", "name": "Benjamin Cooper", "indices": [0, 12], "id_str": "386933915"}, {"id": 759251, "screen_name": "CNN", "name": "CNN", "indices": [13, 17], "id_str": "759251"}]}, "favorite_count": 0, "is_quote_status": false, "text": "@bencooper94 @CNN omg u r not only stupid but unbelievable moronic libtard", "place": null, "truncated": false, "in_reply_to_user_id": 386933915, "in_reply_to_status_id_str": "928826010023292929", "id": 929155502038274048, "retweeted": false, "in_reply_to_user_id_str": "386933915", "lang": "en", "in_reply_to_screen_name": "bencooper94", "coordinates": null, "source": "<a href=\"http://twitter.com/download/android\" rel=\"nofollow\">Twitter for Android</a>", "retweet_count": 0, "id_str": "929155502038274048", "created_at": "Sat Nov 11 01:15:09 +0000 2017", "geo": null, "in_reply_to_status_id": 928826010023292929, "favorited": false, "contributors": null}, "profile_use_background_image": true, "profile_sidebar_fill_color": "DDEEF6", "notifications": false, "id_str": "3576375141", "profile_background_image_url": "http://abs.twimg.com/images/themes/theme1/bg.png", "profile_link_color": "1DA1F2", "profile_text_color": "333333", "has_extended_profile": false, "description": "", "id": 3576375141, "verified": false, "url": null, "is_translation_enabled": false, "protected": false, "location": "", "friends_count": 89, "profile_image_url_https": "https://pbs.twimg.com/profile_images/642336006935547904/YabimARi_normal.jpg", "profile_sidebar_border_color": "C0DEED", "following": false, "default_profile_image": false}
2017-11-12T18:00:04.848923	{"friends_count": 89, "profile_image_url": "http://pbs.twimg.com/profile_images/642336006935547904/YabimARi_normal.jpg", "profile_background_image_url_https": "https://abs.twimg.com/images/themes/theme1/bg.png", "notifications": false, "translator_type": "none", "status": {"in_reply_to_user_id_str": "386933915", "is_quote_status": false, "in_reply_to_status_id_str": "928826010023292929", "lang": "en", "retweeted": false, "coordinates": null, "created_at": "Sat Nov 11 01:15:09 +0000 2017", "id": 929155502038274048, "retweet_count": 0, "favorite_count": 0, "contributors": null, "source": "<a href=\"http://twitter.com/download/android\" rel=\"nofollow\">Twitter for Android</a>", "in_reply_to_screen_name": "bencooper94", "entities": {"symbols": [], "user_mentions": [{"id": 386933915, "id_str": "386933915", "indices": [0, 12], "name": "Benjamin Cooper", "screen_name": "bencooper94"}, {"id": 759251, "id_str": "759251", "indices": [13, 17], "name": "CNN", "screen_name": "CNN"}], "urls": [], "hashtags": []}, "place": null, "truncated": false, "geo": null, "in_reply_to_user_id": 386933915, "in_reply_to_status_id": 928826010023292929, "text": "@bencooper94 @CNN omg u r not only stupid but unbelievable moronic libtard", "favorited": false, "id_str": "929155502038274048"}, "lang": "en", "default_profile": true, "created_at": "Mon Sep 07 11:33:11 +0000 2015", "profile_background_image_url": "http://abs.twimg.com/images/themes/theme1/bg.png", "time_zone": "Pacific Time (US & Canada)", "followers_count": 21, "id": 3576375141, "has_extended_profile": false, "favourites_count": 850, "listed_count": 0, "statuses_count": 262, "description": "", "profile_background_tile": false, "location": "", "verified": false, "profile_link_color": "1DA1F2", "entities": {"description": {"urls": []}}, "default_profile_image": false, "screen_name": "rob2010svk", "profile_sidebar_border_color": "C0DEED", "geo_enabled": false, "protected": false, "profile_background_color": "C0DEED", "profile_use_background_image": true, "profile_text_color": "333333", "url": null, "is_translator": false, "is_translation_enabled": false, "following": false, "utc_offset": -28800, "follow_request_sent": false, "profile_sidebar_fill_color": "DDEEF6", "profile_image_url_https": "https://pbs.twimg.com/profile_images/642336006935547904/YabimARi_normal.jpg", "contributors_enabled": false, "name": "crypto4all", "id_str": "3576375141"}
2017-11-12T19:00:05.363315	{"id": 3576375141, "geo_enabled": false, "friends_count": 89, "statuses_count": 262, "follow_request_sent": false, "profile_background_color": "C0DEED", "profile_image_url": "http://pbs.twimg.com/profile_images/642336006935547904/YabimARi_normal.jpg", "location": "", "notifications": false, "status": {"id": 929155502038274048, "in_reply_to_user_id_str": "386933915", "text": "@bencooper94 @CNN omg u r not only stupid but unbelievable moronic libtard", "favorited": false, "in_reply_to_user_id": 386933915, "in_reply_to_screen_name": "bencooper94", "lang": "en", "truncated": false, "retweet_count": 0, "retweeted": false, "geo": null, "source": "<a href=\"http://twitter.com/download/android\" rel=\"nofollow\">Twitter for Android</a>", "created_at": "Sat Nov 11 01:15:09 +0000 2017", "place": null, "coordinates": null, "in_reply_to_status_id": 928826010023292929, "contributors": null, "in_reply_to_status_id_str": "928826010023292929", "favorite_count": 0, "entities": {"urls": [], "user_mentions": [{"id": 386933915, "indices": [0, 12], "name": "Benjamin Cooper", "screen_name": "bencooper94", "id_str": "386933915"}, {"id": 759251, "indices": [13, 17], "name": "CNN", "screen_name": "CNN", "id_str": "759251"}], "hashtags": [], "symbols": []}, "id_str": "929155502038274048", "is_quote_status": false}, "favourites_count": 850, "is_translation_enabled": false, "protected": false, "profile_image_url_https": "https://pbs.twimg.com/profile_images/642336006935547904/YabimARi_normal.jpg", "listed_count": 0, "following": false, "default_profile_image": false, "lang": "en", "profile_link_color": "1DA1F2", "profile_text_color": "333333", "profile_sidebar_fill_color": "DDEEF6", "verified": false, "name": "crypto4all", "url": null, "profile_sidebar_border_color": "C0DEED", "has_extended_profile": false, "followers_count": 21, "created_at": "Mon Sep 07 11:33:11 +0000 2015", "description": "", "is_translator": false, "id_str": "3576375141", "profile_background_image_url_https": "https://abs.twimg.com/images/themes/theme1/bg.png", "default_profile": true, "time_zone": "Pacific Time (US & Canada)", "contributors_enabled": false, "profile_background_tile": false, "profile_background_image_url": "http://abs.twimg.com/images/themes/theme1/bg.png", "profile_use_background_image": true, "utc_offset": -28800, "entities": {"description": {"urls": []}}, "screen_name": "rob2010svk", "translator_type": "none"}
2017-11-12T20:00:05.066078	{"favourites_count": 850, "notifications": false, "verified": false, "utc_offset": -28800, "geo_enabled": false, "description": "", "default_profile_image": false, "profile_image_url_https": "https://pbs.twimg.com/profile_images/642336006935547904/YabimARi_normal.jpg", "follow_request_sent": false, "profile_text_color": "333333", "has_extended_profile": false, "entities": {"description": {"urls": []}}, "lang": "en", "default_profile": true, "followers_count": 21, "contributors_enabled": false, "profile_sidebar_fill_color": "DDEEF6", "id_str": "3576375141", "location": "", "listed_count": 0, "profile_sidebar_border_color": "C0DEED", "profile_background_color": "C0DEED", "name": "crypto4all", "screen_name": "rob2010svk", "url": null, "status": {"truncated": false, "retweeted": false, "id": 929155502038274048, "place": null, "source": "<a href=\"http://twitter.com/download/android\" rel=\"nofollow\">Twitter for Android</a>", "lang": "en", "contributors": null, "favorited": false, "id_str": "929155502038274048", "is_quote_status": false, "in_reply_to_status_id": 928826010023292929, "in_reply_to_status_id_str": "928826010023292929", "coordinates": null, "entities": {"symbols": [], "urls": [], "hashtags": [], "user_mentions": [{"name": "Benjamin Cooper", "screen_name": "bencooper94", "id": 386933915, "id_str": "386933915", "indices": [0, 12]}, {"name": "CNN", "screen_name": "CNN", "id": 759251, "id_str": "759251", "indices": [13, 17]}]}, "text": "@bencooper94 @CNN omg u r not only stupid but unbelievable moronic libtard", "retweet_count": 0, "created_at": "Sat Nov 11 01:15:09 +0000 2017", "in_reply_to_user_id_str": "386933915", "geo": null, "in_reply_to_user_id": 386933915, "in_reply_to_screen_name": "bencooper94", "favorite_count": 0}, "profile_use_background_image": true, "is_translator": false, "profile_background_tile": false, "created_at": "Mon Sep 07 11:33:11 +0000 2015", "profile_background_image_url_https": "https://abs.twimg.com/images/themes/theme1/bg.png", "following": false, "friends_count": 89, "is_translation_enabled": false, "time_zone": "Pacific Time (US & Canada)", "profile_link_color": "1DA1F2", "profile_background_image_url": "http://abs.twimg.com/images/themes/theme1/bg.png", "profile_image_url": "http://pbs.twimg.com/profile_images/642336006935547904/YabimARi_normal.jpg", "translator_type": "none", "id": 3576375141, "protected": false, "statuses_count": 262}
2017-11-12T21:00:05.568601	{"contributors_enabled": false, "translator_type": "none", "url": null, "friends_count": 89, "status": {"contributors": null, "in_reply_to_screen_name": "bencooper94", "id": 929155502038274048, "place": null, "is_quote_status": false, "created_at": "Sat Nov 11 01:15:09 +0000 2017", "in_reply_to_status_id": 928826010023292929, "in_reply_to_user_id_str": "386933915", "lang": "en", "id_str": "929155502038274048", "entities": {"user_mentions": [{"name": "Benjamin Cooper", "indices": [0, 12], "id": 386933915, "screen_name": "bencooper94", "id_str": "386933915"}, {"name": "CNN", "indices": [13, 17], "id": 759251, "screen_name": "CNN", "id_str": "759251"}], "symbols": [], "hashtags": [], "urls": []}, "in_reply_to_user_id": 386933915, "source": "<a href=\"http://twitter.com/download/android\" rel=\"nofollow\">Twitter for Android</a>", "truncated": false, "favorite_count": 0, "coordinates": null, "text": "@bencooper94 @CNN omg u r not only stupid but unbelievable moronic libtard", "retweeted": false, "retweet_count": 0, "in_reply_to_status_id_str": "928826010023292929", "favorited": false, "geo": null}, "followers_count": 21, "default_profile_image": false, "profile_background_tile": false, "id": 3576375141, "lang": "en", "location": "", "created_at": "Mon Sep 07 11:33:11 +0000 2015", "profile_image_url_https": "https://pbs.twimg.com/profile_images/642336006935547904/YabimARi_normal.jpg", "profile_sidebar_border_color": "C0DEED", "profile_background_image_url": "http://abs.twimg.com/images/themes/theme1/bg.png", "profile_background_image_url_https": "https://abs.twimg.com/images/themes/theme1/bg.png", "utc_offset": -28800, "profile_use_background_image": true, "screen_name": "rob2010svk", "profile_background_color": "C0DEED", "id_str": "3576375141", "entities": {"description": {"urls": []}}, "profile_image_url": "http://pbs.twimg.com/profile_images/642336006935547904/YabimARi_normal.jpg", "profile_sidebar_fill_color": "DDEEF6", "following": false, "favourites_count": 850, "notifications": false, "verified": false, "listed_count": 0, "geo_enabled": false, "statuses_count": 262, "has_extended_profile": false, "protected": false, "profile_link_color": "1DA1F2", "follow_request_sent": false, "is_translation_enabled": false, "description": "", "default_profile": true, "name": "crypto4all", "profile_text_color": "333333", "time_zone": "Pacific Time (US & Canada)", "is_translator": false}
2017-11-12T22:00:04.646762	{"location": "", "screen_name": "rob2010svk", "url": null, "time_zone": "Pacific Time (US & Canada)", "is_translator": false, "id": 3576375141, "profile_background_color": "C0DEED", "profile_text_color": "333333", "lang": "en", "friends_count": 89, "favourites_count": 850, "protected": false, "contributors_enabled": false, "default_profile": true, "translator_type": "none", "profile_background_image_url": "http://abs.twimg.com/images/themes/theme1/bg.png", "geo_enabled": false, "is_translation_enabled": false, "profile_link_color": "1DA1F2", "utc_offset": -28800, "default_profile_image": false, "listed_count": 0, "profile_image_url": "http://pbs.twimg.com/profile_images/642336006935547904/YabimARi_normal.jpg", "profile_image_url_https": "https://pbs.twimg.com/profile_images/642336006935547904/YabimARi_normal.jpg", "profile_sidebar_border_color": "C0DEED", "id_str": "3576375141", "follow_request_sent": false, "name": "crypto4all", "description": "", "has_extended_profile": false, "followers_count": 21, "profile_background_image_url_https": "https://abs.twimg.com/images/themes/theme1/bg.png", "verified": false, "statuses_count": 262, "following": false, "entities": {"description": {"urls": []}}, "status": {"lang": "en", "retweeted": false, "geo": null, "id": 929155502038274048, "place": null, "coordinates": null, "favorited": false, "contributors": null, "in_reply_to_status_id": 928826010023292929, "in_reply_to_user_id_str": "386933915", "in_reply_to_status_id_str": "928826010023292929", "truncated": false, "in_reply_to_screen_name": "bencooper94", "favorite_count": 0, "id_str": "929155502038274048", "text": "@bencooper94 @CNN omg u r not only stupid but unbelievable moronic libtard", "retweet_count": 0, "in_reply_to_user_id": 386933915, "entities": {"urls": [], "symbols": [], "hashtags": [], "user_mentions": [{"id": 386933915, "screen_name": "bencooper94", "name": "Benjamin Cooper", "indices": [0, 12], "id_str": "386933915"}, {"id": 759251, "screen_name": "CNN", "name": "CNN", "indices": [13, 17], "id_str": "759251"}]}, "created_at": "Sat Nov 11 01:15:09 +0000 2017", "source": "<a href=\"http://twitter.com/download/android\" rel=\"nofollow\">Twitter for Android</a>", "is_quote_status": false}, "profile_use_background_image": true, "created_at": "Mon Sep 07 11:33:11 +0000 2015", "notifications": false, "profile_sidebar_fill_color": "DDEEF6", "profile_background_tile": false}
2017-11-12T23:00:05.092238	{"time_zone": "Pacific Time (US & Canada)", "profile_link_color": "1DA1F2", "profile_image_url": "http://pbs.twimg.com/profile_images/642336006935547904/YabimARi_normal.jpg", "name": "crypto4all", "lang": "en", "geo_enabled": false, "contributors_enabled": false, "id": 3576375141, "profile_sidebar_fill_color": "DDEEF6", "profile_sidebar_border_color": "C0DEED", "is_translation_enabled": false, "profile_background_image_url": "http://abs.twimg.com/images/themes/theme1/bg.png", "notifications": false, "created_at": "Mon Sep 07 11:33:11 +0000 2015", "listed_count": 0, "protected": false, "following": false, "friends_count": 89, "statuses_count": 262, "profile_background_color": "C0DEED", "screen_name": "rob2010svk", "profile_use_background_image": true, "translator_type": "none", "utc_offset": -28800, "profile_background_tile": false, "verified": false, "profile_text_color": "333333", "default_profile": true, "id_str": "3576375141", "favourites_count": 850, "followers_count": 21, "profile_image_url_https": "https://pbs.twimg.com/profile_images/642336006935547904/YabimARi_normal.jpg", "has_extended_profile": false, "description": "", "default_profile_image": false, "location": "", "status": {"text": "@bencooper94 @CNN omg u r not only stupid but unbelievable moronic libtard", "in_reply_to_screen_name": "bencooper94", "lang": "en", "in_reply_to_status_id_str": "928826010023292929", "id": 929155502038274048, "contributors": null, "in_reply_to_user_id": 386933915, "created_at": "Sat Nov 11 01:15:09 +0000 2017", "in_reply_to_status_id": 928826010023292929, "favorite_count": 0, "is_quote_status": false, "retweet_count": 0, "favorited": false, "in_reply_to_user_id_str": "386933915", "coordinates": null, "geo": null, "id_str": "929155502038274048", "source": "<a href=\"http://twitter.com/download/android\" rel=\"nofollow\">Twitter for Android</a>", "truncated": false, "entities": {"hashtags": [], "symbols": [], "user_mentions": [{"id": 386933915, "name": "Benjamin Cooper", "indices": [0, 12], "screen_name": "bencooper94", "id_str": "386933915"}, {"id": 759251, "name": "CNN", "indices": [13, 17], "screen_name": "CNN", "id_str": "759251"}], "urls": []}, "retweeted": false, "place": null}, "entities": {"description": {"urls": []}}, "is_translator": false, "follow_request_sent": false, "url": null, "profile_background_image_url_https": "https://abs.twimg.com/images/themes/theme1/bg.png"}
2017-11-13T00:00:05.369866	{"has_extended_profile": false, "url": null, "listed_count": 0, "profile_image_url": "http://pbs.twimg.com/profile_images/642336006935547904/YabimARi_normal.jpg", "friends_count": 89, "following": false, "profile_link_color": "1DA1F2", "time_zone": "Pacific Time (US & Canada)", "profile_background_color": "C0DEED", "verified": false, "default_profile_image": false, "contributors_enabled": false, "entities": {"description": {"urls": []}}, "profile_background_tile": false, "protected": false, "description": "", "profile_use_background_image": true, "profile_background_image_url": "http://abs.twimg.com/images/themes/theme1/bg.png", "lang": "en", "is_translation_enabled": false, "status": {"in_reply_to_status_id_str": "928826010023292929", "created_at": "Sat Nov 11 01:15:09 +0000 2017", "contributors": null, "in_reply_to_user_id": 386933915, "place": null, "retweet_count": 0, "in_reply_to_user_id_str": "386933915", "entities": {"hashtags": [], "user_mentions": [{"id": 386933915, "name": "Benjamin Cooper", "id_str": "386933915", "indices": [0, 12], "screen_name": "bencooper94"}, {"id": 759251, "name": "CNN", "id_str": "759251", "indices": [13, 17], "screen_name": "CNN"}], "urls": [], "symbols": []}, "in_reply_to_status_id": 928826010023292929, "truncated": false, "retweeted": false, "coordinates": null, "text": "@bencooper94 @CNN omg u r not only stupid but unbelievable moronic libtard", "favorite_count": 0, "is_quote_status": false, "geo": null, "id": 929155502038274048, "in_reply_to_screen_name": "bencooper94", "id_str": "929155502038274048", "favorited": false, "lang": "en", "source": "<a href=\"http://twitter.com/download/android\" rel=\"nofollow\">Twitter for Android</a>"}, "created_at": "Mon Sep 07 11:33:11 +0000 2015", "profile_background_image_url_https": "https://abs.twimg.com/images/themes/theme1/bg.png", "profile_sidebar_border_color": "C0DEED", "profile_image_url_https": "https://pbs.twimg.com/profile_images/642336006935547904/YabimARi_normal.jpg", "default_profile": true, "favourites_count": 849, "statuses_count": 262, "location": "", "notifications": false, "follow_request_sent": false, "is_translator": false, "id": 3576375141, "utc_offset": -28800, "geo_enabled": false, "screen_name": "rob2010svk", "profile_sidebar_fill_color": "DDEEF6", "id_str": "3576375141", "translator_type": "none", "name": "crypto4all", "followers_count": 21, "profile_text_color": "333333"}
2017-11-13T01:00:04.527517	{"profile_image_url_https": "https://pbs.twimg.com/profile_images/642336006935547904/YabimARi_normal.jpg", "profile_sidebar_border_color": "C0DEED", "name": "crypto4all", "id": 3576375141, "created_at": "Mon Sep 07 11:33:11 +0000 2015", "favourites_count": 849, "utc_offset": -28800, "notifications": false, "status": {"text": "@bencooper94 @CNN omg u r not only stupid but unbelievable moronic libtard", "id": 929155502038274048, "created_at": "Sat Nov 11 01:15:09 +0000 2017", "lang": "en", "in_reply_to_status_id": 928826010023292929, "in_reply_to_user_id": 386933915, "geo": null, "in_reply_to_screen_name": "bencooper94", "is_quote_status": false, "contributors": null, "coordinates": null, "favorite_count": 0, "retweet_count": 0, "retweeted": false, "in_reply_to_user_id_str": "386933915", "truncated": false, "id_str": "929155502038274048", "in_reply_to_status_id_str": "928826010023292929", "favorited": false, "place": null, "entities": {"hashtags": [], "symbols": [], "urls": [], "user_mentions": [{"indices": [0, 12], "name": "Benjamin Cooper", "id": 386933915, "screen_name": "bencooper94", "id_str": "386933915"}, {"indices": [13, 17], "name": "CNN", "id": 759251, "screen_name": "CNN", "id_str": "759251"}]}, "source": "<a href=\"http://twitter.com/download/android\" rel=\"nofollow\">Twitter for Android</a>"}, "description": "", "protected": false, "follow_request_sent": false, "location": "", "verified": false, "following": false, "profile_background_image_url_https": "https://abs.twimg.com/images/themes/theme1/bg.png", "time_zone": "Pacific Time (US & Canada)", "profile_background_tile": false, "has_extended_profile": false, "profile_image_url": "http://pbs.twimg.com/profile_images/642336006935547904/YabimARi_normal.jpg", "is_translator": false, "profile_background_color": "C0DEED", "followers_count": 21, "friends_count": 89, "profile_text_color": "333333", "translator_type": "none", "screen_name": "rob2010svk", "contributors_enabled": false, "profile_background_image_url": "http://abs.twimg.com/images/themes/theme1/bg.png", "id_str": "3576375141", "default_profile_image": false, "lang": "en", "is_translation_enabled": false, "profile_use_background_image": true, "statuses_count": 262, "entities": {"description": {"urls": []}}, "profile_link_color": "1DA1F2", "geo_enabled": false, "default_profile": true, "listed_count": 0, "profile_sidebar_fill_color": "DDEEF6", "url": null}
2017-11-13T02:00:04.967102	{"friends_count": 89, "statuses_count": 262, "default_profile_image": false, "created_at": "Mon Sep 07 11:33:11 +0000 2015", "profile_text_color": "333333", "notifications": false, "profile_image_url_https": "https://pbs.twimg.com/profile_images/642336006935547904/YabimARi_normal.jpg", "status": {"is_quote_status": false, "created_at": "Sat Nov 11 01:15:09 +0000 2017", "favorited": false, "in_reply_to_user_id": 386933915, "id_str": "929155502038274048", "id": 929155502038274048, "retweeted": false, "in_reply_to_status_id": 928826010023292929, "retweet_count": 0, "truncated": false, "place": null, "coordinates": null, "contributors": null, "favorite_count": 0, "geo": null, "entities": {"symbols": [], "user_mentions": [{"name": "Benjamin Cooper", "id": 386933915, "screen_name": "bencooper94", "indices": [0, 12], "id_str": "386933915"}, {"name": "CNN", "id": 759251, "screen_name": "CNN", "indices": [13, 17], "id_str": "759251"}], "hashtags": [], "urls": []}, "in_reply_to_screen_name": "bencooper94", "lang": "en", "source": "<a href=\"http://twitter.com/download/android\" rel=\"nofollow\">Twitter for Android</a>", "in_reply_to_user_id_str": "386933915", "in_reply_to_status_id_str": "928826010023292929", "text": "@bencooper94 @CNN omg u r not only stupid but unbelievable moronic libtard"}, "verified": false, "url": null, "profile_background_tile": false, "id_str": "3576375141", "location": "", "default_profile": true, "id": 3576375141, "profile_image_url": "http://pbs.twimg.com/profile_images/642336006935547904/YabimARi_normal.jpg", "contributors_enabled": false, "time_zone": "Pacific Time (US & Canada)", "profile_sidebar_fill_color": "DDEEF6", "geo_enabled": false, "translator_type": "none", "is_translator": false, "profile_background_image_url": "http://abs.twimg.com/images/themes/theme1/bg.png", "description": "", "profile_background_color": "C0DEED", "following": false, "profile_sidebar_border_color": "C0DEED", "profile_background_image_url_https": "https://abs.twimg.com/images/themes/theme1/bg.png", "follow_request_sent": false, "name": "crypto4all", "favourites_count": 849, "protected": false, "profile_link_color": "1DA1F2", "is_translation_enabled": false, "utc_offset": -28800, "listed_count": 0, "profile_use_background_image": true, "lang": "en", "screen_name": "rob2010svk", "followers_count": 21, "entities": {"description": {"urls": []}}, "has_extended_profile": false}
2017-11-13T03:00:05.223491	{"status": {"lang": "en", "coordinates": null, "in_reply_to_status_id_str": "928826010023292929", "created_at": "Sat Nov 11 01:15:09 +0000 2017", "id": 929155502038274048, "source": "<a href=\"http://twitter.com/download/android\" rel=\"nofollow\">Twitter for Android</a>", "in_reply_to_user_id": 386933915, "contributors": null, "retweet_count": 0, "favorited": false, "retweeted": false, "truncated": false, "in_reply_to_user_id_str": "386933915", "favorite_count": 0, "place": null, "in_reply_to_screen_name": "bencooper94", "entities": {"user_mentions": [{"indices": [0, 12], "id_str": "386933915", "name": "Benjamin Cooper", "screen_name": "bencooper94", "id": 386933915}, {"indices": [13, 17], "id_str": "759251", "name": "CNN", "screen_name": "CNN", "id": 759251}], "hashtags": [], "urls": [], "symbols": []}, "in_reply_to_status_id": 928826010023292929, "is_quote_status": false, "text": "@bencooper94 @CNN omg u r not only stupid but unbelievable moronic libtard", "geo": null, "id_str": "929155502038274048"}, "lang": "en", "verified": false, "location": "", "name": "crypto4all", "profile_sidebar_fill_color": "DDEEF6", "follow_request_sent": false, "created_at": "Mon Sep 07 11:33:11 +0000 2015", "profile_text_color": "333333", "contributors_enabled": false, "id": 3576375141, "profile_background_color": "C0DEED", "following": false, "profile_background_image_url_https": "https://abs.twimg.com/images/themes/theme1/bg.png", "profile_image_url": "http://pbs.twimg.com/profile_images/642336006935547904/YabimARi_normal.jpg", "is_translation_enabled": false, "profile_use_background_image": true, "screen_name": "rob2010svk", "profile_background_image_url": "http://abs.twimg.com/images/themes/theme1/bg.png", "entities": {"description": {"urls": []}}, "protected": false, "listed_count": 0, "description": "", "friends_count": 89, "url": null, "geo_enabled": false, "favourites_count": 849, "profile_link_color": "1DA1F2", "statuses_count": 262, "followers_count": 21, "profile_image_url_https": "https://pbs.twimg.com/profile_images/642336006935547904/YabimARi_normal.jpg", "default_profile_image": false, "profile_background_tile": false, "translator_type": "none", "time_zone": "Pacific Time (US & Canada)", "is_translator": false, "profile_sidebar_border_color": "C0DEED", "notifications": false, "id_str": "3576375141", "utc_offset": -28800, "default_profile": true, "has_extended_profile": false}
2017-11-13T04:00:05.200989	{"protected": false, "profile_background_tile": false, "translator_type": "none", "lang": "en", "profile_image_url_https": "https://pbs.twimg.com/profile_images/642336006935547904/YabimARi_normal.jpg", "friends_count": 89, "profile_text_color": "333333", "is_translator": false, "default_profile_image": false, "profile_image_url": "http://pbs.twimg.com/profile_images/642336006935547904/YabimARi_normal.jpg", "entities": {"description": {"urls": []}}, "profile_use_background_image": true, "profile_link_color": "1DA1F2", "is_translation_enabled": false, "following": false, "created_at": "Mon Sep 07 11:33:11 +0000 2015", "id": 3576375141, "id_str": "3576375141", "utc_offset": -28800, "profile_background_image_url_https": "https://abs.twimg.com/images/themes/theme1/bg.png", "description": "", "geo_enabled": false, "screen_name": "rob2010svk", "default_profile": true, "profile_background_image_url": "http://abs.twimg.com/images/themes/theme1/bg.png", "time_zone": "Pacific Time (US & Canada)", "location": "", "profile_sidebar_fill_color": "DDEEF6", "profile_background_color": "C0DEED", "notifications": false, "followers_count": 21, "url": null, "listed_count": 0, "statuses_count": 262, "favourites_count": 849, "verified": false, "status": {"retweeted": false, "in_reply_to_screen_name": "bencooper94", "lang": "en", "in_reply_to_user_id_str": "386933915", "entities": {"user_mentions": [{"screen_name": "bencooper94", "id_str": "386933915", "name": "Benjamin Cooper", "indices": [0, 12], "id": 386933915}, {"screen_name": "CNN", "id_str": "759251", "name": "CNN", "indices": [13, 17], "id": 759251}], "urls": [], "symbols": [], "hashtags": []}, "is_quote_status": false, "text": "@bencooper94 @CNN omg u r not only stupid but unbelievable moronic libtard", "created_at": "Sat Nov 11 01:15:09 +0000 2017", "id": 929155502038274048, "id_str": "929155502038274048", "favorited": false, "contributors": null, "geo": null, "in_reply_to_status_id_str": "928826010023292929", "truncated": false, "coordinates": null, "in_reply_to_user_id": 386933915, "in_reply_to_status_id": 928826010023292929, "source": "<a href=\"http://twitter.com/download/android\" rel=\"nofollow\">Twitter for Android</a>", "retweet_count": 0, "favorite_count": 0, "place": null}, "name": "crypto4all", "has_extended_profile": false, "profile_sidebar_border_color": "C0DEED", "follow_request_sent": false, "contributors_enabled": false}
2017-11-13T05:00:05.512303	{"protected": false, "description": "", "contributors_enabled": false, "is_translation_enabled": false, "profile_background_image_url_https": "https://abs.twimg.com/images/themes/theme1/bg.png", "screen_name": "rob2010svk", "geo_enabled": false, "profile_text_color": "333333", "location": "", "id_str": "3576375141", "status": {"retweet_count": 0, "in_reply_to_user_id": 386933915, "contributors": null, "text": "@bencooper94 @CNN omg u r not only stupid but unbelievable moronic libtard", "favorite_count": 0, "id_str": "929155502038274048", "geo": null, "in_reply_to_status_id_str": "928826010023292929", "in_reply_to_status_id": 928826010023292929, "in_reply_to_user_id_str": "386933915", "id": 929155502038274048, "truncated": false, "lang": "en", "created_at": "Sat Nov 11 01:15:09 +0000 2017", "retweeted": false, "favorited": false, "in_reply_to_screen_name": "bencooper94", "is_quote_status": false, "source": "<a href=\"http://twitter.com/download/android\" rel=\"nofollow\">Twitter for Android</a>", "coordinates": null, "entities": {"user_mentions": [{"indices": [0, 12], "id": 386933915, "screen_name": "bencooper94", "id_str": "386933915", "name": "Benjamin Cooper"}, {"indices": [13, 17], "id": 759251, "screen_name": "CNN", "id_str": "759251", "name": "CNN"}], "urls": [], "hashtags": [], "symbols": []}, "place": null}, "followers_count": 21, "utc_offset": -28800, "favourites_count": 849, "has_extended_profile": false, "verified": false, "notifications": false, "default_profile": true, "profile_background_tile": false, "profile_background_image_url": "http://abs.twimg.com/images/themes/theme1/bg.png", "default_profile_image": false, "id": 3576375141, "friends_count": 89, "profile_image_url": "http://pbs.twimg.com/profile_images/642336006935547904/YabimARi_normal.jpg", "lang": "en", "name": "crypto4all", "created_at": "Mon Sep 07 11:33:11 +0000 2015", "translator_type": "none", "following": false, "profile_background_color": "C0DEED", "listed_count": 0, "profile_use_background_image": true, "statuses_count": 262, "url": null, "is_translator": false, "profile_image_url_https": "https://pbs.twimg.com/profile_images/642336006935547904/YabimARi_normal.jpg", "profile_link_color": "1DA1F2", "entities": {"description": {"urls": []}}, "time_zone": "Pacific Time (US & Canada)", "profile_sidebar_border_color": "C0DEED", "follow_request_sent": false, "profile_sidebar_fill_color": "DDEEF6"}
2017-11-13T06:00:05.487169	{"default_profile_image": false, "utc_offset": -28800, "favourites_count": 849, "location": "", "profile_background_image_url": "http://abs.twimg.com/images/themes/theme1/bg.png", "statuses_count": 262, "translator_type": "none", "profile_image_url_https": "https://pbs.twimg.com/profile_images/642336006935547904/YabimARi_normal.jpg", "id_str": "3576375141", "friends_count": 89, "contributors_enabled": false, "followers_count": 21, "time_zone": "Pacific Time (US & Canada)", "following": false, "verified": false, "protected": false, "geo_enabled": false, "notifications": false, "profile_sidebar_border_color": "C0DEED", "is_translator": false, "screen_name": "rob2010svk", "profile_background_color": "C0DEED", "created_at": "Mon Sep 07 11:33:11 +0000 2015", "profile_sidebar_fill_color": "DDEEF6", "profile_background_image_url_https": "https://abs.twimg.com/images/themes/theme1/bg.png", "profile_image_url": "http://pbs.twimg.com/profile_images/642336006935547904/YabimARi_normal.jpg", "listed_count": 0, "id": 3576375141, "follow_request_sent": false, "status": {"place": null, "source": "<a href=\"http://twitter.com/download/android\" rel=\"nofollow\">Twitter for Android</a>", "id_str": "929155502038274048", "in_reply_to_status_id_str": "928826010023292929", "retweeted": false, "in_reply_to_user_id": 386933915, "in_reply_to_status_id": 928826010023292929, "truncated": false, "favorited": false, "favorite_count": 0, "in_reply_to_user_id_str": "386933915", "coordinates": null, "in_reply_to_screen_name": "bencooper94", "created_at": "Sat Nov 11 01:15:09 +0000 2017", "contributors": null, "id": 929155502038274048, "entities": {"hashtags": [], "user_mentions": [{"screen_name": "bencooper94", "id": 386933915, "name": "Benjamin Cooper", "id_str": "386933915", "indices": [0, 12]}, {"screen_name": "CNN", "id": 759251, "name": "CNN", "id_str": "759251", "indices": [13, 17]}], "symbols": [], "urls": []}, "text": "@bencooper94 @CNN omg u r not only stupid but unbelievable moronic libtard", "is_quote_status": false, "geo": null, "retweet_count": 0, "lang": "en"}, "entities": {"description": {"urls": []}}, "profile_link_color": "1DA1F2", "name": "crypto4all", "profile_text_color": "333333", "profile_use_background_image": true, "profile_background_tile": false, "description": "", "has_extended_profile": false, "is_translation_enabled": false, "lang": "en", "url": null, "default_profile": true}
2017-11-13T07:00:05.020308	{"profile_sidebar_fill_color": "DDEEF6", "status": {"retweet_count": 0, "source": "<a href=\"http://twitter.com/download/android\" rel=\"nofollow\">Twitter for Android</a>", "in_reply_to_status_id_str": "928826010023292929", "geo": null, "in_reply_to_user_id_str": "386933915", "entities": {"urls": [], "symbols": [], "user_mentions": [{"indices": [0, 12], "screen_name": "bencooper94", "id": 386933915, "id_str": "386933915", "name": "Benjamin Cooper"}, {"indices": [13, 17], "screen_name": "CNN", "id": 759251, "id_str": "759251", "name": "CNN"}], "hashtags": []}, "id_str": "929155502038274048", "lang": "en", "text": "@bencooper94 @CNN omg u r not only stupid but unbelievable moronic libtard", "is_quote_status": false, "coordinates": null, "created_at": "Sat Nov 11 01:15:09 +0000 2017", "id": 929155502038274048, "truncated": false, "retweeted": false, "contributors": null, "favorite_count": 0, "favorited": false, "in_reply_to_status_id": 928826010023292929, "in_reply_to_user_id": 386933915, "place": null, "in_reply_to_screen_name": "bencooper94"}, "listed_count": 0, "profile_background_color": "C0DEED", "profile_background_image_url": "http://abs.twimg.com/images/themes/theme1/bg.png", "notifications": false, "verified": false, "profile_use_background_image": true, "profile_image_url": "http://pbs.twimg.com/profile_images/642336006935547904/YabimARi_normal.jpg", "following": false, "profile_image_url_https": "https://pbs.twimg.com/profile_images/642336006935547904/YabimARi_normal.jpg", "is_translator": false, "location": "", "url": null, "profile_background_tile": false, "friends_count": 89, "id_str": "3576375141", "lang": "en", "default_profile_image": false, "follow_request_sent": false, "followers_count": 21, "description": "", "utc_offset": -28800, "is_translation_enabled": false, "translator_type": "none", "profile_sidebar_border_color": "C0DEED", "screen_name": "rob2010svk", "has_extended_profile": false, "favourites_count": 849, "statuses_count": 262, "created_at": "Mon Sep 07 11:33:11 +0000 2015", "profile_link_color": "1DA1F2", "id": 3576375141, "entities": {"description": {"urls": []}}, "time_zone": "Pacific Time (US & Canada)", "geo_enabled": false, "contributors_enabled": false, "name": "crypto4all", "protected": false, "profile_text_color": "333333", "default_profile": true, "profile_background_image_url_https": "https://abs.twimg.com/images/themes/theme1/bg.png"}
2017-11-13T08:00:05.068017	{"id_str": "3576375141", "name": "crypto4all", "translator_type": "none", "follow_request_sent": false, "notifications": false, "profile_background_image_url": "http://abs.twimg.com/images/themes/theme1/bg.png", "time_zone": "Pacific Time (US & Canada)", "profile_use_background_image": true, "profile_background_color": "C0DEED", "location": "", "lang": "en", "default_profile": true, "profile_sidebar_border_color": "C0DEED", "entities": {"description": {"urls": []}}, "profile_background_tile": false, "geo_enabled": false, "profile_background_image_url_https": "https://abs.twimg.com/images/themes/theme1/bg.png", "has_extended_profile": false, "friends_count": 89, "following": false, "protected": false, "is_translator": false, "followers_count": 21, "profile_sidebar_fill_color": "DDEEF6", "created_at": "Mon Sep 07 11:33:11 +0000 2015", "is_translation_enabled": false, "profile_link_color": "1DA1F2", "id": 3576375141, "description": "", "profile_text_color": "333333", "profile_image_url_https": "https://pbs.twimg.com/profile_images/642336006935547904/YabimARi_normal.jpg", "listed_count": 0, "profile_image_url": "http://pbs.twimg.com/profile_images/642336006935547904/YabimARi_normal.jpg", "favourites_count": 851, "utc_offset": -28800, "contributors_enabled": false, "statuses_count": 263, "default_profile_image": false, "status": {"id_str": "929979570064936960", "favorite_count": 0, "contributors": null, "favorited": false, "source": "<a href=\"http://twitter.com/download/android\" rel=\"nofollow\">Twitter for Android</a>", "text": "@TheNotoriousMMA giving out to #marcgod in the cage was pathetic... Conor you are such a short tool...", "lang": "en", "truncated": false, "in_reply_to_screen_name": "TheNotoriousMMA", "in_reply_to_status_id": null, "coordinates": null, "geo": null, "retweeted": false, "is_quote_status": false, "created_at": "Mon Nov 13 07:49:42 +0000 2017", "id": 929979570064936960, "entities": {"hashtags": [{"text": "marcgod", "indices": [31, 39]}], "symbols": [], "urls": [], "user_mentions": [{"id_str": "369583954", "name": "Conor McGregor", "id": 369583954, "screen_name": "TheNotoriousMMA", "indices": [0, 16]}]}, "in_reply_to_user_id": 369583954, "place": null, "retweet_count": 0, "in_reply_to_status_id_str": null, "in_reply_to_user_id_str": "369583954"}, "verified": false, "screen_name": "rob2010svk", "url": null}
2017-11-13T09:00:04.876991	{"entities": {"description": {"urls": []}}, "screen_name": "rob2010svk", "description": "", "created_at": "Mon Sep 07 11:33:11 +0000 2015", "friends_count": 90, "profile_link_color": "1DA1F2", "profile_sidebar_border_color": "C0DEED", "profile_image_url_https": "https://pbs.twimg.com/profile_images/642336006935547904/YabimARi_normal.jpg", "favourites_count": 857, "time_zone": "Pacific Time (US & Canada)", "default_profile_image": false, "profile_background_image_url": "http://abs.twimg.com/images/themes/theme1/bg.png", "listed_count": 0, "name": "crypto4all", "lang": "en", "protected": false, "profile_background_image_url_https": "https://abs.twimg.com/images/themes/theme1/bg.png", "profile_background_color": "C0DEED", "verified": false, "follow_request_sent": false, "contributors_enabled": false, "has_extended_profile": false, "default_profile": true, "statuses_count": 263, "url": null, "is_translator": false, "id_str": "3576375141", "utc_offset": -28800, "location": "", "profile_sidebar_fill_color": "DDEEF6", "geo_enabled": false, "id": 3576375141, "profile_use_background_image": true, "is_translation_enabled": false, "profile_background_tile": false, "profile_text_color": "333333", "profile_image_url": "http://pbs.twimg.com/profile_images/642336006935547904/YabimARi_normal.jpg", "status": {"entities": {"symbols": [], "urls": [], "user_mentions": [{"id_str": "369583954", "screen_name": "TheNotoriousMMA", "name": "Conor McGregor", "id": 369583954, "indices": [0, 16]}], "hashtags": [{"indices": [31, 39], "text": "marcgod"}]}, "created_at": "Mon Nov 13 07:49:42 +0000 2017", "text": "@TheNotoriousMMA giving out to #marcgod in the cage was pathetic... Conor you are such a short tool...", "in_reply_to_status_id": null, "geo": null, "lang": "en", "is_quote_status": false, "truncated": false, "favorite_count": 0, "in_reply_to_user_id_str": "369583954", "id_str": "929979570064936960", "retweeted": false, "source": "<a href=\"http://twitter.com/download/android\" rel=\"nofollow\">Twitter for Android</a>", "id": 929979570064936960, "favorited": false, "in_reply_to_status_id_str": null, "in_reply_to_screen_name": "TheNotoriousMMA", "contributors": null, "in_reply_to_user_id": 369583954, "coordinates": null, "place": null, "retweet_count": 0}, "translator_type": "none", "following": false, "followers_count": 21, "notifications": false}
2017-11-13T10:00:05.598265	{"profile_link_color": "1DA1F2", "utc_offset": -28800, "followers_count": 21, "screen_name": "rob2010svk", "description": "", "profile_background_tile": false, "time_zone": "Pacific Time (US & Canada)", "is_translator": false, "translator_type": "none", "notifications": false, "lang": "en", "has_extended_profile": false, "default_profile": true, "favourites_count": 857, "name": "crypto4all", "profile_sidebar_fill_color": "DDEEF6", "profile_use_background_image": true, "friends_count": 90, "verified": false, "url": null, "follow_request_sent": false, "default_profile_image": false, "profile_text_color": "333333", "id": 3576375141, "location": "", "id_str": "3576375141", "created_at": "Mon Sep 07 11:33:11 +0000 2015", "profile_background_color": "C0DEED", "profile_background_image_url_https": "https://abs.twimg.com/images/themes/theme1/bg.png", "is_translation_enabled": false, "geo_enabled": false, "listed_count": 0, "profile_sidebar_border_color": "C0DEED", "entities": {"description": {"urls": []}}, "protected": false, "following": false, "statuses_count": 263, "profile_image_url_https": "https://pbs.twimg.com/profile_images/642336006935547904/YabimARi_normal.jpg", "profile_background_image_url": "http://abs.twimg.com/images/themes/theme1/bg.png", "profile_image_url": "http://pbs.twimg.com/profile_images/642336006935547904/YabimARi_normal.jpg", "contributors_enabled": false, "status": {"truncated": false, "text": "@TheNotoriousMMA giving out to #marcgod in the cage was pathetic... Conor you are such a short tool...", "retweeted": false, "coordinates": null, "in_reply_to_status_id_str": null, "in_reply_to_status_id": null, "source": "<a href=\"http://twitter.com/download/android\" rel=\"nofollow\">Twitter for Android</a>", "in_reply_to_screen_name": "TheNotoriousMMA", "geo": null, "in_reply_to_user_id_str": "369583954", "id": 929979570064936960, "id_str": "929979570064936960", "created_at": "Mon Nov 13 07:49:42 +0000 2017", "place": null, "entities": {"hashtags": [{"indices": [31, 39], "text": "marcgod"}], "symbols": [], "user_mentions": [{"indices": [0, 16], "id_str": "369583954", "name": "Conor McGregor", "screen_name": "TheNotoriousMMA", "id": 369583954}], "urls": []}, "favorite_count": 0, "is_quote_status": false, "contributors": null, "favorited": false, "retweet_count": 0, "in_reply_to_user_id": 369583954, "lang": "en"}}
2017-11-13T11:00:05.942401	{"time_zone": "Pacific Time (US & Canada)", "contributors_enabled": false, "followers_count": 21, "favourites_count": 857, "following": false, "geo_enabled": false, "profile_use_background_image": true, "id_str": "3576375141", "description": "", "profile_background_image_url": "http://abs.twimg.com/images/themes/theme1/bg.png", "profile_image_url": "http://pbs.twimg.com/profile_images/642336006935547904/YabimARi_normal.jpg", "profile_link_color": "1DA1F2", "verified": false, "default_profile_image": false, "created_at": "Mon Sep 07 11:33:11 +0000 2015", "lang": "en", "is_translation_enabled": false, "friends_count": 90, "status": {"source": "<a href=\"http://twitter.com/download/android\" rel=\"nofollow\">Twitter for Android</a>", "retweeted": false, "id_str": "929979570064936960", "retweet_count": 0, "created_at": "Mon Nov 13 07:49:42 +0000 2017", "truncated": false, "lang": "en", "id": 929979570064936960, "favorited": false, "in_reply_to_user_id": 369583954, "in_reply_to_status_id_str": null, "geo": null, "coordinates": null, "is_quote_status": false, "in_reply_to_screen_name": "TheNotoriousMMA", "text": "@TheNotoriousMMA giving out to #marcgod in the cage was pathetic... Conor you are such a short tool...", "entities": {"urls": [], "hashtags": [{"indices": [31, 39], "text": "marcgod"}], "user_mentions": [{"screen_name": "TheNotoriousMMA", "id_str": "369583954", "indices": [0, 16], "name": "Conor McGregor", "id": 369583954}], "symbols": []}, "favorite_count": 0, "in_reply_to_status_id": null, "place": null, "in_reply_to_user_id_str": "369583954", "contributors": null}, "location": "", "protected": false, "profile_background_tile": false, "screen_name": "rob2010svk", "profile_text_color": "333333", "translator_type": "none", "profile_sidebar_border_color": "C0DEED", "profile_image_url_https": "https://pbs.twimg.com/profile_images/642336006935547904/YabimARi_normal.jpg", "profile_background_color": "C0DEED", "profile_background_image_url_https": "https://abs.twimg.com/images/themes/theme1/bg.png", "is_translator": false, "name": "crypto4all", "statuses_count": 263, "url": null, "notifications": false, "has_extended_profile": false, "entities": {"description": {"urls": []}}, "profile_sidebar_fill_color": "DDEEF6", "follow_request_sent": false, "utc_offset": -28800, "default_profile": true, "id": 3576375141, "listed_count": 0}
2017-11-13T12:00:05.583954	{"verified": false, "profile_text_color": "333333", "geo_enabled": false, "id_str": "3576375141", "screen_name": "rob2010svk", "notifications": false, "is_translation_enabled": false, "following": false, "description": "", "contributors_enabled": false, "profile_background_tile": false, "created_at": "Mon Sep 07 11:33:11 +0000 2015", "protected": false, "default_profile_image": false, "profile_use_background_image": true, "profile_background_image_url": "http://abs.twimg.com/images/themes/theme1/bg.png", "default_profile": true, "follow_request_sent": false, "friends_count": 90, "followers_count": 21, "has_extended_profile": false, "location": "", "profile_background_color": "C0DEED", "profile_sidebar_border_color": "C0DEED", "listed_count": 0, "utc_offset": -28800, "entities": {"description": {"urls": []}}, "profile_sidebar_fill_color": "DDEEF6", "status": {"source": "<a href=\"http://twitter.com/download/android\" rel=\"nofollow\">Twitter for Android</a>", "truncated": false, "id_str": "929979570064936960", "geo": null, "retweet_count": 0, "favorited": false, "place": null, "id": 929979570064936960, "is_quote_status": false, "coordinates": null, "in_reply_to_status_id_str": null, "text": "@TheNotoriousMMA giving out to #marcgod in the cage was pathetic... Conor you are such a short tool...", "in_reply_to_user_id_str": "369583954", "entities": {"user_mentions": [{"screen_name": "TheNotoriousMMA", "id": 369583954, "name": "Conor McGregor", "indices": [0, 16], "id_str": "369583954"}], "symbols": [], "urls": [], "hashtags": [{"indices": [31, 39], "text": "marcgod"}]}, "favorite_count": 0, "in_reply_to_user_id": 369583954, "created_at": "Mon Nov 13 07:49:42 +0000 2017", "in_reply_to_screen_name": "TheNotoriousMMA", "contributors": null, "retweeted": false, "in_reply_to_status_id": null, "lang": "en"}, "profile_link_color": "1DA1F2", "profile_background_image_url_https": "https://abs.twimg.com/images/themes/theme1/bg.png", "statuses_count": 263, "id": 3576375141, "translator_type": "none", "profile_image_url_https": "https://pbs.twimg.com/profile_images/642336006935547904/YabimARi_normal.jpg", "url": null, "is_translator": false, "profile_image_url": "http://pbs.twimg.com/profile_images/642336006935547904/YabimARi_normal.jpg", "name": "crypto4all", "time_zone": "Pacific Time (US & Canada)", "favourites_count": 859, "lang": "en"}
2017-11-13T13:00:05.777015	{"listed_count": 0, "id": 3576375141, "default_profile": true, "utc_offset": -28800, "name": "crypto4all", "lang": "en", "notifications": false, "profile_background_image_url_https": "https://abs.twimg.com/images/themes/theme1/bg.png", "profile_background_image_url": "http://abs.twimg.com/images/themes/theme1/bg.png", "geo_enabled": false, "entities": {"description": {"urls": []}}, "url": null, "contributors_enabled": false, "following": false, "verified": false, "profile_use_background_image": true, "protected": false, "screen_name": "rob2010svk", "profile_image_url": "http://pbs.twimg.com/profile_images/642336006935547904/YabimARi_normal.jpg", "follow_request_sent": false, "is_translation_enabled": false, "profile_background_color": "C0DEED", "friends_count": 90, "is_translator": false, "favourites_count": 865, "location": "", "has_extended_profile": false, "profile_sidebar_border_color": "C0DEED", "default_profile_image": false, "profile_background_tile": false, "profile_sidebar_fill_color": "DDEEF6", "status": {"id": 929979570064936960, "source": "<a href=\"http://twitter.com/download/android\" rel=\"nofollow\">Twitter for Android</a>", "lang": "en", "entities": {"symbols": [], "hashtags": [{"text": "marcgod", "indices": [31, 39]}], "user_mentions": [{"id_str": "369583954", "indices": [0, 16], "id": 369583954, "name": "Conor McGregor", "screen_name": "TheNotoriousMMA"}], "urls": []}, "in_reply_to_user_id_str": "369583954", "geo": null, "in_reply_to_status_id_str": null, "is_quote_status": false, "place": null, "retweet_count": 0, "truncated": false, "contributors": null, "coordinates": null, "in_reply_to_user_id": 369583954, "favorited": false, "in_reply_to_status_id": null, "text": "@TheNotoriousMMA giving out to #marcgod in the cage was pathetic... Conor you are such a short tool...", "id_str": "929979570064936960", "in_reply_to_screen_name": "TheNotoriousMMA", "created_at": "Mon Nov 13 07:49:42 +0000 2017", "favorite_count": 0, "retweeted": false}, "profile_text_color": "333333", "profile_link_color": "1DA1F2", "id_str": "3576375141", "profile_image_url_https": "https://pbs.twimg.com/profile_images/642336006935547904/YabimARi_normal.jpg", "translator_type": "none", "time_zone": "Pacific Time (US & Canada)", "statuses_count": 263, "created_at": "Mon Sep 07 11:33:11 +0000 2015", "followers_count": 21, "description": ""}
2017-11-13T14:00:05.292820	{"profile_link_color": "1DA1F2", "profile_sidebar_fill_color": "DDEEF6", "id_str": "3576375141", "profile_use_background_image": true, "entities": {"description": {"urls": []}}, "status": {"contributors": null, "truncated": false, "id_str": "929979570064936960", "entities": {"hashtags": [{"indices": [31, 39], "text": "marcgod"}], "urls": [], "symbols": [], "user_mentions": [{"name": "Conor McGregor", "indices": [0, 16], "id": 369583954, "id_str": "369583954", "screen_name": "TheNotoriousMMA"}]}, "source": "<a href=\"http://twitter.com/download/android\" rel=\"nofollow\">Twitter for Android</a>", "is_quote_status": false, "retweeted": false, "retweet_count": 0, "in_reply_to_user_id": 369583954, "created_at": "Mon Nov 13 07:49:42 +0000 2017", "place": null, "in_reply_to_status_id_str": null, "coordinates": null, "lang": "en", "in_reply_to_screen_name": "TheNotoriousMMA", "favorite_count": 0, "favorited": false, "geo": null, "in_reply_to_status_id": null, "text": "@TheNotoriousMMA giving out to #marcgod in the cage was pathetic... Conor you are such a short tool...", "in_reply_to_user_id_str": "369583954", "id": 929979570064936960}, "protected": false, "contributors_enabled": false, "followers_count": 21, "time_zone": "Pacific Time (US & Canada)", "following": false, "id": 3576375141, "has_extended_profile": false, "profile_image_url_https": "https://pbs.twimg.com/profile_images/642336006935547904/YabimARi_normal.jpg", "utc_offset": -28800, "created_at": "Mon Sep 07 11:33:11 +0000 2015", "name": "crypto4all", "is_translator": false, "profile_sidebar_border_color": "C0DEED", "profile_text_color": "333333", "is_translation_enabled": false, "lang": "en", "friends_count": 90, "profile_background_image_url": "http://abs.twimg.com/images/themes/theme1/bg.png", "listed_count": 0, "profile_background_tile": false, "favourites_count": 865, "verified": false, "default_profile_image": false, "follow_request_sent": false, "notifications": false, "url": null, "statuses_count": 263, "default_profile": true, "profile_background_color": "C0DEED", "translator_type": "none", "profile_image_url": "http://pbs.twimg.com/profile_images/642336006935547904/YabimARi_normal.jpg", "profile_background_image_url_https": "https://abs.twimg.com/images/themes/theme1/bg.png", "location": "", "description": "", "geo_enabled": false, "screen_name": "rob2010svk"}
2017-11-13T15:00:05.618401	{"status": {"coordinates": null, "favorited": false, "contributors": null, "in_reply_to_screen_name": "TheNotoriousMMA", "favorite_count": 0, "retweeted": false, "in_reply_to_user_id_str": "369583954", "text": "@TheNotoriousMMA giving out to #marcgod in the cage was pathetic... Conor you are such a short tool...", "geo": null, "truncated": false, "id_str": "929979570064936960", "id": 929979570064936960, "in_reply_to_user_id": 369583954, "place": null, "lang": "en", "in_reply_to_status_id_str": null, "retweet_count": 0, "entities": {"user_mentions": [{"id_str": "369583954", "name": "Conor McGregor", "id": 369583954, "indices": [0, 16], "screen_name": "TheNotoriousMMA"}], "hashtags": [{"text": "marcgod", "indices": [31, 39]}], "urls": [], "symbols": []}, "source": "<a href=\"http://twitter.com/download/android\" rel=\"nofollow\">Twitter for Android</a>", "is_quote_status": false, "in_reply_to_status_id": null, "created_at": "Mon Nov 13 07:49:42 +0000 2017"}, "profile_background_tile": false, "profile_background_color": "C0DEED", "url": null, "favourites_count": 865, "default_profile_image": false, "following": false, "profile_background_image_url": "http://abs.twimg.com/images/themes/theme1/bg.png", "friends_count": 90, "time_zone": "Pacific Time (US & Canada)", "geo_enabled": false, "notifications": false, "followers_count": 21, "profile_use_background_image": true, "translator_type": "none", "name": "crypto4all", "id": 3576375141, "screen_name": "rob2010svk", "default_profile": true, "statuses_count": 263, "location": "", "profile_sidebar_border_color": "C0DEED", "utc_offset": -28800, "contributors_enabled": false, "description": "", "follow_request_sent": false, "lang": "en", "protected": false, "profile_link_color": "1DA1F2", "profile_text_color": "333333", "id_str": "3576375141", "entities": {"description": {"urls": []}}, "verified": false, "listed_count": 0, "has_extended_profile": false, "profile_image_url_https": "https://pbs.twimg.com/profile_images/642336006935547904/YabimARi_normal.jpg", "is_translator": false, "is_translation_enabled": false, "created_at": "Mon Sep 07 11:33:11 +0000 2015", "profile_image_url": "http://pbs.twimg.com/profile_images/642336006935547904/YabimARi_normal.jpg", "profile_background_image_url_https": "https://abs.twimg.com/images/themes/theme1/bg.png", "profile_sidebar_fill_color": "DDEEF6"}
2017-11-13T16:00:05.401658	{"name": "crypto4all", "profile_text_color": "333333", "id_str": "3576375141", "profile_sidebar_fill_color": "DDEEF6", "lang": "en", "url": null, "profile_use_background_image": true, "profile_image_url_https": "https://pbs.twimg.com/profile_images/642336006935547904/YabimARi_normal.jpg", "protected": false, "is_translator": false, "profile_background_image_url": "http://abs.twimg.com/images/themes/theme1/bg.png", "created_at": "Mon Sep 07 11:33:11 +0000 2015", "default_profile": true, "friends_count": 90, "statuses_count": 263, "profile_background_tile": false, "has_extended_profile": false, "entities": {"description": {"urls": []}}, "listed_count": 0, "translator_type": "none", "profile_sidebar_border_color": "C0DEED", "following": false, "geo_enabled": false, "contributors_enabled": false, "location": "", "profile_link_color": "1DA1F2", "profile_background_color": "C0DEED", "description": "", "profile_background_image_url_https": "https://abs.twimg.com/images/themes/theme1/bg.png", "time_zone": "Pacific Time (US & Canada)", "utc_offset": -28800, "id": 3576375141, "favourites_count": 865, "followers_count": 21, "verified": false, "default_profile_image": false, "is_translation_enabled": false, "screen_name": "rob2010svk", "notifications": false, "status": {"id_str": "929979570064936960", "lang": "en", "truncated": false, "in_reply_to_screen_name": "TheNotoriousMMA", "in_reply_to_status_id_str": null, "in_reply_to_user_id": 369583954, "entities": {"urls": [], "symbols": [], "user_mentions": [{"name": "Conor McGregor", "id": 369583954, "screen_name": "TheNotoriousMMA", "id_str": "369583954", "indices": [0, 16]}], "hashtags": [{"text": "marcgod", "indices": [31, 39]}]}, "source": "<a href=\"http://twitter.com/download/android\" rel=\"nofollow\">Twitter for Android</a>", "in_reply_to_user_id_str": "369583954", "favorited": false, "created_at": "Mon Nov 13 07:49:42 +0000 2017", "place": null, "retweet_count": 0, "favorite_count": 0, "text": "@TheNotoriousMMA giving out to #marcgod in the cage was pathetic... Conor you are such a short tool...", "id": 929979570064936960, "coordinates": null, "in_reply_to_status_id": null, "contributors": null, "retweeted": false, "geo": null, "is_quote_status": false}, "profile_image_url": "http://pbs.twimg.com/profile_images/642336006935547904/YabimARi_normal.jpg", "follow_request_sent": false}
2017-11-13T17:00:04.954784	{"id_str": "3576375141", "created_at": "Mon Sep 07 11:33:11 +0000 2015", "default_profile_image": false, "utc_offset": -28800, "profile_image_url_https": "https://pbs.twimg.com/profile_images/642336006935547904/YabimARi_normal.jpg", "profile_sidebar_border_color": "C0DEED", "status": {"id_str": "929979570064936960", "created_at": "Mon Nov 13 07:49:42 +0000 2017", "truncated": false, "in_reply_to_user_id": 369583954, "entities": {"hashtags": [{"indices": [31, 39], "text": "marcgod"}], "urls": [], "symbols": [], "user_mentions": [{"id_str": "369583954", "indices": [0, 16], "id": 369583954, "screen_name": "TheNotoriousMMA", "name": "Conor McGregor"}]}, "in_reply_to_status_id_str": null, "id": 929979570064936960, "retweet_count": 0, "retweeted": false, "contributors": null, "source": "<a href=\"http://twitter.com/download/android\" rel=\"nofollow\">Twitter for Android</a>", "in_reply_to_user_id_str": "369583954", "lang": "en", "geo": null, "in_reply_to_screen_name": "TheNotoriousMMA", "favorite_count": 0, "coordinates": null, "favorited": false, "text": "@TheNotoriousMMA giving out to #marcgod in the cage was pathetic... Conor you are such a short tool...", "place": null, "in_reply_to_status_id": null, "is_quote_status": false}, "listed_count": 0, "profile_background_image_url": "http://abs.twimg.com/images/themes/theme1/bg.png", "default_profile": true, "profile_image_url": "http://pbs.twimg.com/profile_images/642336006935547904/YabimARi_normal.jpg", "screen_name": "rob2010svk", "notifications": false, "friends_count": 90, "url": null, "entities": {"description": {"urls": []}}, "id": 3576375141, "time_zone": "Pacific Time (US & Canada)", "profile_use_background_image": true, "profile_link_color": "1DA1F2", "following": false, "verified": false, "profile_text_color": "333333", "profile_background_tile": false, "profile_sidebar_fill_color": "DDEEF6", "statuses_count": 263, "profile_background_color": "C0DEED", "has_extended_profile": false, "follow_request_sent": false, "is_translation_enabled": false, "name": "crypto4all", "lang": "en", "favourites_count": 865, "profile_background_image_url_https": "https://abs.twimg.com/images/themes/theme1/bg.png", "protected": false, "followers_count": 21, "is_translator": false, "description": "", "geo_enabled": false, "translator_type": "none", "contributors_enabled": false, "location": ""}
2017-11-13T18:00:05.337588	{"default_profile": true, "has_extended_profile": false, "follow_request_sent": false, "notifications": false, "id": 3576375141, "profile_image_url": "http://pbs.twimg.com/profile_images/642336006935547904/YabimARi_normal.jpg", "id_str": "3576375141", "time_zone": "Pacific Time (US & Canada)", "profile_use_background_image": true, "profile_background_image_url": "http://abs.twimg.com/images/themes/theme1/bg.png", "status": {"retweet_count": 0, "in_reply_to_status_id_str": null, "in_reply_to_screen_name": "TheNotoriousMMA", "favorited": false, "id_str": "929979570064936960", "coordinates": null, "favorite_count": 0, "in_reply_to_user_id": 369583954, "in_reply_to_status_id": null, "retweeted": false, "source": "<a href=\"http://twitter.com/download/android\" rel=\"nofollow\">Twitter for Android</a>", "contributors": null, "truncated": false, "in_reply_to_user_id_str": "369583954", "entities": {"user_mentions": [{"id_str": "369583954", "indices": [0, 16], "screen_name": "TheNotoriousMMA", "id": 369583954, "name": "Conor McGregor"}], "urls": [], "symbols": [], "hashtags": [{"text": "marcgod", "indices": [31, 39]}]}, "place": null, "text": "@TheNotoriousMMA giving out to #marcgod in the cage was pathetic... Conor you are such a short tool...", "lang": "en", "geo": null, "id": 929979570064936960, "is_quote_status": false, "created_at": "Mon Nov 13 07:49:42 +0000 2017"}, "followers_count": 22, "translator_type": "none", "protected": false, "listed_count": 0, "verified": false, "geo_enabled": false, "following": false, "screen_name": "rob2010svk", "profile_sidebar_fill_color": "DDEEF6", "name": "crypto4all", "url": null, "profile_background_tile": false, "profile_background_image_url_https": "https://abs.twimg.com/images/themes/theme1/bg.png", "statuses_count": 263, "profile_image_url_https": "https://pbs.twimg.com/profile_images/642336006935547904/YabimARi_normal.jpg", "default_profile_image": false, "entities": {"description": {"urls": []}}, "favourites_count": 865, "profile_text_color": "333333", "profile_background_color": "C0DEED", "lang": "en", "profile_sidebar_border_color": "C0DEED", "profile_link_color": "1DA1F2", "utc_offset": -28800, "is_translation_enabled": false, "contributors_enabled": false, "is_translator": false, "description": "", "location": "", "friends_count": 90, "created_at": "Mon Sep 07 11:33:11 +0000 2015"}
2017-11-13T19:00:05.400659	{"location": "", "profile_image_url": "http://pbs.twimg.com/profile_images/642336006935547904/YabimARi_normal.jpg", "profile_background_tile": false, "profile_sidebar_fill_color": "DDEEF6", "name": "crypto4all", "statuses_count": 263, "follow_request_sent": false, "id_str": "3576375141", "geo_enabled": false, "entities": {"description": {"urls": []}}, "protected": false, "profile_background_image_url_https": "https://abs.twimg.com/images/themes/theme1/bg.png", "is_translator": false, "profile_sidebar_border_color": "C0DEED", "profile_use_background_image": true, "listed_count": 0, "translator_type": "none", "description": "", "utc_offset": -28800, "is_translation_enabled": false, "followers_count": 22, "profile_background_image_url": "http://abs.twimg.com/images/themes/theme1/bg.png", "lang": "en", "url": null, "profile_link_color": "1DA1F2", "profile_background_color": "C0DEED", "status": {"in_reply_to_screen_name": "TheNotoriousMMA", "text": "@TheNotoriousMMA giving out to #marcgod in the cage was pathetic... Conor you are such a short tool...", "favorite_count": 0, "truncated": false, "source": "<a href=\"http://twitter.com/download/android\" rel=\"nofollow\">Twitter for Android</a>", "place": null, "retweeted": false, "geo": null, "in_reply_to_user_id_str": "369583954", "coordinates": null, "entities": {"symbols": [], "hashtags": [{"indices": [31, 39], "text": "marcgod"}], "user_mentions": [{"indices": [0, 16], "id_str": "369583954", "screen_name": "TheNotoriousMMA", "name": "Conor McGregor", "id": 369583954}], "urls": []}, "lang": "en", "created_at": "Mon Nov 13 07:49:42 +0000 2017", "in_reply_to_status_id_str": null, "is_quote_status": false, "favorited": false, "retweet_count": 0, "in_reply_to_user_id": 369583954, "id_str": "929979570064936960", "in_reply_to_status_id": null, "id": 929979570064936960, "contributors": null}, "verified": false, "profile_text_color": "333333", "notifications": false, "profile_image_url_https": "https://pbs.twimg.com/profile_images/642336006935547904/YabimARi_normal.jpg", "favourites_count": 865, "created_at": "Mon Sep 07 11:33:11 +0000 2015", "time_zone": "Pacific Time (US & Canada)", "has_extended_profile": false, "default_profile": true, "default_profile_image": false, "following": false, "screen_name": "rob2010svk", "contributors_enabled": false, "friends_count": 90, "id": 3576375141}
2017-11-13T20:00:05.364818	{"default_profile_image": false, "profile_background_image_url_https": "https://abs.twimg.com/images/themes/theme1/bg.png", "profile_background_color": "C0DEED", "protected": false, "geo_enabled": false, "profile_image_url_https": "https://pbs.twimg.com/profile_images/642336006935547904/YabimARi_normal.jpg", "verified": false, "translator_type": "none", "profile_image_url": "http://pbs.twimg.com/profile_images/642336006935547904/YabimARi_normal.jpg", "is_translation_enabled": false, "profile_sidebar_border_color": "C0DEED", "time_zone": "Pacific Time (US & Canada)", "default_profile": true, "description": "", "utc_offset": -28800, "profile_link_color": "1DA1F2", "favourites_count": 865, "profile_sidebar_fill_color": "DDEEF6", "id_str": "3576375141", "lang": "en", "location": "", "url": null, "created_at": "Mon Sep 07 11:33:11 +0000 2015", "listed_count": 0, "contributors_enabled": false, "screen_name": "rob2010svk", "is_translator": false, "friends_count": 90, "statuses_count": 263, "name": "crypto4all", "notifications": false, "followers_count": 22, "profile_background_image_url": "http://abs.twimg.com/images/themes/theme1/bg.png", "follow_request_sent": false, "status": {"favorite_count": 0, "source": "<a href=\"http://twitter.com/download/android\" rel=\"nofollow\">Twitter for Android</a>", "in_reply_to_status_id": null, "truncated": false, "in_reply_to_screen_name": "TheNotoriousMMA", "favorited": false, "id_str": "929979570064936960", "lang": "en", "in_reply_to_user_id": 369583954, "in_reply_to_user_id_str": "369583954", "created_at": "Mon Nov 13 07:49:42 +0000 2017", "text": "@TheNotoriousMMA giving out to #marcgod in the cage was pathetic... Conor you are such a short tool...", "coordinates": null, "is_quote_status": false, "retweet_count": 0, "contributors": null, "place": null, "geo": null, "retweeted": false, "entities": {"user_mentions": [{"indices": [0, 16], "name": "Conor McGregor", "screen_name": "TheNotoriousMMA", "id": 369583954, "id_str": "369583954"}], "symbols": [], "urls": [], "hashtags": [{"indices": [31, 39], "text": "marcgod"}]}, "id": 929979570064936960, "in_reply_to_status_id_str": null}, "following": false, "profile_text_color": "333333", "profile_use_background_image": true, "profile_background_tile": false, "entities": {"description": {"urls": []}}, "has_extended_profile": false, "id": 3576375141}
2017-11-13T21:00:04.870046	{"notifications": false, "is_translation_enabled": false, "translator_type": "none", "profile_sidebar_fill_color": "DDEEF6", "time_zone": "Pacific Time (US & Canada)", "id": 3576375141, "profile_text_color": "333333", "description": "", "profile_background_image_url": "http://abs.twimg.com/images/themes/theme1/bg.png", "follow_request_sent": false, "profile_sidebar_border_color": "C0DEED", "contributors_enabled": false, "listed_count": 0, "protected": false, "location": "", "created_at": "Mon Sep 07 11:33:11 +0000 2015", "profile_image_url": "http://pbs.twimg.com/profile_images/642336006935547904/YabimARi_normal.jpg", "has_extended_profile": false, "id_str": "3576375141", "profile_image_url_https": "https://pbs.twimg.com/profile_images/642336006935547904/YabimARi_normal.jpg", "is_translator": false, "verified": false, "name": "crypto4all", "profile_background_image_url_https": "https://abs.twimg.com/images/themes/theme1/bg.png", "default_profile": true, "profile_use_background_image": true, "statuses_count": 263, "followers_count": 22, "favourites_count": 865, "utc_offset": -28800, "default_profile_image": false, "following": false, "profile_background_color": "C0DEED", "friends_count": 90, "entities": {"description": {"urls": []}}, "geo_enabled": false, "url": null, "lang": "en", "screen_name": "rob2010svk", "profile_background_tile": false, "profile_link_color": "1DA1F2", "status": {"place": null, "source": "<a href=\"http://twitter.com/download/android\" rel=\"nofollow\">Twitter for Android</a>", "retweet_count": 0, "id": 929979570064936960, "in_reply_to_status_id_str": null, "in_reply_to_user_id_str": "369583954", "in_reply_to_screen_name": "TheNotoriousMMA", "contributors": null, "id_str": "929979570064936960", "retweeted": false, "geo": null, "truncated": false, "favorite_count": 0, "text": "@TheNotoriousMMA giving out to #marcgod in the cage was pathetic... Conor you are such a short tool...", "favorited": false, "entities": {"hashtags": [{"text": "marcgod", "indices": [31, 39]}], "urls": [], "user_mentions": [{"screen_name": "TheNotoriousMMA", "name": "Conor McGregor", "id_str": "369583954", "indices": [0, 16], "id": 369583954}], "symbols": []}, "is_quote_status": false, "in_reply_to_user_id": 369583954, "in_reply_to_status_id": null, "created_at": "Mon Nov 13 07:49:42 +0000 2017", "lang": "en", "coordinates": null}}
2017-11-13T22:00:05.548961	{"profile_sidebar_fill_color": "DDEEF6", "following": false, "favourites_count": 866, "name": "crypto4all", "verified": false, "id_str": "3576375141", "contributors_enabled": false, "statuses_count": 263, "status": {"coordinates": null, "id": 929979570064936960, "in_reply_to_user_id_str": "369583954", "place": null, "favorited": false, "in_reply_to_status_id_str": null, "id_str": "929979570064936960", "in_reply_to_screen_name": "TheNotoriousMMA", "geo": null, "lang": "en", "in_reply_to_status_id": null, "retweet_count": 0, "truncated": false, "retweeted": false, "text": "@TheNotoriousMMA giving out to #marcgod in the cage was pathetic... Conor you are such a short tool...", "source": "<a href=\"http://twitter.com/download/android\" rel=\"nofollow\">Twitter for Android</a>", "created_at": "Mon Nov 13 07:49:42 +0000 2017", "is_quote_status": false, "favorite_count": 0, "entities": {"hashtags": [{"text": "marcgod", "indices": [31, 39]}], "symbols": [], "user_mentions": [{"screen_name": "TheNotoriousMMA", "indices": [0, 16], "name": "Conor McGregor", "id_str": "369583954", "id": 369583954}], "urls": []}, "contributors": null, "in_reply_to_user_id": 369583954}, "listed_count": 0, "profile_background_tile": false, "profile_background_color": "C0DEED", "lang": "en", "description": "", "id": 3576375141, "screen_name": "rob2010svk", "default_profile": true, "profile_use_background_image": true, "protected": false, "url": null, "profile_image_url_https": "https://pbs.twimg.com/profile_images/642336006935547904/YabimARi_normal.jpg", "profile_sidebar_border_color": "C0DEED", "default_profile_image": false, "translator_type": "none", "is_translation_enabled": false, "created_at": "Mon Sep 07 11:33:11 +0000 2015", "profile_text_color": "333333", "friends_count": 90, "utc_offset": -28800, "time_zone": "Pacific Time (US & Canada)", "is_translator": false, "profile_background_image_url_https": "https://abs.twimg.com/images/themes/theme1/bg.png", "follow_request_sent": false, "notifications": false, "profile_link_color": "1DA1F2", "entities": {"description": {"urls": []}}, "profile_background_image_url": "http://abs.twimg.com/images/themes/theme1/bg.png", "followers_count": 22, "profile_image_url": "http://pbs.twimg.com/profile_images/642336006935547904/YabimARi_normal.jpg", "has_extended_profile": false, "geo_enabled": false, "location": ""}
2017-11-13T23:00:05.133073	{"friends_count": 90, "notifications": false, "entities": {"description": {"urls": []}}, "default_profile": true, "protected": false, "profile_image_url": "http://pbs.twimg.com/profile_images/642336006935547904/YabimARi_normal.jpg", "profile_sidebar_border_color": "C0DEED", "profile_background_color": "C0DEED", "favourites_count": 866, "is_translation_enabled": false, "id": 3576375141, "name": "crypto4all", "statuses_count": 263, "listed_count": 0, "profile_background_image_url": "http://abs.twimg.com/images/themes/theme1/bg.png", "geo_enabled": false, "has_extended_profile": false, "profile_text_color": "333333", "profile_use_background_image": true, "is_translator": false, "contributors_enabled": false, "following": false, "profile_link_color": "1DA1F2", "time_zone": "Pacific Time (US & Canada)", "profile_sidebar_fill_color": "DDEEF6", "profile_background_tile": false, "url": null, "translator_type": "none", "lang": "en", "description": "", "profile_image_url_https": "https://pbs.twimg.com/profile_images/642336006935547904/YabimARi_normal.jpg", "followers_count": 22, "verified": false, "utc_offset": -28800, "created_at": "Mon Sep 07 11:33:11 +0000 2015", "id_str": "3576375141", "default_profile_image": false, "profile_background_image_url_https": "https://abs.twimg.com/images/themes/theme1/bg.png", "location": "", "status": {"text": "@TheNotoriousMMA giving out to #marcgod in the cage was pathetic... Conor you are such a short tool...", "coordinates": null, "entities": {"urls": [], "hashtags": [{"text": "marcgod", "indices": [31, 39]}], "user_mentions": [{"indices": [0, 16], "id_str": "369583954", "screen_name": "TheNotoriousMMA", "id": 369583954, "name": "Conor McGregor"}], "symbols": []}, "retweet_count": 0, "in_reply_to_screen_name": "TheNotoriousMMA", "in_reply_to_user_id_str": "369583954", "id": 929979570064936960, "source": "<a href=\"http://twitter.com/download/android\" rel=\"nofollow\">Twitter for Android</a>", "in_reply_to_user_id": 369583954, "in_reply_to_status_id_str": null, "truncated": false, "retweeted": false, "favorite_count": 0, "lang": "en", "contributors": null, "in_reply_to_status_id": null, "created_at": "Mon Nov 13 07:49:42 +0000 2017", "id_str": "929979570064936960", "geo": null, "is_quote_status": false, "favorited": false, "place": null}, "screen_name": "rob2010svk", "follow_request_sent": false}
2017-11-14T00:00:04.761914	{"has_extended_profile": false, "utc_offset": -28800, "profile_background_tile": false, "status": {"place": null, "in_reply_to_user_id_str": "369583954", "in_reply_to_status_id_str": null, "created_at": "Mon Nov 13 07:49:42 +0000 2017", "in_reply_to_status_id": null, "text": "@TheNotoriousMMA giving out to #marcgod in the cage was pathetic... Conor you are such a short tool...", "in_reply_to_screen_name": "TheNotoriousMMA", "retweet_count": 0, "favorite_count": 0, "is_quote_status": false, "favorited": false, "in_reply_to_user_id": 369583954, "id_str": "929979570064936960", "geo": null, "lang": "en", "retweeted": false, "id": 929979570064936960, "source": "<a href=\"http://twitter.com/download/android\" rel=\"nofollow\">Twitter for Android</a>", "contributors": null, "coordinates": null, "entities": {"hashtags": [{"text": "marcgod", "indices": [31, 39]}], "symbols": [], "urls": [], "user_mentions": [{"screen_name": "TheNotoriousMMA", "indices": [0, 16], "name": "Conor McGregor", "id": 369583954, "id_str": "369583954"}]}, "truncated": false}, "favourites_count": 866, "profile_sidebar_fill_color": "DDEEF6", "created_at": "Mon Sep 07 11:33:11 +0000 2015", "is_translation_enabled": false, "geo_enabled": false, "profile_use_background_image": true, "statuses_count": 263, "default_profile": true, "follow_request_sent": false, "profile_link_color": "1DA1F2", "translator_type": "none", "friends_count": 90, "profile_background_image_url": "http://abs.twimg.com/images/themes/theme1/bg.png", "default_profile_image": false, "profile_background_color": "C0DEED", "description": "", "protected": false, "screen_name": "rob2010svk", "name": "crypto4all", "entities": {"description": {"urls": []}}, "id_str": "3576375141", "profile_background_image_url_https": "https://abs.twimg.com/images/themes/theme1/bg.png", "url": null, "listed_count": 0, "lang": "en", "profile_image_url": "http://pbs.twimg.com/profile_images/642336006935547904/YabimARi_normal.jpg", "following": false, "profile_sidebar_border_color": "C0DEED", "profile_image_url_https": "https://pbs.twimg.com/profile_images/642336006935547904/YabimARi_normal.jpg", "location": "", "profile_text_color": "333333", "contributors_enabled": false, "id": 3576375141, "is_translator": false, "verified": false, "notifications": false, "time_zone": "Pacific Time (US & Canada)", "followers_count": 22}
2017-11-14T01:00:05.190870	{"profile_background_image_url": "http://abs.twimg.com/images/themes/theme1/bg.png", "location": "", "statuses_count": 263, "followers_count": 22, "profile_image_url_https": "https://pbs.twimg.com/profile_images/642336006935547904/YabimARi_normal.jpg", "profile_sidebar_border_color": "C0DEED", "profile_use_background_image": true, "notifications": false, "profile_link_color": "1DA1F2", "profile_sidebar_fill_color": "DDEEF6", "url": null, "description": "", "geo_enabled": false, "entities": {"description": {"urls": []}}, "time_zone": "Pacific Time (US & Canada)", "id": 3576375141, "id_str": "3576375141", "default_profile_image": false, "profile_image_url": "http://pbs.twimg.com/profile_images/642336006935547904/YabimARi_normal.jpg", "is_translator": false, "utc_offset": -28800, "profile_background_tile": false, "following": false, "favourites_count": 866, "profile_background_color": "C0DEED", "name": "crypto4all", "profile_background_image_url_https": "https://abs.twimg.com/images/themes/theme1/bg.png", "friends_count": 90, "translator_type": "none", "has_extended_profile": false, "verified": false, "listed_count": 0, "default_profile": true, "contributors_enabled": false, "is_translation_enabled": false, "status": {"in_reply_to_status_id": null, "in_reply_to_status_id_str": null, "id_str": "929979570064936960", "favorited": false, "truncated": false, "place": null, "in_reply_to_user_id_str": "369583954", "in_reply_to_screen_name": "TheNotoriousMMA", "id": 929979570064936960, "text": "@TheNotoriousMMA giving out to #marcgod in the cage was pathetic... Conor you are such a short tool...", "is_quote_status": false, "coordinates": null, "lang": "en", "retweet_count": 0, "source": "<a href=\"http://twitter.com/download/android\" rel=\"nofollow\">Twitter for Android</a>", "retweeted": false, "in_reply_to_user_id": 369583954, "created_at": "Mon Nov 13 07:49:42 +0000 2017", "favorite_count": 0, "entities": {"user_mentions": [{"screen_name": "TheNotoriousMMA", "indices": [0, 16], "name": "Conor McGregor", "id_str": "369583954", "id": 369583954}], "symbols": [], "hashtags": [{"indices": [31, 39], "text": "marcgod"}], "urls": []}, "contributors": null, "geo": null}, "protected": false, "lang": "en", "screen_name": "rob2010svk", "follow_request_sent": false, "profile_text_color": "333333", "created_at": "Mon Sep 07 11:33:11 +0000 2015"}
2017-11-14T02:00:05.659338	{"created_at": "Mon Sep 07 11:33:11 +0000 2015", "follow_request_sent": false, "has_extended_profile": false, "statuses_count": 263, "profile_background_tile": false, "profile_sidebar_border_color": "C0DEED", "favourites_count": 866, "description": "", "translator_type": "none", "default_profile_image": false, "profile_link_color": "1DA1F2", "utc_offset": -28800, "profile_background_image_url": "http://abs.twimg.com/images/themes/theme1/bg.png", "profile_text_color": "333333", "geo_enabled": false, "profile_image_url": "http://pbs.twimg.com/profile_images/642336006935547904/YabimARi_normal.jpg", "profile_image_url_https": "https://pbs.twimg.com/profile_images/642336006935547904/YabimARi_normal.jpg", "url": null, "contributors_enabled": false, "name": "crypto4all", "verified": false, "screen_name": "rob2010svk", "profile_background_color": "C0DEED", "protected": false, "profile_sidebar_fill_color": "DDEEF6", "status": {"retweeted": false, "created_at": "Mon Nov 13 07:49:42 +0000 2017", "geo": null, "in_reply_to_status_id": null, "in_reply_to_screen_name": "TheNotoriousMMA", "truncated": false, "in_reply_to_user_id_str": "369583954", "coordinates": null, "place": null, "favorite_count": 0, "is_quote_status": false, "in_reply_to_user_id": 369583954, "in_reply_to_status_id_str": null, "contributors": null, "id": 929979570064936960, "retweet_count": 0, "favorited": false, "entities": {"symbols": [], "hashtags": [{"text": "marcgod", "indices": [31, 39]}], "urls": [], "user_mentions": [{"screen_name": "TheNotoriousMMA", "id": 369583954, "indices": [0, 16], "id_str": "369583954", "name": "Conor McGregor"}]}, "lang": "en", "text": "@TheNotoriousMMA giving out to #marcgod in the cage was pathetic... Conor you are such a short tool...", "source": "<a href=\"http://twitter.com/download/android\" rel=\"nofollow\">Twitter for Android</a>", "id_str": "929979570064936960"}, "profile_use_background_image": true, "id": 3576375141, "default_profile": true, "is_translation_enabled": false, "following": false, "is_translator": false, "followers_count": 22, "time_zone": "Pacific Time (US & Canada)", "id_str": "3576375141", "lang": "en", "profile_background_image_url_https": "https://abs.twimg.com/images/themes/theme1/bg.png", "listed_count": 0, "location": "", "friends_count": 90, "entities": {"description": {"urls": []}}, "notifications": false}
2017-11-14T03:00:05.436368	{"status": {"in_reply_to_user_id": 369583954, "source": "<a href=\"http://twitter.com/download/android\" rel=\"nofollow\">Twitter for Android</a>", "coordinates": null, "favorited": false, "lang": "en", "in_reply_to_status_id": null, "in_reply_to_user_id_str": "369583954", "created_at": "Mon Nov 13 07:49:42 +0000 2017", "is_quote_status": false, "text": "@TheNotoriousMMA giving out to #marcgod in the cage was pathetic... Conor you are such a short tool...", "favorite_count": 0, "entities": {"hashtags": [{"text": "marcgod", "indices": [31, 39]}], "symbols": [], "urls": [], "user_mentions": [{"screen_name": "TheNotoriousMMA", "indices": [0, 16], "name": "Conor McGregor", "id": 369583954, "id_str": "369583954"}]}, "contributors": null, "id_str": "929979570064936960", "in_reply_to_status_id_str": null, "retweet_count": 0, "geo": null, "id": 929979570064936960, "retweeted": false, "place": null, "truncated": false, "in_reply_to_screen_name": "TheNotoriousMMA"}, "profile_use_background_image": true, "lang": "en", "default_profile_image": false, "following": false, "profile_background_image_url": "http://abs.twimg.com/images/themes/theme1/bg.png", "contributors_enabled": false, "profile_sidebar_border_color": "C0DEED", "location": "", "verified": false, "id_str": "3576375141", "profile_background_color": "C0DEED", "has_extended_profile": false, "profile_background_tile": false, "created_at": "Mon Sep 07 11:33:11 +0000 2015", "translator_type": "none", "profile_image_url": "http://pbs.twimg.com/profile_images/642336006935547904/YabimARi_normal.jpg", "time_zone": "Pacific Time (US & Canada)", "profile_link_color": "1DA1F2", "follow_request_sent": false, "followers_count": 22, "listed_count": 0, "entities": {"description": {"urls": []}}, "geo_enabled": false, "url": null, "statuses_count": 263, "screen_name": "rob2010svk", "profile_image_url_https": "https://pbs.twimg.com/profile_images/642336006935547904/YabimARi_normal.jpg", "default_profile": true, "profile_sidebar_fill_color": "DDEEF6", "notifications": false, "protected": false, "utc_offset": -28800, "is_translator": false, "is_translation_enabled": false, "favourites_count": 866, "name": "crypto4all", "profile_background_image_url_https": "https://abs.twimg.com/images/themes/theme1/bg.png", "friends_count": 90, "profile_text_color": "333333", "id": 3576375141, "description": ""}
2017-11-14T04:00:04.504320	{"location": "", "time_zone": "Pacific Time (US & Canada)", "is_translation_enabled": false, "notifications": false, "profile_background_image_url_https": "https://abs.twimg.com/images/themes/theme1/bg.png", "id_str": "3576375141", "followers_count": 22, "following": false, "statuses_count": 263, "id": 3576375141, "screen_name": "rob2010svk", "translator_type": "none", "created_at": "Mon Sep 07 11:33:11 +0000 2015", "status": {"lang": "en", "id_str": "929979570064936960", "source": "<a href=\"http://twitter.com/download/android\" rel=\"nofollow\">Twitter for Android</a>", "retweet_count": 0, "id": 929979570064936960, "contributors": null, "favorited": false, "in_reply_to_status_id_str": null, "in_reply_to_user_id_str": "369583954", "created_at": "Mon Nov 13 07:49:42 +0000 2017", "coordinates": null, "entities": {"symbols": [], "urls": [], "user_mentions": [{"screen_name": "TheNotoriousMMA", "name": "Conor McGregor", "id_str": "369583954", "indices": [0, 16], "id": 369583954}], "hashtags": [{"text": "marcgod", "indices": [31, 39]}]}, "retweeted": false, "is_quote_status": false, "in_reply_to_user_id": 369583954, "in_reply_to_status_id": null, "text": "@TheNotoriousMMA giving out to #marcgod in the cage was pathetic... Conor you are such a short tool...", "truncated": false, "geo": null, "favorite_count": 0, "place": null, "in_reply_to_screen_name": "TheNotoriousMMA"}, "profile_background_tile": false, "is_translator": false, "profile_background_color": "C0DEED", "profile_use_background_image": true, "name": "crypto4all", "profile_text_color": "333333", "default_profile_image": false, "description": "", "profile_image_url_https": "https://pbs.twimg.com/profile_images/642336006935547904/YabimARi_normal.jpg", "profile_background_image_url": "http://abs.twimg.com/images/themes/theme1/bg.png", "entities": {"description": {"urls": []}}, "has_extended_profile": false, "favourites_count": 866, "profile_image_url": "http://pbs.twimg.com/profile_images/642336006935547904/YabimARi_normal.jpg", "profile_link_color": "1DA1F2", "default_profile": true, "lang": "en", "listed_count": 0, "geo_enabled": false, "friends_count": 90, "url": null, "profile_sidebar_fill_color": "DDEEF6", "verified": false, "utc_offset": -28800, "contributors_enabled": false, "protected": false, "follow_request_sent": false, "profile_sidebar_border_color": "C0DEED"}
2017-11-14T05:00:05.144061	{"has_extended_profile": false, "following": false, "profile_background_tile": false, "id_str": "3576375141", "default_profile_image": false, "favourites_count": 866, "url": null, "protected": false, "description": "", "location": "", "status": {"source": "<a href=\"http://twitter.com/download/android\" rel=\"nofollow\">Twitter for Android</a>", "id_str": "929979570064936960", "in_reply_to_status_id": null, "lang": "en", "favorited": false, "in_reply_to_status_id_str": null, "in_reply_to_screen_name": "TheNotoriousMMA", "entities": {"urls": [], "user_mentions": [{"id": 369583954, "name": "Conor McGregor", "indices": [0, 16], "id_str": "369583954", "screen_name": "TheNotoriousMMA"}], "symbols": [], "hashtags": [{"text": "marcgod", "indices": [31, 39]}]}, "in_reply_to_user_id_str": "369583954", "coordinates": null, "retweeted": false, "id": 929979570064936960, "text": "@TheNotoriousMMA giving out to #marcgod in the cage was pathetic... Conor you are such a short tool...", "favorite_count": 0, "retweet_count": 0, "truncated": false, "contributors": null, "geo": null, "created_at": "Mon Nov 13 07:49:42 +0000 2017", "place": null, "is_quote_status": false, "in_reply_to_user_id": 369583954}, "follow_request_sent": false, "lang": "en", "profile_background_image_url": "http://abs.twimg.com/images/themes/theme1/bg.png", "default_profile": true, "verified": false, "utc_offset": -28800, "entities": {"description": {"urls": []}}, "name": "crypto4all", "profile_use_background_image": true, "friends_count": 90, "statuses_count": 263, "listed_count": 0, "id": 3576375141, "is_translation_enabled": false, "profile_image_url": "http://pbs.twimg.com/profile_images/642336006935547904/YabimARi_normal.jpg", "profile_background_image_url_https": "https://abs.twimg.com/images/themes/theme1/bg.png", "contributors_enabled": false, "profile_image_url_https": "https://pbs.twimg.com/profile_images/642336006935547904/YabimARi_normal.jpg", "geo_enabled": false, "screen_name": "rob2010svk", "profile_sidebar_border_color": "C0DEED", "followers_count": 22, "notifications": false, "profile_sidebar_fill_color": "DDEEF6", "is_translator": false, "profile_background_color": "C0DEED", "translator_type": "none", "created_at": "Mon Sep 07 11:33:11 +0000 2015", "time_zone": "Pacific Time (US & Canada)", "profile_text_color": "333333", "profile_link_color": "1DA1F2"}
2017-11-14T06:00:04.784804	{"profile_sidebar_border_color": "C0DEED", "default_profile_image": false, "profile_background_image_url_https": "https://abs.twimg.com/images/themes/theme1/bg.png", "status": {"in_reply_to_status_id": null, "in_reply_to_user_id": 369583954, "in_reply_to_user_id_str": "369583954", "truncated": false, "coordinates": null, "favorited": false, "in_reply_to_status_id_str": null, "text": "@TheNotoriousMMA giving out to #marcgod in the cage was pathetic... Conor you are such a short tool...", "entities": {"symbols": [], "user_mentions": [{"indices": [0, 16], "name": "Conor McGregor", "id_str": "369583954", "screen_name": "TheNotoriousMMA", "id": 369583954}], "hashtags": [{"text": "marcgod", "indices": [31, 39]}], "urls": []}, "created_at": "Mon Nov 13 07:49:42 +0000 2017", "id_str": "929979570064936960", "id": 929979570064936960, "retweeted": false, "contributors": null, "in_reply_to_screen_name": "TheNotoriousMMA", "place": null, "favorite_count": 0, "source": "<a href=\"http://twitter.com/download/android\" rel=\"nofollow\">Twitter for Android</a>", "geo": null, "retweet_count": 0, "lang": "en", "is_quote_status": false}, "listed_count": 0, "profile_image_url": "http://pbs.twimg.com/profile_images/642336006935547904/YabimARi_normal.jpg", "profile_image_url_https": "https://pbs.twimg.com/profile_images/642336006935547904/YabimARi_normal.jpg", "profile_sidebar_fill_color": "DDEEF6", "profile_background_color": "C0DEED", "follow_request_sent": false, "utc_offset": -28800, "name": "crypto4all", "profile_link_color": "1DA1F2", "screen_name": "rob2010svk", "friends_count": 90, "statuses_count": 263, "favourites_count": 866, "description": "", "created_at": "Mon Sep 07 11:33:11 +0000 2015", "id_str": "3576375141", "profile_background_image_url": "http://abs.twimg.com/images/themes/theme1/bg.png", "id": 3576375141, "is_translator": false, "followers_count": 22, "time_zone": "Pacific Time (US & Canada)", "location": "", "profile_use_background_image": true, "is_translation_enabled": false, "verified": false, "default_profile": true, "translator_type": "none", "contributors_enabled": false, "protected": false, "geo_enabled": false, "has_extended_profile": false, "profile_background_tile": false, "notifications": false, "lang": "en", "url": null, "profile_text_color": "333333", "entities": {"description": {"urls": []}}, "following": false}
2017-11-14T07:00:04.751412	{"screen_name": "rob2010svk", "profile_text_color": "333333", "geo_enabled": false, "id": 3576375141, "profile_image_url": "http://pbs.twimg.com/profile_images/642336006935547904/YabimARi_normal.jpg", "entities": {"description": {"urls": []}}, "default_profile": true, "verified": false, "statuses_count": 263, "id_str": "3576375141", "has_extended_profile": false, "following": false, "notifications": false, "profile_link_color": "1DA1F2", "url": null, "default_profile_image": false, "listed_count": 0, "profile_background_tile": false, "profile_sidebar_border_color": "C0DEED", "lang": "en", "translator_type": "none", "friends_count": 90, "utc_offset": -28800, "location": "", "follow_request_sent": false, "time_zone": "Pacific Time (US & Canada)", "profile_background_color": "C0DEED", "profile_background_image_url_https": "https://abs.twimg.com/images/themes/theme1/bg.png", "profile_sidebar_fill_color": "DDEEF6", "profile_image_url_https": "https://pbs.twimg.com/profile_images/642336006935547904/YabimARi_normal.jpg", "created_at": "Mon Sep 07 11:33:11 +0000 2015", "favourites_count": 866, "is_translation_enabled": false, "contributors_enabled": false, "profile_use_background_image": true, "followers_count": 22, "is_translator": false, "description": "", "status": {"id": 929979570064936960, "entities": {"hashtags": [{"indices": [31, 39], "text": "marcgod"}], "urls": [], "symbols": [], "user_mentions": [{"screen_name": "TheNotoriousMMA", "id": 369583954, "name": "Conor McGregor", "id_str": "369583954", "indices": [0, 16]}]}, "source": "<a href=\"http://twitter.com/download/android\" rel=\"nofollow\">Twitter for Android</a>", "favorite_count": 0, "favorited": false, "retweeted": false, "place": null, "id_str": "929979570064936960", "in_reply_to_status_id_str": null, "text": "@TheNotoriousMMA giving out to #marcgod in the cage was pathetic... Conor you are such a short tool...", "in_reply_to_screen_name": "TheNotoriousMMA", "in_reply_to_status_id": null, "truncated": false, "is_quote_status": false, "in_reply_to_user_id_str": "369583954", "geo": null, "coordinates": null, "created_at": "Mon Nov 13 07:49:42 +0000 2017", "retweet_count": 0, "contributors": null, "lang": "en", "in_reply_to_user_id": 369583954}, "protected": false, "name": "crypto4all", "profile_background_image_url": "http://abs.twimg.com/images/themes/theme1/bg.png"}
2017-11-14T08:00:05.404833	{"profile_sidebar_fill_color": "DDEEF6", "profile_use_background_image": true, "location": "", "profile_image_url": "http://pbs.twimg.com/profile_images/642336006935547904/YabimARi_normal.jpg", "entities": {"description": {"urls": []}}, "screen_name": "rob2010svk", "notifications": false, "translator_type": "none", "default_profile_image": false, "lang": "en", "profile_background_image_url": "http://abs.twimg.com/images/themes/theme1/bg.png", "statuses_count": 263, "time_zone": "Pacific Time (US & Canada)", "profile_sidebar_border_color": "C0DEED", "follow_request_sent": false, "favourites_count": 866, "profile_background_tile": false, "protected": false, "url": null, "verified": false, "created_at": "Mon Sep 07 11:33:11 +0000 2015", "description": "", "profile_text_color": "333333", "followers_count": 22, "default_profile": true, "profile_link_color": "1DA1F2", "friends_count": 90, "profile_background_color": "C0DEED", "profile_image_url_https": "https://pbs.twimg.com/profile_images/642336006935547904/YabimARi_normal.jpg", "following": false, "utc_offset": -28800, "is_translator": false, "profile_background_image_url_https": "https://abs.twimg.com/images/themes/theme1/bg.png", "id": 3576375141, "status": {"in_reply_to_status_id_str": null, "retweeted": false, "in_reply_to_user_id": 369583954, "favorited": false, "lang": "en", "favorite_count": 0, "id_str": "929979570064936960", "source": "<a href=\"http://twitter.com/download/android\" rel=\"nofollow\">Twitter for Android</a>", "geo": null, "contributors": null, "retweet_count": 0, "entities": {"user_mentions": [{"indices": [0, 16], "screen_name": "TheNotoriousMMA", "id_str": "369583954", "name": "Conor McGregor", "id": 369583954}], "symbols": [], "hashtags": [{"indices": [31, 39], "text": "marcgod"}], "urls": []}, "truncated": false, "place": null, "in_reply_to_user_id_str": "369583954", "coordinates": null, "is_quote_status": false, "id": 929979570064936960, "in_reply_to_screen_name": "TheNotoriousMMA", "created_at": "Mon Nov 13 07:49:42 +0000 2017", "in_reply_to_status_id": null, "text": "@TheNotoriousMMA giving out to #marcgod in the cage was pathetic... Conor you are such a short tool..."}, "id_str": "3576375141", "listed_count": 0, "has_extended_profile": false, "name": "crypto4all", "contributors_enabled": false, "geo_enabled": false, "is_translation_enabled": false}
2017-11-14T09:00:05.395669	{"profile_link_color": "1DA1F2", "url": null, "lang": "en", "profile_image_url_https": "https://pbs.twimg.com/profile_images/642336006935547904/YabimARi_normal.jpg", "profile_background_image_url": "http://abs.twimg.com/images/themes/theme1/bg.png", "profile_sidebar_fill_color": "DDEEF6", "location": "", "translator_type": "none", "default_profile_image": false, "friends_count": 90, "statuses_count": 263, "contributors_enabled": false, "entities": {"description": {"urls": []}}, "time_zone": "Pacific Time (US & Canada)", "description": "", "listed_count": 0, "geo_enabled": false, "profile_use_background_image": true, "verified": false, "is_translator": false, "followers_count": 22, "profile_sidebar_border_color": "C0DEED", "profile_background_tile": false, "protected": false, "profile_background_image_url_https": "https://abs.twimg.com/images/themes/theme1/bg.png", "favourites_count": 866, "has_extended_profile": false, "profile_background_color": "C0DEED", "name": "crypto4all", "id_str": "3576375141", "notifications": false, "status": {"truncated": false, "in_reply_to_user_id": 369583954, "lang": "en", "in_reply_to_status_id_str": null, "source": "<a href=\"http://twitter.com/download/android\" rel=\"nofollow\">Twitter for Android</a>", "retweeted": false, "in_reply_to_screen_name": "TheNotoriousMMA", "retweet_count": 0, "entities": {"hashtags": [{"text": "marcgod", "indices": [31, 39]}], "urls": [], "symbols": [], "user_mentions": [{"id": 369583954, "screen_name": "TheNotoriousMMA", "indices": [0, 16], "name": "Conor McGregor", "id_str": "369583954"}]}, "in_reply_to_status_id": null, "geo": null, "contributors": null, "coordinates": null, "id_str": "929979570064936960", "is_quote_status": false, "id": 929979570064936960, "created_at": "Mon Nov 13 07:49:42 +0000 2017", "favorite_count": 0, "text": "@TheNotoriousMMA giving out to #marcgod in the cage was pathetic... Conor you are such a short tool...", "in_reply_to_user_id_str": "369583954", "favorited": false, "place": null}, "default_profile": true, "follow_request_sent": false, "id": 3576375141, "screen_name": "rob2010svk", "created_at": "Mon Sep 07 11:33:11 +0000 2015", "following": false, "utc_offset": -28800, "is_translation_enabled": false, "profile_image_url": "http://pbs.twimg.com/profile_images/642336006935547904/YabimARi_normal.jpg", "profile_text_color": "333333"}
2017-11-14T10:00:04.790269	{"followers_count": 22, "id": 3576375141, "profile_background_image_url_https": "https://abs.twimg.com/images/themes/theme1/bg.png", "status": {"in_reply_to_status_id": null, "id": 929979570064936960, "contributors": null, "text": "@TheNotoriousMMA giving out to #marcgod in the cage was pathetic... Conor you are such a short tool...", "lang": "en", "id_str": "929979570064936960", "in_reply_to_user_id_str": "369583954", "geo": null, "retweet_count": 0, "source": "<a href=\"http://twitter.com/download/android\" rel=\"nofollow\">Twitter for Android</a>", "is_quote_status": false, "coordinates": null, "favorite_count": 0, "in_reply_to_user_id": 369583954, "place": null, "in_reply_to_status_id_str": null, "truncated": false, "in_reply_to_screen_name": "TheNotoriousMMA", "entities": {"user_mentions": [{"indices": [0, 16], "id": 369583954, "name": "Conor McGregor", "screen_name": "TheNotoriousMMA", "id_str": "369583954"}], "symbols": [], "urls": [], "hashtags": [{"indices": [31, 39], "text": "marcgod"}]}, "created_at": "Mon Nov 13 07:49:42 +0000 2017", "favorited": false, "retweeted": false}, "profile_use_background_image": true, "lang": "en", "description": "", "id_str": "3576375141", "statuses_count": 263, "profile_image_url_https": "https://pbs.twimg.com/profile_images/642336006935547904/YabimARi_normal.jpg", "profile_link_color": "1DA1F2", "profile_sidebar_border_color": "C0DEED", "time_zone": "Pacific Time (US & Canada)", "profile_text_color": "333333", "location": "", "default_profile_image": false, "screen_name": "rob2010svk", "profile_image_url": "http://pbs.twimg.com/profile_images/642336006935547904/YabimARi_normal.jpg", "verified": false, "url": null, "is_translation_enabled": false, "listed_count": 0, "default_profile": true, "is_translator": false, "notifications": false, "protected": false, "favourites_count": 866, "profile_background_tile": false, "name": "crypto4all", "friends_count": 90, "utc_offset": -28800, "has_extended_profile": false, "geo_enabled": false, "translator_type": "none", "following": false, "entities": {"description": {"urls": []}}, "created_at": "Mon Sep 07 11:33:11 +0000 2015", "contributors_enabled": false, "profile_background_image_url": "http://abs.twimg.com/images/themes/theme1/bg.png", "profile_background_color": "C0DEED", "follow_request_sent": false, "profile_sidebar_fill_color": "DDEEF6"}
2017-11-14T11:00:05.762420	{"default_profile_image": false, "favourites_count": 866, "profile_use_background_image": true, "notifications": false, "translator_type": "none", "followers_count": 22, "description": "", "status": {"source": "<a href=\"http://twitter.com/download/android\" rel=\"nofollow\">Twitter for Android</a>", "retweeted": false, "geo": null, "truncated": false, "favorited": false, "retweet_count": 0, "lang": "en", "place": null, "text": "@TheNotoriousMMA giving out to #marcgod in the cage was pathetic... Conor you are such a short tool...", "id": 929979570064936960, "id_str": "929979570064936960", "coordinates": null, "in_reply_to_screen_name": "TheNotoriousMMA", "in_reply_to_status_id_str": null, "in_reply_to_user_id_str": "369583954", "in_reply_to_user_id": 369583954, "created_at": "Mon Nov 13 07:49:42 +0000 2017", "contributors": null, "is_quote_status": false, "in_reply_to_status_id": null, "entities": {"symbols": [], "user_mentions": [{"screen_name": "TheNotoriousMMA", "name": "Conor McGregor", "id": 369583954, "indices": [0, 16], "id_str": "369583954"}], "urls": [], "hashtags": [{"text": "marcgod", "indices": [31, 39]}]}, "favorite_count": 0}, "profile_text_color": "333333", "is_translator": false, "profile_background_tile": false, "screen_name": "rob2010svk", "url": null, "follow_request_sent": false, "time_zone": "Pacific Time (US & Canada)", "has_extended_profile": false, "lang": "en", "profile_image_url": "http://pbs.twimg.com/profile_images/642336006935547904/YabimARi_normal.jpg", "friends_count": 90, "statuses_count": 263, "profile_background_image_url_https": "https://abs.twimg.com/images/themes/theme1/bg.png", "id_str": "3576375141", "protected": false, "id": 3576375141, "is_translation_enabled": false, "location": "", "default_profile": true, "profile_sidebar_fill_color": "DDEEF6", "contributors_enabled": false, "created_at": "Mon Sep 07 11:33:11 +0000 2015", "listed_count": 0, "geo_enabled": false, "utc_offset": -28800, "name": "crypto4all", "profile_link_color": "1DA1F2", "profile_image_url_https": "https://pbs.twimg.com/profile_images/642336006935547904/YabimARi_normal.jpg", "following": false, "profile_background_color": "C0DEED", "profile_background_image_url": "http://abs.twimg.com/images/themes/theme1/bg.png", "verified": false, "profile_sidebar_border_color": "C0DEED", "entities": {"description": {"urls": []}}}
2017-11-14T12:00:04.445917	{"entities": {"description": {"urls": []}}, "utc_offset": -28800, "contributors_enabled": false, "friends_count": 90, "translator_type": "none", "id_str": "3576375141", "url": null, "profile_link_color": "1DA1F2", "statuses_count": 263, "profile_background_tile": false, "has_extended_profile": false, "following": false, "default_profile_image": false, "status": {"favorited": false, "entities": {"symbols": [], "urls": [], "hashtags": [{"text": "marcgod", "indices": [31, 39]}], "user_mentions": [{"screen_name": "TheNotoriousMMA", "id_str": "369583954", "indices": [0, 16], "name": "Conor McGregor", "id": 369583954}]}, "in_reply_to_status_id_str": null, "in_reply_to_screen_name": "TheNotoriousMMA", "retweet_count": 0, "in_reply_to_status_id": null, "is_quote_status": false, "geo": null, "retweeted": false, "in_reply_to_user_id_str": "369583954", "in_reply_to_user_id": 369583954, "place": null, "favorite_count": 0, "lang": "en", "text": "@TheNotoriousMMA giving out to #marcgod in the cage was pathetic... Conor you are such a short tool...", "truncated": false, "id": 929979570064936960, "created_at": "Mon Nov 13 07:49:42 +0000 2017", "contributors": null, "id_str": "929979570064936960", "source": "<a href=\"http://twitter.com/download/android\" rel=\"nofollow\">Twitter for Android</a>", "coordinates": null}, "profile_image_url_https": "https://pbs.twimg.com/profile_images/642336006935547904/YabimARi_normal.jpg", "protected": false, "time_zone": "Pacific Time (US & Canada)", "default_profile": true, "profile_background_image_url": "http://abs.twimg.com/images/themes/theme1/bg.png", "is_translator": false, "profile_use_background_image": true, "profile_sidebar_fill_color": "DDEEF6", "lang": "en", "description": "", "verified": false, "followers_count": 22, "favourites_count": 866, "profile_background_color": "C0DEED", "location": "", "name": "crypto4all", "id": 3576375141, "created_at": "Mon Sep 07 11:33:11 +0000 2015", "screen_name": "rob2010svk", "notifications": false, "profile_sidebar_border_color": "C0DEED", "geo_enabled": false, "follow_request_sent": false, "is_translation_enabled": false, "profile_text_color": "333333", "profile_image_url": "http://pbs.twimg.com/profile_images/642336006935547904/YabimARi_normal.jpg", "listed_count": 0, "profile_background_image_url_https": "https://abs.twimg.com/images/themes/theme1/bg.png"}
2017-11-14T13:00:05.694413	{"followers_count": 22, "created_at": "Mon Sep 07 11:33:11 +0000 2015", "id_str": "3576375141", "lang": "en", "protected": false, "profile_use_background_image": true, "statuses_count": 264, "profile_background_tile": false, "profile_background_image_url_https": "https://abs.twimg.com/images/themes/theme1/bg.png", "time_zone": "Pacific Time (US & Canada)", "listed_count": 0, "follow_request_sent": false, "screen_name": "rob2010svk", "profile_background_image_url": "http://abs.twimg.com/images/themes/theme1/bg.png", "location": "", "is_translation_enabled": false, "profile_background_color": "C0DEED", "description": "", "verified": false, "has_extended_profile": false, "entities": {"description": {"urls": []}}, "default_profile": true, "notifications": false, "name": "crypto4all", "url": null, "default_profile_image": false, "contributors_enabled": false, "profile_link_color": "1DA1F2", "geo_enabled": false, "favourites_count": 868, "following": false, "profile_sidebar_fill_color": "DDEEF6", "profile_image_url": "http://pbs.twimg.com/profile_images/642336006935547904/YabimARi_normal.jpg", "status": {"created_at": "Tue Nov 14 12:29:40 +0000 2017", "id_str": "930412413660352513", "lang": "en", "geo": null, "coordinates": null, "source": "<a href=\"http://twitter.com/download/android\" rel=\"nofollow\">Twitter for Android</a>", "retweeted": false, "retweet_count": 2962, "contributors": null, "entities": {"user_mentions": [{"id": 19017675, "screen_name": "Nigel_Farage", "name": "Nigel Farage", "id_str": "19017675", "indices": [3, 16]}], "symbols": [], "hashtags": [], "urls": []}, "truncated": false, "in_reply_to_user_id": null, "is_quote_status": false, "in_reply_to_user_id_str": null, "favorited": false, "favorite_count": 0, "text": "RT @Nigel_Farage: George Soros has spent billions in the EU to undermine the nation state. This is where the real international political c\u2026", "place": null, "in_reply_to_screen_name": null, "id": 930412413660352513, "in_reply_to_status_id_str": null, "retweeted_status": {"created_at": "Tue Nov 14 09:35:55 +0000 2017", "id_str": "930368687638564864", "possibly_sensitive": false, "geo": null, "coordinates": null, "lang": "en", "source": "<a href=\"https://studio.twitter.com\" rel=\"nofollow\">Media Studio</a>", "retweet_count": 2962, "retweeted": false, "contributors": null, "entities": {"user_mentions": [], "symbols": [], "hashtags": [], "urls": [{"indices": [117, 140], "expanded_url": "https://twitter.com/i/web/status/930368687638564864", "url": "https://t.co/1twWV08sc2", "display_url": "twitter.com/i/web/status/9\u2026"}]}, "truncated": true, "in_reply_to_user_id": null, "is_quote_status": false, "in_reply_to_user_id_str": null, "favorited": false, "favorite_count": 4924, "text": "George Soros has spent billions in the EU to undermine the nation state. This is where the real international polit\u2026 https://t.co/1twWV08sc2", "place": null, "in_reply_to_screen_name": null, "id": 930368687638564864, "in_reply_to_status_id_str": null, "in_reply_to_status_id": null}, "in_reply_to_status_id": null}, "profile_image_url_https": "https://pbs.twimg.com/profile_images/642336006935547904/YabimARi_normal.jpg", "utc_offset": -28800, "id": 3576375141, "translator_type": "none", "profile_text_color": "333333", "profile_sidebar_border_color": "C0DEED", "friends_count": 90, "is_translator": false}
2017-11-14T14:00:05.321401	{"geo_enabled": false, "url": null, "utc_offset": -28800, "default_profile_image": false, "is_translator": false, "listed_count": 0, "id_str": "3576375141", "profile_background_color": "C0DEED", "favourites_count": 868, "id": 3576375141, "description": "", "statuses_count": 264, "notifications": false, "friends_count": 90, "profile_text_color": "333333", "status": {"contributors": null, "in_reply_to_status_id": null, "truncated": false, "text": "RT @Nigel_Farage: George Soros has spent billions in the EU to undermine the nation state. This is where the real international political c\u2026", "id_str": "930412413660352513", "id": 930412413660352513, "favorited": false, "retweeted_status": {"contributors": null, "in_reply_to_status_id": null, "truncated": true, "text": "George Soros has spent billions in the EU to undermine the nation state. This is where the real international polit\u2026 https://t.co/1twWV08sc2", "id_str": "930368687638564864", "id": 930368687638564864, "favorited": false, "possibly_sensitive": false, "source": "<a href=\"https://studio.twitter.com\" rel=\"nofollow\">Media Studio</a>", "is_quote_status": false, "geo": null, "coordinates": null, "in_reply_to_screen_name": null, "created_at": "Tue Nov 14 09:35:55 +0000 2017", "retweeted": false, "entities": {"urls": [{"url": "https://t.co/1twWV08sc2", "indices": [117, 140], "expanded_url": "https://twitter.com/i/web/status/930368687638564864", "display_url": "twitter.com/i/web/status/9\u2026"}], "user_mentions": [], "hashtags": [], "symbols": []}, "place": null, "favorite_count": 6507, "in_reply_to_user_id_str": null, "lang": "en", "in_reply_to_status_id_str": null, "retweet_count": 3937, "in_reply_to_user_id": null}, "source": "<a href=\"http://twitter.com/download/android\" rel=\"nofollow\">Twitter for Android</a>", "is_quote_status": false, "geo": null, "coordinates": null, "in_reply_to_screen_name": null, "created_at": "Tue Nov 14 12:29:40 +0000 2017", "retweeted": false, "entities": {"urls": [], "user_mentions": [{"id_str": "19017675", "name": "Nigel Farage", "indices": [3, 16], "id": 19017675, "screen_name": "Nigel_Farage"}], "hashtags": [], "symbols": []}, "place": null, "favorite_count": 0, "in_reply_to_user_id_str": null, "lang": "en", "in_reply_to_status_id_str": null, "retweet_count": 3937, "in_reply_to_user_id": null}, "profile_link_color": "1DA1F2", "profile_background_image_url": "http://abs.twimg.com/images/themes/theme1/bg.png", "profile_background_tile": false, "created_at": "Mon Sep 07 11:33:11 +0000 2015", "verified": false, "profile_image_url_https": "https://pbs.twimg.com/profile_images/642336006935547904/YabimARi_normal.jpg", "protected": false, "location": "", "followers_count": 22, "profile_sidebar_fill_color": "DDEEF6", "entities": {"description": {"urls": []}}, "time_zone": "Pacific Time (US & Canada)", "has_extended_profile": false, "profile_sidebar_border_color": "C0DEED", "profile_use_background_image": true, "is_translation_enabled": false, "translator_type": "none", "name": "crypto4all", "contributors_enabled": false, "screen_name": "rob2010svk", "profile_image_url": "http://pbs.twimg.com/profile_images/642336006935547904/YabimARi_normal.jpg", "lang": "en", "profile_background_image_url_https": "https://abs.twimg.com/images/themes/theme1/bg.png", "follow_request_sent": false, "following": false, "default_profile": true}
2017-11-14T15:00:05.612076	{"friends_count": 90, "location": "", "is_translation_enabled": false, "profile_image_url_https": "https://pbs.twimg.com/profile_images/642336006935547904/YabimARi_normal.jpg", "favourites_count": 868, "name": "crypto4all", "description": "", "entities": {"description": {"urls": []}}, "profile_background_image_url_https": "https://abs.twimg.com/images/themes/theme1/bg.png", "profile_sidebar_border_color": "C0DEED", "profile_image_url": "http://pbs.twimg.com/profile_images/642336006935547904/YabimARi_normal.jpg", "url": null, "has_extended_profile": false, "profile_background_image_url": "http://abs.twimg.com/images/themes/theme1/bg.png", "followers_count": 22, "statuses_count": 264, "is_translator": false, "protected": false, "profile_background_color": "C0DEED", "profile_link_color": "1DA1F2", "created_at": "Mon Sep 07 11:33:11 +0000 2015", "time_zone": "Pacific Time (US & Canada)", "geo_enabled": false, "profile_sidebar_fill_color": "DDEEF6", "default_profile_image": false, "profile_text_color": "333333", "status": {"truncated": false, "retweeted_status": {"truncated": true, "retweet_count": 4713, "favorite_count": 7718, "entities": {"symbols": [], "user_mentions": [], "hashtags": [], "urls": [{"indices": [117, 140], "display_url": "twitter.com/i/web/status/9\u2026", "url": "https://t.co/1twWV08sc2", "expanded_url": "https://twitter.com/i/web/status/930368687638564864"}]}, "in_reply_to_user_id": null, "is_quote_status": false, "coordinates": null, "text": "George Soros has spent billions in the EU to undermine the nation state. This is where the real international polit\u2026 https://t.co/1twWV08sc2", "favorited": false, "contributors": null, "source": "<a href=\"https://studio.twitter.com\" rel=\"nofollow\">Media Studio</a>", "geo": null, "lang": "en", "in_reply_to_status_id": null, "created_at": "Tue Nov 14 09:35:55 +0000 2017", "in_reply_to_user_id_str": null, "in_reply_to_screen_name": null, "place": null, "id": 930368687638564864, "possibly_sensitive": false, "id_str": "930368687638564864", "in_reply_to_status_id_str": null, "retweeted": false}, "retweet_count": 4713, "favorite_count": 0, "entities": {"symbols": [], "user_mentions": [{"id": 19017675, "id_str": "19017675", "screen_name": "Nigel_Farage", "name": "Nigel Farage", "indices": [3, 16]}], "hashtags": [], "urls": []}, "in_reply_to_user_id": null, "is_quote_status": false, "coordinates": null, "text": "RT @Nigel_Farage: George Soros has spent billions in the EU to undermine the nation state. This is where the real international political c\u2026", "favorited": false, "contributors": null, "source": "<a href=\"http://twitter.com/download/android\" rel=\"nofollow\">Twitter for Android</a>", "geo": null, "lang": "en", "in_reply_to_status_id": null, "created_at": "Tue Nov 14 12:29:40 +0000 2017", "in_reply_to_user_id_str": null, "in_reply_to_screen_name": null, "place": null, "id": 930412413660352513, "id_str": "930412413660352513", "in_reply_to_status_id_str": null, "retweeted": false}, "lang": "en", "id": 3576375141, "profile_background_tile": false, "notifications": false, "default_profile": true, "utc_offset": -28800, "translator_type": "none", "verified": false, "id_str": "3576375141", "profile_use_background_image": true, "listed_count": 0, "follow_request_sent": false, "screen_name": "rob2010svk", "following": false, "contributors_enabled": false}
2017-11-14T16:00:05.265451	{"notifications": false, "protected": false, "followers_count": 22, "profile_sidebar_border_color": "C0DEED", "entities": {"description": {"urls": []}}, "id": 3576375141, "status": {"lang": "en", "place": null, "id": 930412413660352513, "text": "RT @Nigel_Farage: George Soros has spent billions in the EU to undermine the nation state. This is where the real international political c\u2026", "geo": null, "in_reply_to_status_id": null, "coordinates": null, "in_reply_to_status_id_str": null, "favorited": false, "retweeted": false, "id_str": "930412413660352513", "retweeted_status": {"lang": "en", "place": null, "id": 930368687638564864, "text": "George Soros has spent billions in the EU to undermine the nation state. This is where the real international polit\u2026 https://t.co/1twWV08sc2", "geo": null, "possibly_sensitive": false, "in_reply_to_status_id": null, "coordinates": null, "in_reply_to_status_id_str": null, "favorited": false, "retweeted": false, "id_str": "930368687638564864", "in_reply_to_user_id": null, "in_reply_to_screen_name": null, "favorite_count": 8836, "in_reply_to_user_id_str": null, "truncated": true, "retweet_count": 5422, "contributors": null, "entities": {"urls": [{"indices": [117, 140], "expanded_url": "https://twitter.com/i/web/status/930368687638564864", "url": "https://t.co/1twWV08sc2", "display_url": "twitter.com/i/web/status/9\u2026"}], "user_mentions": [], "hashtags": [], "symbols": []}, "created_at": "Tue Nov 14 09:35:55 +0000 2017", "source": "<a href=\"https://studio.twitter.com\" rel=\"nofollow\">Media Studio</a>", "is_quote_status": false}, "in_reply_to_user_id": null, "in_reply_to_screen_name": null, "favorite_count": 0, "in_reply_to_user_id_str": null, "truncated": false, "retweet_count": 5422, "contributors": null, "entities": {"urls": [], "user_mentions": [{"id": 19017675, "id_str": "19017675", "name": "Nigel Farage", "screen_name": "Nigel_Farage", "indices": [3, 16]}], "hashtags": [], "symbols": []}, "created_at": "Tue Nov 14 12:29:40 +0000 2017", "source": "<a href=\"http://twitter.com/download/android\" rel=\"nofollow\">Twitter for Android</a>", "is_quote_status": false}, "profile_sidebar_fill_color": "DDEEF6", "is_translator": false, "verified": false, "time_zone": "Pacific Time (US & Canada)", "default_profile": true, "geo_enabled": false, "profile_background_tile": false, "friends_count": 90, "is_translation_enabled": false, "id_str": "3576375141", "location": "", "listed_count": 0, "profile_use_background_image": true, "name": "crypto4all", "profile_image_url": "http://pbs.twimg.com/profile_images/642336006935547904/YabimARi_normal.jpg", "profile_background_image_url": "http://abs.twimg.com/images/themes/theme1/bg.png", "following": false, "favourites_count": 868, "translator_type": "none", "profile_background_image_url_https": "https://abs.twimg.com/images/themes/theme1/bg.png", "profile_link_color": "1DA1F2", "has_extended_profile": false, "utc_offset": -28800, "url": null, "follow_request_sent": false, "profile_text_color": "333333", "profile_background_color": "C0DEED", "profile_image_url_https": "https://pbs.twimg.com/profile_images/642336006935547904/YabimARi_normal.jpg", "contributors_enabled": false, "default_profile_image": false, "statuses_count": 264, "lang": "en", "created_at": "Mon Sep 07 11:33:11 +0000 2015", "screen_name": "rob2010svk", "description": ""}
2017-11-14T17:00:05.951127	{"status": {"in_reply_to_status_id_str": null, "id_str": "930412413660352513", "text": "RT @Nigel_Farage: George Soros has spent billions in the EU to undermine the nation state. This is where the real international political c\u2026", "place": null, "coordinates": null, "retweeted": false, "id": 930412413660352513, "truncated": false, "favorite_count": 0, "entities": {"hashtags": [], "symbols": [], "user_mentions": [{"name": "Nigel Farage", "id_str": "19017675", "screen_name": "Nigel_Farage", "id": 19017675, "indices": [3, 16]}], "urls": []}, "in_reply_to_status_id": null, "in_reply_to_user_id": null, "created_at": "Tue Nov 14 12:29:40 +0000 2017", "retweeted_status": {"in_reply_to_status_id_str": null, "id_str": "930368687638564864", "text": "George Soros has spent billions in the EU to undermine the nation state. This is where the real international polit\u2026 https://t.co/1twWV08sc2", "place": null, "coordinates": null, "retweeted": false, "id": 930368687638564864, "truncated": true, "possibly_sensitive": false, "favorite_count": 9876, "entities": {"hashtags": [], "symbols": [], "user_mentions": [], "urls": [{"expanded_url": "https://twitter.com/i/web/status/930368687638564864", "indices": [117, 140], "url": "https://t.co/1twWV08sc2", "display_url": "twitter.com/i/web/status/9\u2026"}]}, "in_reply_to_status_id": null, "in_reply_to_user_id": null, "created_at": "Tue Nov 14 09:35:55 +0000 2017", "is_quote_status": false, "geo": null, "favorited": false, "source": "<a href=\"https://studio.twitter.com\" rel=\"nofollow\">Media Studio</a>", "retweet_count": 6098, "contributors": null, "in_reply_to_user_id_str": null, "in_reply_to_screen_name": null, "lang": "en"}, "is_quote_status": false, "geo": null, "favorited": false, "source": "<a href=\"http://twitter.com/download/android\" rel=\"nofollow\">Twitter for Android</a>", "retweet_count": 6098, "contributors": null, "in_reply_to_user_id_str": null, "in_reply_to_screen_name": null, "lang": "en"}, "contributors_enabled": false, "id_str": "3576375141", "listed_count": 0, "profile_sidebar_border_color": "C0DEED", "translator_type": "none", "url": null, "profile_image_url_https": "https://pbs.twimg.com/profile_images/642336006935547904/YabimARi_normal.jpg", "description": "", "profile_background_image_url_https": "https://abs.twimg.com/images/themes/theme1/bg.png", "profile_use_background_image": true, "id": 3576375141, "notifications": false, "profile_link_color": "1DA1F2", "following": false, "favourites_count": 868, "utc_offset": -28800, "statuses_count": 264, "verified": false, "entities": {"description": {"urls": []}}, "profile_background_tile": false, "created_at": "Mon Sep 07 11:33:11 +0000 2015", "default_profile": true, "profile_sidebar_fill_color": "DDEEF6", "geo_enabled": false, "screen_name": "rob2010svk", "followers_count": 22, "follow_request_sent": false, "profile_image_url": "http://pbs.twimg.com/profile_images/642336006935547904/YabimARi_normal.jpg", "profile_background_color": "C0DEED", "default_profile_image": false, "time_zone": "Pacific Time (US & Canada)", "is_translator": false, "has_extended_profile": false, "friends_count": 90, "protected": false, "name": "crypto4all", "profile_text_color": "333333", "is_translation_enabled": false, "location": "", "lang": "en", "profile_background_image_url": "http://abs.twimg.com/images/themes/theme1/bg.png"}
2017-11-14T18:00:05.718910	{"has_extended_profile": false, "lang": "en", "verified": false, "notifications": false, "profile_sidebar_fill_color": "DDEEF6", "contributors_enabled": false, "entities": {"description": {"urls": []}}, "statuses_count": 264, "location": "", "profile_image_url_https": "https://pbs.twimg.com/profile_images/642336006935547904/YabimARi_normal.jpg", "utc_offset": -28800, "profile_background_tile": false, "profile_use_background_image": true, "profile_background_color": "C0DEED", "following": false, "favourites_count": 868, "protected": false, "status": {"retweeted_status": {"lang": "en", "in_reply_to_user_id": null, "possibly_sensitive": false, "in_reply_to_screen_name": null, "entities": {"urls": [{"url": "https://t.co/1twWV08sc2", "display_url": "twitter.com/i/web/status/9\u2026", "indices": [117, 140], "expanded_url": "https://twitter.com/i/web/status/930368687638564864"}], "hashtags": [], "symbols": [], "user_mentions": []}, "geo": null, "is_quote_status": false, "favorited": false, "in_reply_to_user_id_str": null, "retweeted": false, "text": "George Soros has spent billions in the EU to undermine the nation state. This is where the real international polit\u2026 https://t.co/1twWV08sc2", "truncated": true, "favorite_count": 10800, "id_str": "930368687638564864", "id": 930368687638564864, "source": "<a href=\"https://studio.twitter.com\" rel=\"nofollow\">Media Studio</a>", "created_at": "Tue Nov 14 09:35:55 +0000 2017", "in_reply_to_status_id_str": null, "retweet_count": 6650, "in_reply_to_status_id": null, "place": null, "contributors": null, "coordinates": null}, "in_reply_to_user_id": null, "in_reply_to_screen_name": null, "entities": {"urls": [], "hashtags": [], "symbols": [], "user_mentions": [{"id": 19017675, "indices": [3, 16], "id_str": "19017675", "screen_name": "Nigel_Farage", "name": "Nigel Farage"}]}, "geo": null, "is_quote_status": false, "favorited": false, "lang": "en", "in_reply_to_user_id_str": null, "retweeted": false, "text": "RT @Nigel_Farage: George Soros has spent billions in the EU to undermine the nation state. This is where the real international political c\u2026", "truncated": false, "favorite_count": 0, "id_str": "930412413660352513", "id": 930412413660352513, "source": "<a href=\"http://twitter.com/download/android\" rel=\"nofollow\">Twitter for Android</a>", "created_at": "Tue Nov 14 12:29:40 +0000 2017", "in_reply_to_status_id_str": null, "retweet_count": 6650, "in_reply_to_status_id": null, "place": null, "contributors": null, "coordinates": null}, "name": "crypto4all", "profile_text_color": "333333", "listed_count": 0, "id_str": "3576375141", "id": 3576375141, "profile_link_color": "1DA1F2", "default_profile_image": false, "friends_count": 90, "followers_count": 22, "created_at": "Mon Sep 07 11:33:11 +0000 2015", "screen_name": "rob2010svk", "default_profile": true, "time_zone": "Pacific Time (US & Canada)", "profile_background_image_url": "http://abs.twimg.com/images/themes/theme1/bg.png", "description": "", "is_translation_enabled": false, "translator_type": "none", "profile_image_url": "http://pbs.twimg.com/profile_images/642336006935547904/YabimARi_normal.jpg", "geo_enabled": false, "is_translator": false, "profile_sidebar_border_color": "C0DEED", "url": null, "follow_request_sent": false, "profile_background_image_url_https": "https://abs.twimg.com/images/themes/theme1/bg.png"}
2017-11-14T19:00:05.175189	{"listed_count": 0, "id_str": "3576375141", "created_at": "Mon Sep 07 11:33:11 +0000 2015", "geo_enabled": false, "follow_request_sent": false, "protected": false, "entities": {"description": {"urls": []}}, "profile_background_image_url_https": "https://abs.twimg.com/images/themes/theme1/bg.png", "contributors_enabled": false, "is_translation_enabled": false, "profile_image_url_https": "https://pbs.twimg.com/profile_images/642336006935547904/YabimARi_normal.jpg", "friends_count": 90, "default_profile": true, "notifications": false, "utc_offset": -28800, "is_translator": false, "screen_name": "rob2010svk", "lang": "en", "name": "crypto4all", "url": null, "description": "", "following": false, "id": 3576375141, "statuses_count": 264, "profile_text_color": "333333", "verified": false, "profile_background_color": "C0DEED", "has_extended_profile": false, "profile_use_background_image": true, "profile_background_image_url": "http://abs.twimg.com/images/themes/theme1/bg.png", "default_profile_image": false, "profile_sidebar_border_color": "C0DEED", "profile_background_tile": false, "profile_link_color": "1DA1F2", "followers_count": 22, "translator_type": "none", "status": {"in_reply_to_status_id": null, "id_str": "930412413660352513", "created_at": "Tue Nov 14 12:29:40 +0000 2017", "coordinates": null, "id": 930412413660352513, "entities": {"symbols": [], "user_mentions": [{"id_str": "19017675", "indices": [3, 16], "id": 19017675, "screen_name": "Nigel_Farage", "name": "Nigel Farage"}], "urls": [], "hashtags": []}, "in_reply_to_user_id_str": null, "in_reply_to_user_id": null, "retweet_count": 7216, "favorited": false, "favorite_count": 0, "place": null, "contributors": null, "text": "RT @Nigel_Farage: George Soros has spent billions in the EU to undermine the nation state. This is where the real international political c\u2026", "in_reply_to_screen_name": null, "source": "<a href=\"http://twitter.com/download/android\" rel=\"nofollow\">Twitter for Android</a>", "geo": null, "lang": "en", "is_quote_status": false, "retweeted": false, "in_reply_to_status_id_str": null, "truncated": false, "retweeted_status": {"possibly_sensitive": false, "in_reply_to_status_id": null, "id_str": "930368687638564864", "created_at": "Tue Nov 14 09:35:55 +0000 2017", "coordinates": null, "id": 930368687638564864, "entities": {"symbols": [], "user_mentions": [], "urls": [{"url": "https://t.co/1twWV08sc2", "expanded_url": "https://twitter.com/i/web/status/930368687638564864", "indices": [117, 140], "display_url": "twitter.com/i/web/status/9\u2026"}], "hashtags": []}, "in_reply_to_user_id_str": null, "in_reply_to_user_id": null, "retweet_count": 7216, "favorited": false, "favorite_count": 11684, "place": null, "contributors": null, "text": "George Soros has spent billions in the EU to undermine the nation state. This is where the real international polit\u2026 https://t.co/1twWV08sc2", "in_reply_to_screen_name": null, "source": "<a href=\"https://studio.twitter.com\" rel=\"nofollow\">Media Studio</a>", "geo": null, "lang": "en", "is_quote_status": false, "retweeted": false, "in_reply_to_status_id_str": null, "truncated": true}}, "profile_sidebar_fill_color": "DDEEF6", "profile_image_url": "http://pbs.twimg.com/profile_images/642336006935547904/YabimARi_normal.jpg", "time_zone": "Pacific Time (US & Canada)", "location": "", "favourites_count": 876}
2017-11-14T20:00:05.066943	{"description": "", "status": {"in_reply_to_screen_name": null, "in_reply_to_user_id_str": null, "truncated": false, "in_reply_to_user_id": null, "source": "<a href=\"http://twitter.com/download/android\" rel=\"nofollow\">Twitter for Android</a>", "lang": "en", "favorite_count": 0, "favorited": false, "created_at": "Tue Nov 14 12:29:40 +0000 2017", "coordinates": null, "id_str": "930412413660352513", "geo": null, "is_quote_status": false, "id": 930412413660352513, "entities": {"urls": [], "user_mentions": [{"screen_name": "Nigel_Farage", "name": "Nigel Farage", "id_str": "19017675", "indices": [3, 16], "id": 19017675}], "symbols": [], "hashtags": []}, "text": "RT @Nigel_Farage: George Soros has spent billions in the EU to undermine the nation state. This is where the real international political c\u2026", "place": null, "retweeted_status": {"in_reply_to_screen_name": null, "in_reply_to_user_id_str": null, "truncated": true, "in_reply_to_user_id": null, "source": "<a href=\"https://studio.twitter.com\" rel=\"nofollow\">Media Studio</a>", "lang": "en", "favorite_count": 12576, "favorited": false, "created_at": "Tue Nov 14 09:35:55 +0000 2017", "coordinates": null, "id_str": "930368687638564864", "geo": null, "is_quote_status": false, "id": 930368687638564864, "entities": {"urls": [{"url": "https://t.co/1twWV08sc2", "indices": [117, 140], "expanded_url": "https://twitter.com/i/web/status/930368687638564864", "display_url": "twitter.com/i/web/status/9\u2026"}], "user_mentions": [], "symbols": [], "hashtags": []}, "text": "George Soros has spent billions in the EU to undermine the nation state. This is where the real international polit\u2026 https://t.co/1twWV08sc2", "place": null, "possibly_sensitive": false, "retweet_count": 7804, "in_reply_to_status_id": null, "in_reply_to_status_id_str": null, "contributors": null, "retweeted": false}, "retweet_count": 7804, "in_reply_to_status_id": null, "in_reply_to_status_id_str": null, "contributors": null, "retweeted": false}, "time_zone": "Pacific Time (US & Canada)", "screen_name": "rob2010svk", "location": "", "listed_count": 0, "notifications": false, "statuses_count": 264, "friends_count": 90, "profile_image_url": "http://pbs.twimg.com/profile_images/642336006935547904/YabimARi_normal.jpg", "default_profile_image": false, "profile_sidebar_fill_color": "DDEEF6", "followers_count": 22, "contributors_enabled": false, "default_profile": true, "url": null, "created_at": "Mon Sep 07 11:33:11 +0000 2015", "is_translator": false, "geo_enabled": false, "profile_background_image_url": "http://abs.twimg.com/images/themes/theme1/bg.png", "id_str": "3576375141", "profile_text_color": "333333", "utc_offset": -28800, "favourites_count": 876, "translator_type": "none", "is_translation_enabled": false, "id": 3576375141, "name": "crypto4all", "entities": {"description": {"urls": []}}, "profile_background_color": "C0DEED", "following": false, "verified": false, "follow_request_sent": false, "profile_sidebar_border_color": "C0DEED", "profile_background_image_url_https": "https://abs.twimg.com/images/themes/theme1/bg.png", "profile_use_background_image": true, "profile_link_color": "1DA1F2", "lang": "en", "profile_background_tile": false, "has_extended_profile": false, "protected": false, "profile_image_url_https": "https://pbs.twimg.com/profile_images/642336006935547904/YabimARi_normal.jpg"}
2017-11-14T21:00:05.275579	{"has_extended_profile": false, "follow_request_sent": false, "entities": {"description": {"urls": []}}, "profile_background_image_url": "http://abs.twimg.com/images/themes/theme1/bg.png", "following": false, "profile_image_url_https": "https://pbs.twimg.com/profile_images/642336006935547904/YabimARi_normal.jpg", "statuses_count": 264, "profile_background_color": "C0DEED", "verified": false, "utc_offset": -28800, "is_translation_enabled": false, "profile_text_color": "333333", "profile_link_color": "1DA1F2", "translator_type": "none", "default_profile": true, "lang": "en", "profile_background_tile": false, "default_profile_image": false, "name": "crypto4all", "profile_image_url": "http://pbs.twimg.com/profile_images/642336006935547904/YabimARi_normal.jpg", "id_str": "3576375141", "geo_enabled": false, "contributors_enabled": false, "profile_use_background_image": true, "location": "", "time_zone": "Pacific Time (US & Canada)", "followers_count": 22, "profile_background_image_url_https": "https://abs.twimg.com/images/themes/theme1/bg.png", "description": "", "profile_sidebar_fill_color": "DDEEF6", "id": 3576375141, "friends_count": 90, "profile_sidebar_border_color": "C0DEED", "status": {"entities": {"symbols": [], "hashtags": [], "urls": [], "user_mentions": [{"name": "Nigel Farage", "id": 19017675, "id_str": "19017675", "screen_name": "Nigel_Farage", "indices": [3, 16]}]}, "retweeted_status": {"entities": {"symbols": [], "hashtags": [], "urls": [{"indices": [117, 140], "url": "https://t.co/1twWV08sc2", "expanded_url": "https://twitter.com/i/web/status/930368687638564864", "display_url": "twitter.com/i/web/status/9\u2026"}], "user_mentions": []}, "possibly_sensitive": false, "geo": null, "truncated": true, "source": "<a href=\"https://studio.twitter.com\" rel=\"nofollow\">Media Studio</a>", "text": "George Soros has spent billions in the EU to undermine the nation state. This is where the real international polit\u2026 https://t.co/1twWV08sc2", "in_reply_to_user_id": null, "lang": "en", "favorited": false, "place": null, "id_str": "930368687638564864", "favorite_count": 13397, "id": 930368687638564864, "retweeted": false, "in_reply_to_screen_name": null, "in_reply_to_status_id": null, "in_reply_to_status_id_str": null, "retweet_count": 8324, "coordinates": null, "contributors": null, "is_quote_status": false, "created_at": "Tue Nov 14 09:35:55 +0000 2017", "in_reply_to_user_id_str": null}, "truncated": false, "retweeted": false, "text": "RT @Nigel_Farage: George Soros has spent billions in the EU to undermine the nation state. This is where the real international political c\u2026", "in_reply_to_user_id": null, "lang": "en", "favorited": false, "place": null, "id_str": "930412413660352513", "geo": null, "favorite_count": 0, "id": 930412413660352513, "source": "<a href=\"http://twitter.com/download/android\" rel=\"nofollow\">Twitter for Android</a>", "in_reply_to_screen_name": null, "in_reply_to_status_id": null, "in_reply_to_status_id_str": null, "retweet_count": 8324, "coordinates": null, "contributors": null, "is_quote_status": false, "created_at": "Tue Nov 14 12:29:40 +0000 2017", "in_reply_to_user_id_str": null}, "url": null, "screen_name": "rob2010svk", "favourites_count": 876, "is_translator": false, "notifications": false, "created_at": "Mon Sep 07 11:33:11 +0000 2015", "listed_count": 0, "protected": false}
2017-11-14T22:00:04.505655	{"url": null, "followers_count": 22, "entities": {"description": {"urls": []}}, "profile_background_color": "C0DEED", "location": "", "profile_background_image_url": "http://abs.twimg.com/images/themes/theme1/bg.png", "id_str": "3576375141", "profile_sidebar_border_color": "C0DEED", "profile_background_tile": false, "statuses_count": 264, "has_extended_profile": false, "default_profile": true, "screen_name": "rob2010svk", "profile_sidebar_fill_color": "DDEEF6", "utc_offset": -28800, "translator_type": "none", "favourites_count": 888, "profile_text_color": "333333", "is_translator": false, "profile_use_background_image": true, "name": "crypto4all", "profile_image_url": "http://pbs.twimg.com/profile_images/642336006935547904/YabimARi_normal.jpg", "profile_background_image_url_https": "https://abs.twimg.com/images/themes/theme1/bg.png", "id": 3576375141, "is_translation_enabled": false, "description": "", "profile_image_url_https": "https://pbs.twimg.com/profile_images/642336006935547904/YabimARi_normal.jpg", "created_at": "Mon Sep 07 11:33:11 +0000 2015", "default_profile_image": false, "profile_link_color": "1DA1F2", "geo_enabled": false, "notifications": false, "lang": "en", "status": {"in_reply_to_status_id_str": null, "entities": {"hashtags": [], "urls": [], "symbols": [], "user_mentions": [{"id_str": "19017675", "indices": [3, 16], "id": 19017675, "screen_name": "Nigel_Farage", "name": "Nigel Farage"}]}, "in_reply_to_user_id": null, "source": "<a href=\"http://twitter.com/download/android\" rel=\"nofollow\">Twitter for Android</a>", "id_str": "930412413660352513", "place": null, "coordinates": null, "retweeted": false, "in_reply_to_status_id": null, "truncated": false, "contributors": null, "retweet_count": 8858, "favorited": false, "id": 930412413660352513, "favorite_count": 0, "created_at": "Tue Nov 14 12:29:40 +0000 2017", "in_reply_to_user_id_str": null, "text": "RT @Nigel_Farage: George Soros has spent billions in the EU to undermine the nation state. This is where the real international political c\u2026", "lang": "en", "retweeted_status": {"in_reply_to_status_id_str": null, "entities": {"hashtags": [], "urls": [{"url": "https://t.co/1twWV08sc2", "display_url": "twitter.com/i/web/status/9\u2026", "indices": [117, 140], "expanded_url": "https://twitter.com/i/web/status/930368687638564864"}], "symbols": [], "user_mentions": []}, "in_reply_to_user_id": null, "source": "<a href=\"https://studio.twitter.com\" rel=\"nofollow\">Media Studio</a>", "id_str": "930368687638564864", "place": null, "coordinates": null, "possibly_sensitive": false, "retweeted": false, "in_reply_to_status_id": null, "truncated": true, "contributors": null, "retweet_count": 8858, "favorited": false, "id": 930368687638564864, "favorite_count": 14263, "created_at": "Tue Nov 14 09:35:55 +0000 2017", "in_reply_to_user_id_str": null, "text": "George Soros has spent billions in the EU to undermine the nation state. This is where the real international polit\u2026 https://t.co/1twWV08sc2", "lang": "en", "geo": null, "in_reply_to_screen_name": null, "is_quote_status": false}, "geo": null, "in_reply_to_screen_name": null, "is_quote_status": false}, "friends_count": 90, "listed_count": 0, "following": false, "follow_request_sent": false, "verified": false, "contributors_enabled": false, "protected": false, "time_zone": "Pacific Time (US & Canada)"}
2017-11-14T23:00:05.671993	{"id": 3576375141, "profile_image_url": "http://pbs.twimg.com/profile_images/642336006935547904/YabimARi_normal.jpg", "time_zone": "Pacific Time (US & Canada)", "is_translator": false, "profile_link_color": "1DA1F2", "followers_count": 22, "friends_count": 90, "statuses_count": 264, "lang": "en", "profile_text_color": "333333", "verified": false, "has_extended_profile": false, "name": "crypto4all", "default_profile_image": false, "profile_background_image_url_https": "https://abs.twimg.com/images/themes/theme1/bg.png", "geo_enabled": false, "url": null, "status": {"id": 930412413660352513, "geo": null, "lang": "en", "coordinates": null, "favorite_count": 0, "truncated": false, "retweet_count": 9208, "in_reply_to_user_id": null, "favorited": false, "created_at": "Tue Nov 14 12:29:40 +0000 2017", "retweeted": false, "text": "RT @Nigel_Farage: George Soros has spent billions in the EU to undermine the nation state. This is where the real international political c\u2026", "in_reply_to_screen_name": null, "is_quote_status": false, "place": null, "in_reply_to_status_id_str": null, "contributors": null, "in_reply_to_status_id": null, "in_reply_to_user_id_str": null, "entities": {"hashtags": [], "user_mentions": [{"name": "Nigel Farage", "id": 19017675, "screen_name": "Nigel_Farage", "indices": [3, 16], "id_str": "19017675"}], "symbols": [], "urls": []}, "id_str": "930412413660352513", "source": "<a href=\"http://twitter.com/download/android\" rel=\"nofollow\">Twitter for Android</a>", "retweeted_status": {"id": 930368687638564864, "geo": null, "lang": "en", "coordinates": null, "favorite_count": 14825, "truncated": true, "retweet_count": 9208, "favorited": false, "created_at": "Tue Nov 14 09:35:55 +0000 2017", "retweeted": false, "text": "George Soros has spent billions in the EU to undermine the nation state. This is where the real international polit\u2026 https://t.co/1twWV08sc2", "possibly_sensitive": false, "in_reply_to_screen_name": null, "is_quote_status": false, "place": null, "in_reply_to_status_id_str": null, "contributors": null, "in_reply_to_status_id": null, "in_reply_to_user_id_str": null, "in_reply_to_user_id": null, "id_str": "930368687638564864", "source": "<a href=\"https://studio.twitter.com\" rel=\"nofollow\">Media Studio</a>", "entities": {"hashtags": [], "user_mentions": [], "symbols": [], "urls": [{"indices": [117, 140], "url": "https://t.co/1twWV08sc2", "display_url": "twitter.com/i/web/status/9\u2026", "expanded_url": "https://twitter.com/i/web/status/930368687638564864"}]}}}, "favourites_count": 892, "created_at": "Mon Sep 07 11:33:11 +0000 2015", "profile_image_url_https": "https://pbs.twimg.com/profile_images/642336006935547904/YabimARi_normal.jpg", "location": "", "profile_sidebar_fill_color": "DDEEF6", "listed_count": 0, "follow_request_sent": false, "notifications": false, "protected": false, "description": "", "contributors_enabled": false, "is_translation_enabled": false, "utc_offset": -28800, "profile_background_tile": false, "profile_sidebar_border_color": "C0DEED", "profile_use_background_image": true, "id_str": "3576375141", "profile_background_color": "C0DEED", "default_profile": true, "following": false, "translator_type": "none", "profile_background_image_url": "http://abs.twimg.com/images/themes/theme1/bg.png", "screen_name": "rob2010svk", "entities": {"description": {"urls": []}}}
2017-11-15T00:00:05.508372	{"followers_count": 22, "profile_background_image_url": "http://abs.twimg.com/images/themes/theme1/bg.png", "favourites_count": 892, "profile_image_url_https": "https://pbs.twimg.com/profile_images/642336006935547904/YabimARi_normal.jpg", "following": false, "friends_count": 90, "translator_type": "none", "url": null, "profile_sidebar_fill_color": "DDEEF6", "profile_image_url": "http://pbs.twimg.com/profile_images/642336006935547904/YabimARi_normal.jpg", "lang": "en", "id_str": "3576375141", "utc_offset": -28800, "time_zone": "Pacific Time (US & Canada)", "listed_count": 0, "verified": false, "screen_name": "rob2010svk", "default_profile": true, "geo_enabled": false, "statuses_count": 264, "entities": {"description": {"urls": []}}, "name": "crypto4all", "created_at": "Mon Sep 07 11:33:11 +0000 2015", "protected": false, "notifications": false, "has_extended_profile": false, "is_translator": false, "profile_link_color": "1DA1F2", "profile_use_background_image": true, "profile_background_color": "C0DEED", "description": "", "follow_request_sent": false, "status": {"in_reply_to_user_id_str": null, "is_quote_status": false, "in_reply_to_status_id": null, "truncated": false, "retweeted": false, "id_str": "930412413660352513", "entities": {"urls": [], "user_mentions": [{"id": 19017675, "screen_name": "Nigel_Farage", "name": "Nigel Farage", "id_str": "19017675", "indices": [3, 16]}], "symbols": [], "hashtags": []}, "text": "RT @Nigel_Farage: George Soros has spent billions in the EU to undermine the nation state. This is where the real international political c\u2026", "in_reply_to_user_id": null, "in_reply_to_status_id_str": null, "contributors": null, "place": null, "source": "<a href=\"http://twitter.com/download/android\" rel=\"nofollow\">Twitter for Android</a>", "favorite_count": 0, "retweet_count": 9541, "created_at": "Tue Nov 14 12:29:40 +0000 2017", "in_reply_to_screen_name": null, "favorited": false, "lang": "en", "coordinates": null, "geo": null, "id": 930412413660352513, "retweeted_status": {"in_reply_to_user_id_str": null, "is_quote_status": false, "in_reply_to_status_id": null, "truncated": true, "possibly_sensitive": false, "retweeted": false, "id_str": "930368687638564864", "entities": {"urls": [{"indices": [117, 140], "display_url": "twitter.com/i/web/status/9\u2026", "url": "https://t.co/1twWV08sc2", "expanded_url": "https://twitter.com/i/web/status/930368687638564864"}], "user_mentions": [], "symbols": [], "hashtags": []}, "text": "George Soros has spent billions in the EU to undermine the nation state. This is where the real international polit\u2026 https://t.co/1twWV08sc2", "in_reply_to_user_id": null, "in_reply_to_status_id_str": null, "contributors": null, "place": null, "source": "<a href=\"https://studio.twitter.com\" rel=\"nofollow\">Media Studio</a>", "favorite_count": 15338, "retweet_count": 9541, "created_at": "Tue Nov 14 09:35:55 +0000 2017", "in_reply_to_screen_name": null, "favorited": false, "lang": "en", "coordinates": null, "geo": null, "id": 930368687638564864}}, "location": "", "id": 3576375141, "default_profile_image": false, "profile_sidebar_border_color": "C0DEED", "contributors_enabled": false, "profile_background_image_url_https": "https://abs.twimg.com/images/themes/theme1/bg.png", "profile_background_tile": false, "profile_text_color": "333333", "is_translation_enabled": false}
2017-11-15T01:00:04.550254	{"profile_use_background_image": true, "profile_background_color": "C0DEED", "friends_count": 90, "follow_request_sent": false, "favourites_count": 892, "profile_image_url": "http://pbs.twimg.com/profile_images/642336006935547904/YabimARi_normal.jpg", "created_at": "Mon Sep 07 11:33:11 +0000 2015", "translator_type": "none", "lang": "en", "id": 3576375141, "profile_sidebar_border_color": "C0DEED", "status": {"geo": null, "favorited": false, "favorite_count": 0, "created_at": "Tue Nov 14 12:29:40 +0000 2017", "lang": "en", "in_reply_to_status_id": null, "text": "RT @Nigel_Farage: George Soros has spent billions in the EU to undermine the nation state. This is where the real international political c\u2026", "truncated": false, "retweeted_status": {"geo": null, "favorited": false, "favorite_count": 15891, "created_at": "Tue Nov 14 09:35:55 +0000 2017", "lang": "en", "in_reply_to_status_id": null, "text": "George Soros has spent billions in the EU to undermine the nation state. This is where the real international polit\u2026 https://t.co/1twWV08sc2", "truncated": true, "retweet_count": 9947, "possibly_sensitive": false, "in_reply_to_user_id_str": null, "retweeted": false, "in_reply_to_screen_name": null, "id": 930368687638564864, "contributors": null, "coordinates": null, "id_str": "930368687638564864", "is_quote_status": false, "in_reply_to_user_id": null, "entities": {"urls": [{"display_url": "twitter.com/i/web/status/9\u2026", "expanded_url": "https://twitter.com/i/web/status/930368687638564864", "url": "https://t.co/1twWV08sc2", "indices": [117, 140]}], "hashtags": [], "symbols": [], "user_mentions": []}, "place": null, "source": "<a href=\"https://studio.twitter.com\" rel=\"nofollow\">Media Studio</a>", "in_reply_to_status_id_str": null}, "retweet_count": 9947, "in_reply_to_user_id_str": null, "retweeted": false, "in_reply_to_screen_name": null, "id": 930412413660352513, "contributors": null, "coordinates": null, "id_str": "930412413660352513", "is_quote_status": false, "in_reply_to_user_id": null, "entities": {"urls": [], "hashtags": [], "symbols": [], "user_mentions": [{"indices": [3, 16], "id": 19017675, "screen_name": "Nigel_Farage", "name": "Nigel Farage", "id_str": "19017675"}]}, "place": null, "source": "<a href=\"http://twitter.com/download/android\" rel=\"nofollow\">Twitter for Android</a>", "in_reply_to_status_id_str": null}, "profile_background_image_url_https": "https://abs.twimg.com/images/themes/theme1/bg.png", "profile_sidebar_fill_color": "DDEEF6", "utc_offset": -28800, "is_translation_enabled": false, "following": false, "name": "crypto4all", "default_profile_image": false, "followers_count": 22, "is_translator": false, "statuses_count": 264, "profile_background_image_url": "http://abs.twimg.com/images/themes/theme1/bg.png", "has_extended_profile": false, "profile_text_color": "333333", "screen_name": "rob2010svk", "default_profile": true, "location": "", "protected": false, "listed_count": 0, "profile_link_color": "1DA1F2", "id_str": "3576375141", "contributors_enabled": false, "url": null, "notifications": false, "geo_enabled": false, "entities": {"description": {"urls": []}}, "description": "", "profile_image_url_https": "https://pbs.twimg.com/profile_images/642336006935547904/YabimARi_normal.jpg", "profile_background_tile": false, "time_zone": "Pacific Time (US & Canada)", "verified": false}
2017-11-15T02:00:04.966626	{"default_profile": true, "profile_link_color": "1DA1F2", "lang": "en", "time_zone": "Pacific Time (US & Canada)", "profile_use_background_image": true, "description": "", "name": "crypto4all", "profile_image_url": "http://pbs.twimg.com/profile_images/642336006935547904/YabimARi_normal.jpg", "profile_image_url_https": "https://pbs.twimg.com/profile_images/642336006935547904/YabimARi_normal.jpg", "geo_enabled": false, "follow_request_sent": false, "followers_count": 22, "location": "", "following": false, "is_translation_enabled": false, "entities": {"description": {"urls": []}}, "listed_count": 0, "profile_background_tile": false, "is_translator": false, "profile_sidebar_fill_color": "DDEEF6", "translator_type": "none", "created_at": "Mon Sep 07 11:33:11 +0000 2015", "id": 3576375141, "default_profile_image": false, "profile_text_color": "333333", "verified": false, "profile_background_image_url_https": "https://abs.twimg.com/images/themes/theme1/bg.png", "utc_offset": -28800, "friends_count": 90, "contributors_enabled": false, "status": {"lang": "en", "source": "<a href=\"http://twitter.com/download/android\" rel=\"nofollow\">Twitter for Android</a>", "is_quote_status": false, "in_reply_to_user_id": null, "place": null, "retweet_count": 10261, "retweeted": false, "favorited": false, "id_str": "930412413660352513", "truncated": false, "text": "RT @Nigel_Farage: George Soros has spent billions in the EU to undermine the nation state. This is where the real international political c\u2026", "created_at": "Tue Nov 14 12:29:40 +0000 2017", "id": 930412413660352513, "in_reply_to_user_id_str": null, "in_reply_to_status_id_str": null, "geo": null, "coordinates": null, "in_reply_to_screen_name": null, "in_reply_to_status_id": null, "entities": {"urls": [], "symbols": [], "hashtags": [], "user_mentions": [{"indices": [3, 16], "id_str": "19017675", "name": "Nigel Farage", "screen_name": "Nigel_Farage", "id": 19017675}]}, "retweeted_status": {"lang": "en", "source": "<a href=\"https://studio.twitter.com\" rel=\"nofollow\">Media Studio</a>", "is_quote_status": false, "possibly_sensitive": false, "in_reply_to_user_id": null, "place": null, "retweet_count": 10261, "retweeted": false, "favorited": false, "id_str": "930368687638564864", "truncated": true, "text": "George Soros has spent billions in the EU to undermine the nation state. This is where the real international polit\u2026 https://t.co/1twWV08sc2", "created_at": "Tue Nov 14 09:35:55 +0000 2017", "id": 930368687638564864, "in_reply_to_user_id_str": null, "in_reply_to_status_id_str": null, "geo": null, "coordinates": null, "in_reply_to_screen_name": null, "in_reply_to_status_id": null, "entities": {"urls": [{"indices": [117, 140], "expanded_url": "https://twitter.com/i/web/status/930368687638564864", "display_url": "twitter.com/i/web/status/9\u2026", "url": "https://t.co/1twWV08sc2"}], "symbols": [], "hashtags": [], "user_mentions": []}, "contributors": null, "favorite_count": 16349}, "contributors": null, "favorite_count": 0}, "favourites_count": 892, "profile_background_image_url": "http://abs.twimg.com/images/themes/theme1/bg.png", "screen_name": "rob2010svk", "protected": false, "has_extended_profile": false, "profile_sidebar_border_color": "C0DEED", "id_str": "3576375141", "statuses_count": 264, "profile_background_color": "C0DEED", "url": null, "notifications": false}
