2017-11-15T07:00:05.607261	{"follow_request_sent": false, "followers_count": 189, "favourites_count": 841, "profile_image_url_https": "https://pbs.twimg.com/profile_images/897081247159209984/IZvhPXqM_normal.jpg", "description": "Lover of life and all the crazy nuances that this journey brings.  Trying to give at least as much as I take and to be good steward of things in my path.", "geo_enabled": false, "profile_sidebar_border_color": "000000", "is_translation_enabled": false, "profile_background_image_url_https": "https://abs.twimg.com/images/themes/theme1/bg.png", "profile_background_tile": false, "translator_type": "none", "profile_image_url": "http://pbs.twimg.com/profile_images/897081247159209984/IZvhPXqM_normal.jpg", "profile_sidebar_fill_color": "000000", "following": false, "has_extended_profile": false, "is_translator": false, "notifications": false, "screen_name": "ItsOkayItsFine", "default_profile": false, "name": "Eat Pray Love Nap \ud83d\ude34", "utc_offset": -28800, "profile_text_color": "000000", "profile_background_color": "000000", "profile_banner_url": "https://pbs.twimg.com/profile_banners/507758957/1503400525", "statuses_count": 2377, "protected": false, "location": "Washington, DC", "id": 507758957, "lang": "en", "entities": {"description": {"urls": []}}, "default_profile_image": false, "id_str": "507758957", "contributors_enabled": false, "url": null, "friends_count": 203, "profile_link_color": "3399CC", "profile_use_background_image": false, "time_zone": "Pacific Time (US & Canada)", "status": {"source": "<a href=\"https://mobile.twitter.com\" rel=\"nofollow\">Twitter Lite</a>", "coordinates": null, "text": "@KeithOlbermann They were delivered by Trump`s doctor https://t.co/OQo14Wbj37", "in_reply_to_user_id_str": "130617778", "contributors": null, "favorite_count": 0, "in_reply_to_status_id_str": "930682738646110209", "retweeted": false, "is_quote_status": false, "place": null, "id_str": "930683628543184896", "possibly_sensitive": false, "in_reply_to_screen_name": "KeithOlbermann", "truncated": false, "id": 930683628543184896, "lang": "en", "entities": {"user_mentions": [{"screen_name": "KeithOlbermann", "name": "Keith Olbermann", "id": 130617778, "indices": [0, 15], "id_str": "130617778"}], "hashtags": [], "symbols": [], "urls": [{"url": "https://t.co/OQo14Wbj37", "display_url": "washingtonpost.com/news/the-fix/w\u2026", "expanded_url": "https://www.washingtonpost.com/news/the-fix/wp/2016/12/21/donald-trumps-doctor-if-something-happens-to-him-then-it-happens-to-him/", "indices": [54, 77]}]}, "in_reply_to_status_id": 930682738646110209, "retweet_count": 0, "created_at": "Wed Nov 15 06:27:22 +0000 2017", "in_reply_to_user_id": 130617778, "favorited": false, "geo": null}, "created_at": "Tue Feb 28 18:47:55 +0000 2012", "profile_background_image_url": "http://abs.twimg.com/images/themes/theme1/bg.png", "verified": false, "listed_count": 3}
2017-11-15T08:00:05.762407	{"id": 507758957, "profile_image_url": "http://pbs.twimg.com/profile_images/897081247159209984/IZvhPXqM_normal.jpg", "listed_count": 3, "profile_text_color": "000000", "profile_background_image_url_https": "https://abs.twimg.com/images/themes/theme1/bg.png", "profile_background_image_url": "http://abs.twimg.com/images/themes/theme1/bg.png", "has_extended_profile": false, "profile_sidebar_border_color": "000000", "entities": {"description": {"urls": []}}, "url": null, "time_zone": "Pacific Time (US & Canada)", "description": "Lover of life and all the crazy nuances that this journey brings.  Trying to give at least as much as I take and to be good steward of things in my path.", "status": {"id": 930683628543184896, "text": "@KeithOlbermann They were delivered by Trump`s doctor https://t.co/OQo14Wbj37", "entities": {"symbols": [], "hashtags": [], "user_mentions": [{"id": 130617778, "indices": [0, 15], "id_str": "130617778", "name": "Keith Olbermann", "screen_name": "KeithOlbermann"}], "urls": [{"display_url": "washingtonpost.com/news/the-fix/w\u2026", "url": "https://t.co/OQo14Wbj37", "expanded_url": "https://www.washingtonpost.com/news/the-fix/wp/2016/12/21/donald-trumps-doctor-if-something-happens-to-him-then-it-happens-to-him/", "indices": [54, 77]}]}, "in_reply_to_status_id_str": "930682738646110209", "in_reply_to_user_id_str": "130617778", "in_reply_to_screen_name": "KeithOlbermann", "truncated": false, "source": "<a href=\"https://mobile.twitter.com\" rel=\"nofollow\">Twitter Lite</a>", "retweeted": false, "in_reply_to_status_id": 930682738646110209, "place": null, "in_reply_to_user_id": 130617778, "favorited": false, "contributors": null, "favorite_count": 0, "retweet_count": 0, "lang": "en", "id_str": "930683628543184896", "created_at": "Wed Nov 15 06:27:22 +0000 2017", "possibly_sensitive": false, "is_quote_status": false, "geo": null, "coordinates": null}, "notifications": false, "protected": false, "contributors_enabled": false, "is_translator": false, "geo_enabled": false, "profile_use_background_image": false, "statuses_count": 2377, "is_translation_enabled": false, "lang": "en", "translator_type": "none", "default_profile": false, "profile_sidebar_fill_color": "000000", "utc_offset": -28800, "following": false, "friends_count": 203, "default_profile_image": false, "name": "Eat Pray Love Nap \ud83d\ude34", "profile_banner_url": "https://pbs.twimg.com/profile_banners/507758957/1503400525", "followers_count": 189, "screen_name": "ItsOkayItsFine", "favourites_count": 841, "id_str": "507758957", "created_at": "Tue Feb 28 18:47:55 +0000 2012", "profile_image_url_https": "https://pbs.twimg.com/profile_images/897081247159209984/IZvhPXqM_normal.jpg", "follow_request_sent": false, "location": "Washington, DC", "profile_background_color": "000000", "profile_link_color": "3399CC", "verified": false, "profile_background_tile": false}
2017-11-15T09:00:05.415866	{"lang": "en", "protected": false, "name": "Eat Pray Love Nap \ud83d\ude34", "is_translator": false, "verified": false, "contributors_enabled": false, "id": 507758957, "profile_image_url": "http://pbs.twimg.com/profile_images/897081247159209984/IZvhPXqM_normal.jpg", "status": {"lang": "en", "in_reply_to_screen_name": "Tesla", "favorite_count": 10, "id": 930670490196348929, "retweeted": false, "created_at": "Wed Nov 15 05:35:10 +0000 2017", "coordinates": null, "in_reply_to_user_id": 13298072, "text": "@Tesla I'm with Tesla!", "favorited": false, "place": null, "is_quote_status": false, "retweet_count": 0, "in_reply_to_status_id": 930669764992819202, "id_str": "930670490196348929", "contributors": null, "entities": {"symbols": [], "hashtags": [], "urls": [], "user_mentions": [{"id": 13298072, "indices": [0, 6], "screen_name": "Tesla", "name": "Tesla", "id_str": "13298072"}]}, "source": "<a href=\"https://mobile.twitter.com\" rel=\"nofollow\">Twitter Lite</a>", "truncated": false, "in_reply_to_user_id_str": "13298072", "in_reply_to_status_id_str": "930669764992819202", "geo": null}, "profile_text_color": "000000", "created_at": "Tue Feb 28 18:47:55 +0000 2012", "profile_use_background_image": false, "time_zone": "Pacific Time (US & Canada)", "friends_count": 204, "statuses_count": 2376, "screen_name": "ItsOkayItsFine", "profile_link_color": "3399CC", "profile_sidebar_border_color": "000000", "profile_image_url_https": "https://pbs.twimg.com/profile_images/897081247159209984/IZvhPXqM_normal.jpg", "profile_background_image_url": "http://abs.twimg.com/images/themes/theme1/bg.png", "location": "Washington, DC", "translator_type": "none", "geo_enabled": false, "utc_offset": -28800, "profile_background_image_url_https": "https://abs.twimg.com/images/themes/theme1/bg.png", "default_profile": false, "profile_background_color": "000000", "default_profile_image": false, "url": null, "profile_background_tile": false, "profile_sidebar_fill_color": "000000", "description": "Lover of life and all the crazy nuances that this journey brings.  Trying to give at least as much as I take and to be good steward of things in my path.", "id_str": "507758957", "favourites_count": 842, "following": false, "entities": {"description": {"urls": []}}, "has_extended_profile": false, "notifications": false, "listed_count": 3, "followers_count": 189, "profile_banner_url": "https://pbs.twimg.com/profile_banners/507758957/1503400525", "follow_request_sent": false, "is_translation_enabled": false}
2017-11-15T10:00:05.251284	{"location": "Washington, DC", "profile_text_color": "000000", "url": null, "profile_image_url_https": "https://pbs.twimg.com/profile_images/897081247159209984/IZvhPXqM_normal.jpg", "time_zone": "Pacific Time (US & Canada)", "geo_enabled": false, "lang": "en", "statuses_count": 2376, "follow_request_sent": false, "protected": false, "profile_sidebar_fill_color": "000000", "utc_offset": -28800, "profile_sidebar_border_color": "000000", "default_profile": false, "translator_type": "none", "default_profile_image": false, "notifications": false, "has_extended_profile": false, "profile_background_color": "000000", "is_translator": false, "id": 507758957, "screen_name": "ItsOkayItsFine", "profile_background_image_url": "http://abs.twimg.com/images/themes/theme1/bg.png", "profile_background_image_url_https": "https://abs.twimg.com/images/themes/theme1/bg.png", "is_translation_enabled": false, "id_str": "507758957", "followers_count": 189, "listed_count": 3, "following": false, "entities": {"description": {"urls": []}}, "verified": false, "profile_use_background_image": false, "profile_image_url": "http://pbs.twimg.com/profile_images/897081247159209984/IZvhPXqM_normal.jpg", "name": "Eat Pray Love Nap \ud83d\ude34", "favourites_count": 842, "contributors_enabled": false, "status": {"truncated": false, "in_reply_to_user_id": 13298072, "text": "@Tesla I'm with Tesla!", "retweeted": false, "favorite_count": 10, "geo": null, "lang": "en", "id_str": "930670490196348929", "coordinates": null, "place": null, "contributors": null, "source": "<a href=\"https://mobile.twitter.com\" rel=\"nofollow\">Twitter Lite</a>", "in_reply_to_user_id_str": "13298072", "in_reply_to_status_id_str": "930669764992819202", "is_quote_status": false, "in_reply_to_screen_name": "Tesla", "favorited": false, "entities": {"user_mentions": [{"name": "Tesla", "id": 13298072, "screen_name": "Tesla", "indices": [0, 6], "id_str": "13298072"}], "hashtags": [], "symbols": [], "urls": []}, "id": 930670490196348929, "retweet_count": 0, "created_at": "Wed Nov 15 05:35:10 +0000 2017", "in_reply_to_status_id": 930669764992819202}, "friends_count": 204, "description": "Lover of life and all the crazy nuances that this journey brings.  Trying to give at least as much as I take and to be good steward of things in my path.", "profile_background_tile": false, "profile_link_color": "3399CC", "profile_banner_url": "https://pbs.twimg.com/profile_banners/507758957/1503400525", "created_at": "Tue Feb 28 18:47:55 +0000 2012"}
2017-11-15T11:00:05.642116	{"default_profile_image": false, "profile_background_color": "000000", "listed_count": 3, "favourites_count": 842, "notifications": false, "geo_enabled": false, "profile_image_url_https": "https://pbs.twimg.com/profile_images/897081247159209984/IZvhPXqM_normal.jpg", "profile_link_color": "3399CC", "created_at": "Tue Feb 28 18:47:55 +0000 2012", "location": "Washington, DC", "profile_background_image_url_https": "https://abs.twimg.com/images/themes/theme1/bg.png", "follow_request_sent": false, "is_translator": false, "name": "Eat Pray Love Nap \ud83d\ude34", "protected": false, "profile_image_url": "http://pbs.twimg.com/profile_images/897081247159209984/IZvhPXqM_normal.jpg", "profile_use_background_image": false, "screen_name": "ItsOkayItsFine", "followers_count": 189, "id": 507758957, "profile_banner_url": "https://pbs.twimg.com/profile_banners/507758957/1503400525", "profile_sidebar_fill_color": "000000", "id_str": "507758957", "translator_type": "none", "verified": false, "profile_background_image_url": "http://abs.twimg.com/images/themes/theme1/bg.png", "profile_sidebar_border_color": "000000", "has_extended_profile": false, "statuses_count": 2376, "friends_count": 204, "default_profile": false, "profile_text_color": "000000", "following": false, "time_zone": "Pacific Time (US & Canada)", "entities": {"description": {"urls": []}}, "is_translation_enabled": false, "url": null, "contributors_enabled": false, "profile_background_tile": false, "utc_offset": -28800, "status": {"in_reply_to_status_id": 930669764992819202, "source": "<a href=\"https://mobile.twitter.com\" rel=\"nofollow\">Twitter Lite</a>", "geo": null, "truncated": false, "created_at": "Wed Nov 15 05:35:10 +0000 2017", "in_reply_to_screen_name": "Tesla", "favorited": false, "id": 930670490196348929, "is_quote_status": false, "in_reply_to_user_id": 13298072, "coordinates": null, "favorite_count": 11, "in_reply_to_status_id_str": "930669764992819202", "place": null, "id_str": "930670490196348929", "retweet_count": 0, "entities": {"hashtags": [], "symbols": [], "user_mentions": [{"name": "Tesla", "id": 13298072, "indices": [0, 6], "screen_name": "Tesla", "id_str": "13298072"}], "urls": []}, "in_reply_to_user_id_str": "13298072", "contributors": null, "text": "@Tesla I'm with Tesla!", "retweeted": false, "lang": "en"}, "lang": "en", "description": "Lover of life and all the crazy nuances that this journey brings.  Trying to give at least as much as I take and to be good steward of things in my path."}
2017-11-15T12:00:05.299947	{"id_str": "507758957", "profile_background_tile": false, "favourites_count": 842, "friends_count": 204, "profile_sidebar_fill_color": "000000", "name": "Eat Pray Love Nap \ud83d\ude34", "follow_request_sent": false, "followers_count": 189, "listed_count": 3, "contributors_enabled": false, "time_zone": "Pacific Time (US & Canada)", "profile_image_url": "http://pbs.twimg.com/profile_images/897081247159209984/IZvhPXqM_normal.jpg", "url": null, "geo_enabled": false, "has_extended_profile": false, "lang": "en", "default_profile_image": false, "verified": false, "profile_background_color": "000000", "description": "Lover of life and all the crazy nuances that this journey brings.  Trying to give at least as much as I take and to be good steward of things in my path.", "profile_banner_url": "https://pbs.twimg.com/profile_banners/507758957/1503400525", "default_profile": false, "profile_sidebar_border_color": "000000", "profile_use_background_image": false, "is_translation_enabled": false, "statuses_count": 2377, "profile_background_image_url": "http://abs.twimg.com/images/themes/theme1/bg.png", "translator_type": "none", "is_translator": false, "profile_text_color": "000000", "entities": {"description": {"urls": []}}, "protected": false, "status": {"id_str": "930766595865137152", "place": null, "in_reply_to_status_id_str": "930766197729132545", "in_reply_to_status_id": 930766197729132545, "favorited": false, "retweet_count": 0, "contributors": null, "is_quote_status": false, "lang": "en", "coordinates": null, "retweeted": false, "source": "<a href=\"http://twitter.com\" rel=\"nofollow\">Twitter Web Client</a>", "entities": {"symbols": [], "user_mentions": [{"id_str": "14529929", "screen_name": "jaketapper", "name": "Jake Tapper", "id": 14529929, "indices": [0, 11]}], "hashtags": [], "urls": []}, "geo": null, "id": 930766595865137152, "created_at": "Wed Nov 15 11:57:03 +0000 2017", "text": "@jaketapper He had no choice! He was 'forced' to watch.", "in_reply_to_user_id_str": "14529929", "favorite_count": 0, "in_reply_to_screen_name": "jaketapper", "in_reply_to_user_id": 14529929, "truncated": false}, "utc_offset": -28800, "screen_name": "ItsOkayItsFine", "created_at": "Tue Feb 28 18:47:55 +0000 2012", "profile_background_image_url_https": "https://abs.twimg.com/images/themes/theme1/bg.png", "location": "Washington, DC", "profile_image_url_https": "https://pbs.twimg.com/profile_images/897081247159209984/IZvhPXqM_normal.jpg", "id": 507758957, "profile_link_color": "3399CC", "notifications": false, "following": false}
2017-11-15T13:00:04.838876	{"following": false, "profile_sidebar_fill_color": "000000", "notifications": false, "contributors_enabled": false, "is_translation_enabled": false, "location": "Washington, DC", "description": "Lover of life and all the crazy nuances that this journey brings.  Trying to give at least as much as I take and to be good steward of things in my path.", "lang": "en", "profile_text_color": "000000", "utc_offset": -28800, "protected": false, "profile_use_background_image": false, "status": {"source": "<a href=\"http://twitter.com\" rel=\"nofollow\">Twitter Web Client</a>", "favorite_count": 1, "lang": "en", "id_str": "930779979775991808", "in_reply_to_user_id": 16912124, "in_reply_to_user_id_str": "16912124", "in_reply_to_status_id_str": "930779334838800384", "in_reply_to_screen_name": "ericgarland", "truncated": false, "retweet_count": 0, "retweeted": false, "in_reply_to_status_id": 930779334838800384, "entities": {"symbols": [], "user_mentions": [{"name": "Eric Garland", "id_str": "16912124", "id": 16912124, "screen_name": "ericgarland", "indices": [0, 12]}], "hashtags": [], "urls": []}, "favorited": false, "coordinates": null, "created_at": "Wed Nov 15 12:50:14 +0000 2017", "id": 930779979775991808, "contributors": null, "geo": null, "text": "@ericgarland Many sides, many sides", "is_quote_status": false, "place": null}, "default_profile_image": false, "default_profile": false, "id_str": "507758957", "time_zone": "Pacific Time (US & Canada)", "friends_count": 204, "geo_enabled": false, "verified": false, "has_extended_profile": false, "profile_image_url": "http://pbs.twimg.com/profile_images/897081247159209984/IZvhPXqM_normal.jpg", "profile_background_image_url": "http://abs.twimg.com/images/themes/theme1/bg.png", "translator_type": "none", "entities": {"description": {"urls": []}}, "profile_background_color": "000000", "profile_sidebar_border_color": "000000", "is_translator": false, "profile_background_image_url_https": "https://abs.twimg.com/images/themes/theme1/bg.png", "profile_banner_url": "https://pbs.twimg.com/profile_banners/507758957/1503400525", "created_at": "Tue Feb 28 18:47:55 +0000 2012", "screen_name": "ItsOkayItsFine", "profile_background_tile": false, "name": "Eat Pray Love Nap \ud83d\ude34", "profile_link_color": "3399CC", "followers_count": 189, "listed_count": 4, "follow_request_sent": false, "profile_image_url_https": "https://pbs.twimg.com/profile_images/897081247159209984/IZvhPXqM_normal.jpg", "statuses_count": 2389, "id": 507758957, "favourites_count": 843, "url": null}
2017-11-15T14:00:05.698659	{"profile_banner_url": "https://pbs.twimg.com/profile_banners/507758957/1503400525", "default_profile_image": false, "profile_link_color": "3399CC", "screen_name": "ItsOkayItsFine", "has_extended_profile": false, "location": "Washington, DC", "profile_background_image_url_https": "https://abs.twimg.com/images/themes/theme1/bg.png", "following": false, "profile_background_color": "000000", "notifications": false, "status": {"in_reply_to_user_id_str": "2421067430", "in_reply_to_status_id": 930796158640951300, "possibly_sensitive": false, "in_reply_to_user_id": 2421067430, "lang": "en", "created_at": "Wed Nov 15 13:55:56 +0000 2017", "id": 930796510178095104, "in_reply_to_status_id_str": "930796158640951300", "coordinates": null, "entities": {"hashtags": [], "urls": [], "symbols": [], "media": [{"display_url": "pic.twitter.com/cLtvN0qfIb", "media_url": "http://pbs.twimg.com/media/DOrafSkX0AAG6GV.jpg", "id": 930796504100622336, "sizes": {"small": {"w": 680, "h": 383, "resize": "fit"}, "medium": {"w": 1200, "h": 675, "resize": "fit"}, "thumb": {"w": 150, "h": 150, "resize": "crop"}, "large": {"w": 1280, "h": 720, "resize": "fit"}}, "url": "https://t.co/cLtvN0qfIb", "expanded_url": "https://twitter.com/ItsOkayItsFine/status/930796510178095104/photo/1", "indices": [41, 64], "id_str": "930796504100622336", "type": "photo", "media_url_https": "https://pbs.twimg.com/media/DOrafSkX0AAG6GV.jpg"}], "user_mentions": [{"id_str": "2421067430", "screen_name": "TeaPainUSA", "name": "Tea Pain", "id": 2421067430, "indices": [0, 11]}]}, "extended_entities": {"media": [{"display_url": "pic.twitter.com/cLtvN0qfIb", "media_url": "http://pbs.twimg.com/media/DOrafSkX0AAG6GV.jpg", "id": 930796504100622336, "sizes": {"small": {"w": 680, "h": 383, "resize": "fit"}, "medium": {"w": 1200, "h": 675, "resize": "fit"}, "thumb": {"w": 150, "h": 150, "resize": "crop"}, "large": {"w": 1280, "h": 720, "resize": "fit"}}, "url": "https://t.co/cLtvN0qfIb", "expanded_url": "https://twitter.com/ItsOkayItsFine/status/930796510178095104/photo/1", "indices": [41, 64], "id_str": "930796504100622336", "type": "photo", "media_url_https": "https://pbs.twimg.com/media/DOrafSkX0AAG6GV.jpg"}]}, "retweet_count": 0, "truncated": false, "contributors": null, "text": "@TeaPainUSA 'forced'\n\nRead a book fella! https://t.co/cLtvN0qfIb", "id_str": "930796510178095104", "place": null, "geo": null, "source": "<a href=\"http://twitter.com\" rel=\"nofollow\">Twitter Web Client</a>", "is_quote_status": false, "in_reply_to_screen_name": "TeaPainUSA", "retweeted": false, "favorited": false, "favorite_count": 6}, "utc_offset": -28800, "id": 507758957, "url": null, "profile_sidebar_border_color": "000000", "default_profile": false, "time_zone": "Pacific Time (US & Canada)", "verified": false, "profile_image_url": "http://pbs.twimg.com/profile_images/897081247159209984/IZvhPXqM_normal.jpg", "entities": {"description": {"urls": []}}, "geo_enabled": false, "translator_type": "none", "followers_count": 190, "profile_use_background_image": false, "profile_text_color": "000000", "lang": "en", "profile_sidebar_fill_color": "000000", "profile_image_url_https": "https://pbs.twimg.com/profile_images/897081247159209984/IZvhPXqM_normal.jpg", "created_at": "Tue Feb 28 18:47:55 +0000 2012", "name": "Eat Pray Love Nap \ud83d\ude34", "profile_background_image_url": "http://abs.twimg.com/images/themes/theme1/bg.png", "profile_background_tile": false, "friends_count": 203, "id_str": "507758957", "protected": false, "contributors_enabled": false, "description": "Lover of life and all the crazy nuances that this journey brings.  Trying to give at least as much as I take and to be good steward of things in my path.", "is_translation_enabled": false, "follow_request_sent": false, "is_translator": false, "statuses_count": 2393, "favourites_count": 843, "listed_count": 4}
2017-11-15T15:00:04.781347	{"profile_use_background_image": false, "profile_background_color": "000000", "default_profile_image": false, "contributors_enabled": false, "translator_type": "none", "status": {"favorite_count": 1, "contributors": null, "geo": null, "coordinates": null, "in_reply_to_user_id_str": "97106823", "created_at": "Wed Nov 15 14:48:53 +0000 2017", "retweet_count": 0, "place": null, "entities": {"user_mentions": [{"indices": [0, 12], "id": 97106823, "id_str": "97106823", "screen_name": "bobcesca_go", "name": "Bob Cesca"}], "symbols": [], "hashtags": [], "urls": [{"indices": [117, 140], "expanded_url": "https://twitter.com/i/web/status/930809839235883008", "display_url": "twitter.com/i/web/status/9\u2026", "url": "https://t.co/m6BAzlzZ7i"}]}, "text": "@bobcesca_go So funny how these Originalist types like Hugh are ready to throw out the vote if it looks like it won\u2026 https://t.co/m6BAzlzZ7i", "source": "<a href=\"http://twitter.com\" rel=\"nofollow\">Twitter Web Client</a>", "in_reply_to_screen_name": "bobcesca_go", "in_reply_to_status_id_str": "930808548040118273", "in_reply_to_user_id": 97106823, "is_quote_status": false, "lang": "en", "id": 930809839235883008, "id_str": "930809839235883008", "retweeted": false, "favorited": false, "truncated": true, "in_reply_to_status_id": 930808548040118273}, "description": "Lover of life and all the crazy nuances that this journey brings.  Trying to give at least as much as I take and to be good steward of things in my path.", "created_at": "Tue Feb 28 18:47:55 +0000 2012", "default_profile": false, "profile_background_image_url_https": "https://abs.twimg.com/images/themes/theme1/bg.png", "followers_count": 190, "protected": false, "has_extended_profile": false, "name": "Eat Pray Love Nap \ud83d\ude34", "entities": {"description": {"urls": []}}, "following": false, "time_zone": "Pacific Time (US & Canada)", "notifications": false, "profile_background_image_url": "http://abs.twimg.com/images/themes/theme1/bg.png", "utc_offset": -28800, "profile_link_color": "3399CC", "listed_count": 3, "statuses_count": 2398, "favourites_count": 843, "profile_image_url_https": "https://pbs.twimg.com/profile_images/897081247159209984/IZvhPXqM_normal.jpg", "is_translator": false, "profile_sidebar_fill_color": "000000", "is_translation_enabled": false, "lang": "en", "profile_text_color": "000000", "id": 507758957, "location": "Washington, DC", "url": null, "profile_image_url": "http://pbs.twimg.com/profile_images/897081247159209984/IZvhPXqM_normal.jpg", "profile_banner_url": "https://pbs.twimg.com/profile_banners/507758957/1503400525", "id_str": "507758957", "screen_name": "ItsOkayItsFine", "friends_count": 204, "follow_request_sent": false, "profile_sidebar_border_color": "000000", "geo_enabled": false, "profile_background_tile": false, "verified": false}
2017-11-15T16:00:05.456371	{"default_profile_image": false, "is_translation_enabled": false, "profile_image_url_https": "https://pbs.twimg.com/profile_images/897081247159209984/IZvhPXqM_normal.jpg", "statuses_count": 2414, "contributors_enabled": false, "description": "Lover of life and all the crazy nuances that this journey brings.  Trying to give at least as much as I take and to be good steward of things in my path.", "profile_background_image_url_https": "https://abs.twimg.com/images/themes/theme1/bg.png", "url": null, "time_zone": "Pacific Time (US & Canada)", "friends_count": 204, "translator_type": "none", "profile_background_image_url": "http://abs.twimg.com/images/themes/theme1/bg.png", "following": false, "profile_sidebar_fill_color": "000000", "id_str": "507758957", "location": "Washington, DC", "is_translator": false, "entities": {"description": {"urls": []}}, "default_profile": false, "screen_name": "ItsOkayItsFine", "created_at": "Tue Feb 28 18:47:55 +0000 2012", "profile_use_background_image": false, "verified": false, "follow_request_sent": false, "lang": "en", "protected": false, "geo_enabled": false, "utc_offset": -28800, "followers_count": 190, "profile_text_color": "000000", "profile_image_url": "http://pbs.twimg.com/profile_images/897081247159209984/IZvhPXqM_normal.jpg", "profile_banner_url": "https://pbs.twimg.com/profile_banners/507758957/1503400525", "status": {"retweeted": false, "contributors": null, "favorited": false, "truncated": false, "extended_entities": {"media": [{"id": 930826033565261830, "sizes": {"thumb": {"resize": "crop", "w": 150, "h": 150}, "medium": {"resize": "fit", "w": 720, "h": 480}, "large": {"resize": "fit", "w": 720, "h": 480}, "small": {"resize": "fit", "w": 680, "h": 453}}, "media_url": "http://pbs.twimg.com/media/DOr1WIZX4AYs2t1.jpg", "indices": [65, 88], "url": "https://t.co/c3pdALslnQ", "type": "photo", "id_str": "930826033565261830", "expanded_url": "https://twitter.com/ItsOkayItsFine/status/930826041932869632/photo/1", "media_url_https": "https://pbs.twimg.com/media/DOr1WIZX4AYs2t1.jpg", "display_url": "pic.twitter.com/c3pdALslnQ"}]}, "id_str": "930826041932869632", "source": "<a href=\"http://twitter.com\" rel=\"nofollow\">Twitter Web Client</a>", "entities": {"user_mentions": [{"screen_name": "_KJRB_", "id": 1325218238, "name": "\u2764\ufe0fKJ\u2764\ufe0fRN\u2764\ufe0f", "indices": [0, 7], "id_str": "1325218238"}, {"screen_name": "jaketapper", "id": 14529929, "name": "Jake Tapper", "indices": [8, 19], "id_str": "14529929"}], "urls": [], "hashtags": [], "symbols": [], "media": [{"id": 930826033565261830, "sizes": {"thumb": {"resize": "crop", "w": 150, "h": 150}, "medium": {"resize": "fit", "w": 720, "h": 480}, "large": {"resize": "fit", "w": 720, "h": 480}, "small": {"resize": "fit", "w": 680, "h": 453}}, "media_url": "http://pbs.twimg.com/media/DOr1WIZX4AYs2t1.jpg", "indices": [65, 88], "url": "https://t.co/c3pdALslnQ", "type": "photo", "id_str": "930826033565261830", "expanded_url": "https://twitter.com/ItsOkayItsFine/status/930826041932869632/photo/1", "media_url_https": "https://pbs.twimg.com/media/DOr1WIZX4AYs2t1.jpg", "display_url": "pic.twitter.com/c3pdALslnQ"}]}, "retweet_count": 0, "favorite_count": 0, "text": "@_KJRB_ @jaketapper Donnie needed more hugs from Mommy and Daddy https://t.co/c3pdALslnQ", "created_at": "Wed Nov 15 15:53:16 +0000 2017", "is_quote_status": false, "possibly_sensitive": false, "lang": "en", "in_reply_to_screen_name": "_KJRB_", "in_reply_to_user_id": 1325218238, "in_reply_to_status_id_str": "930825559436877825", "geo": null, "id": 930826041932869632, "coordinates": null, "in_reply_to_status_id": 930825559436877825, "in_reply_to_user_id_str": "1325218238", "place": null}, "id": 507758957, "profile_background_color": "000000", "name": "Eat Pray Love Nap \ud83d\ude34", "listed_count": 4, "favourites_count": 845, "notifications": false, "has_extended_profile": false, "profile_sidebar_border_color": "000000", "profile_background_tile": false, "profile_link_color": "3399CC"}
2017-11-15T17:00:05.646464	{"description": "Lover of life and all the crazy nuances that this journey brings.  Trying to give at least as much as I take and to be good steward of things in my path.", "lang": "en", "is_translator": false, "is_translation_enabled": false, "profile_sidebar_border_color": "000000", "profile_image_url": "http://pbs.twimg.com/profile_images/897081247159209984/IZvhPXqM_normal.jpg", "profile_sidebar_fill_color": "000000", "entities": {"description": {"urls": []}}, "url": null, "status": {"lang": "en", "source": "<a href=\"http://twitter.com\" rel=\"nofollow\">Twitter Web Client</a>", "possibly_sensitive": false, "geo": null, "contributors": null, "in_reply_to_user_id": 1325218238, "entities": {"urls": [], "user_mentions": [{"id": 1325218238, "name": "\u2764\ufe0fKJ\u2764\ufe0fRN\u2764\ufe0f", "indices": [0, 7], "screen_name": "_KJRB_", "id_str": "1325218238"}, {"id": 14529929, "name": "Jake Tapper", "indices": [8, 19], "screen_name": "jaketapper", "id_str": "14529929"}], "symbols": [], "media": [{"sizes": {"thumb": {"h": 150, "resize": "crop", "w": 150}, "medium": {"h": 480, "resize": "fit", "w": 720}, "small": {"h": 453, "resize": "fit", "w": 680}, "large": {"h": 480, "resize": "fit", "w": 720}}, "display_url": "pic.twitter.com/c3pdALslnQ", "media_url": "http://pbs.twimg.com/media/DOr1WIZX4AYs2t1.jpg", "expanded_url": "https://twitter.com/ItsOkayItsFine/status/930826041932869632/photo/1", "media_url_https": "https://pbs.twimg.com/media/DOr1WIZX4AYs2t1.jpg", "type": "photo", "id": 930826033565261830, "indices": [65, 88], "id_str": "930826033565261830", "url": "https://t.co/c3pdALslnQ"}], "hashtags": []}, "place": null, "in_reply_to_user_id_str": "1325218238", "created_at": "Wed Nov 15 15:53:16 +0000 2017", "in_reply_to_screen_name": "_KJRB_", "favorited": false, "id": 930826041932869632, "extended_entities": {"media": [{"sizes": {"thumb": {"h": 150, "resize": "crop", "w": 150}, "medium": {"h": 480, "resize": "fit", "w": 720}, "small": {"h": 453, "resize": "fit", "w": 680}, "large": {"h": 480, "resize": "fit", "w": 720}}, "display_url": "pic.twitter.com/c3pdALslnQ", "media_url": "http://pbs.twimg.com/media/DOr1WIZX4AYs2t1.jpg", "expanded_url": "https://twitter.com/ItsOkayItsFine/status/930826041932869632/photo/1", "media_url_https": "https://pbs.twimg.com/media/DOr1WIZX4AYs2t1.jpg", "type": "photo", "id": 930826033565261830, "indices": [65, 88], "id_str": "930826033565261830", "url": "https://t.co/c3pdALslnQ"}]}, "favorite_count": 0, "retweeted": false, "truncated": false, "id_str": "930826041932869632", "in_reply_to_status_id_str": "930825559436877825", "coordinates": null, "text": "@_KJRB_ @jaketapper Donnie needed more hugs from Mommy and Daddy https://t.co/c3pdALslnQ", "retweet_count": 0, "is_quote_status": false, "in_reply_to_status_id": 930825559436877825}, "created_at": "Tue Feb 28 18:47:55 +0000 2012", "profile_background_image_url": "http://abs.twimg.com/images/themes/theme1/bg.png", "profile_link_color": "3399CC", "notifications": false, "time_zone": "Pacific Time (US & Canada)", "has_extended_profile": false, "protected": false, "profile_background_image_url_https": "https://abs.twimg.com/images/themes/theme1/bg.png", "screen_name": "ItsOkayItsFine", "geo_enabled": false, "statuses_count": 2414, "followers_count": 190, "translator_type": "none", "listed_count": 4, "profile_background_tile": false, "default_profile_image": false, "profile_use_background_image": false, "contributors_enabled": false, "utc_offset": -28800, "id_str": "507758957", "profile_banner_url": "https://pbs.twimg.com/profile_banners/507758957/1503400525", "id": 507758957, "name": "Eat Pray Love Nap \ud83d\ude34", "following": false, "follow_request_sent": false, "profile_text_color": "000000", "default_profile": false, "profile_background_color": "000000", "favourites_count": 845, "location": "Washington, DC", "verified": false, "friends_count": 204, "profile_image_url_https": "https://pbs.twimg.com/profile_images/897081247159209984/IZvhPXqM_normal.jpg"}
2017-11-15T18:00:05.498934	{"name": "Eat Pray Love Nap \ud83d\ude34", "status": {"favorite_count": 0, "is_quote_status": false, "in_reply_to_user_id_str": "2297403132", "retweet_count": 0, "source": "<a href=\"http://twitter.com/download/android\" rel=\"nofollow\">Twitter for Android</a>", "in_reply_to_user_id": 2297403132, "in_reply_to_status_id": 930853166404554755, "place": null, "created_at": "Wed Nov 15 17:53:28 +0000 2017", "retweeted": false, "coordinates": null, "id_str": "930856290808713232", "contributors": null, "text": "@Estleton12 @karmagirl_avro @RWPUSA Child labor, slavery, lynchings, women as second-class Citizens, the list goes\u2026 https://t.co/Q3ywJtv6uu", "entities": {"symbols": [], "urls": [{"indices": [116, 139], "url": "https://t.co/Q3ywJtv6uu", "expanded_url": "https://twitter.com/i/web/status/930856290808713232", "display_url": "twitter.com/i/web/status/9\u2026"}], "hashtags": [], "user_mentions": [{"screen_name": "Estleton12", "name": "Chris Estleton", "id_str": "2297403132", "indices": [0, 11], "id": 2297403132}, {"screen_name": "karmagirl_avro", "name": "Karmagirl Avro", "id_str": "43649292", "indices": [12, 27], "id": 43649292}, {"screen_name": "RWPUSA", "name": "Richard W. Painter", "id_str": "2863996955", "indices": [28, 35], "id": 2863996955}]}, "id": 930856290808713232, "lang": "en", "geo": null, "in_reply_to_status_id_str": "930853166404554755", "truncated": true, "favorited": false, "in_reply_to_screen_name": "Estleton12"}, "time_zone": "Pacific Time (US & Canada)", "profile_image_url": "http://pbs.twimg.com/profile_images/897081247159209984/IZvhPXqM_normal.jpg", "location": "Washington, DC", "has_extended_profile": false, "default_profile": false, "follow_request_sent": false, "followers_count": 190, "translator_type": "none", "utc_offset": -28800, "description": "Lover of life and all the crazy nuances that this journey brings.  Trying to give at least as much as I take and to be good steward of things in my path.", "created_at": "Tue Feb 28 18:47:55 +0000 2012", "friends_count": 204, "statuses_count": 2423, "protected": false, "listed_count": 5, "profile_use_background_image": false, "notifications": false, "screen_name": "ItsOkayItsFine", "profile_sidebar_fill_color": "000000", "contributors_enabled": false, "profile_background_tile": false, "is_translation_enabled": false, "profile_background_image_url_https": "https://abs.twimg.com/images/themes/theme1/bg.png", "favourites_count": 870, "url": null, "id_str": "507758957", "profile_background_color": "000000", "entities": {"description": {"urls": []}}, "id": 507758957, "profile_image_url_https": "https://pbs.twimg.com/profile_images/897081247159209984/IZvhPXqM_normal.jpg", "lang": "en", "profile_background_image_url": "http://abs.twimg.com/images/themes/theme1/bg.png", "profile_banner_url": "https://pbs.twimg.com/profile_banners/507758957/1503400525", "default_profile_image": false, "following": false, "profile_text_color": "000000", "profile_sidebar_border_color": "000000", "verified": false, "profile_link_color": "3399CC", "geo_enabled": false, "is_translator": false}
2017-11-15T19:00:04.949354	{"time_zone": "Pacific Time (US & Canada)", "entities": {"description": {"urls": []}}, "id_str": "507758957", "favourites_count": 869, "protected": false, "followers_count": 190, "lang": "en", "description": "Lover of life and all the crazy nuances that this journey brings.  Trying to give at least as much as I take and to be good steward of things in my path.", "utc_offset": -28800, "profile_link_color": "3399CC", "screen_name": "ItsOkayItsFine", "has_extended_profile": false, "default_profile": false, "translator_type": "none", "name": "Eat Pray Love Nap \ud83d\ude34", "status": {"entities": {"user_mentions": [{"screen_name": "Estleton12", "name": "Chris Estleton", "id_str": "2297403132", "indices": [0, 11], "id": 2297403132}, {"screen_name": "karmagirl_avro", "name": "Karmagirl Avro", "id_str": "43649292", "indices": [12, 27], "id": 43649292}, {"screen_name": "RWPUSA", "name": "Richard W. Painter", "id_str": "2863996955", "indices": [28, 35], "id": 2863996955}], "urls": [{"expanded_url": "https://twitter.com/i/web/status/930856290808713232", "indices": [116, 139], "display_url": "twitter.com/i/web/status/9\u2026", "url": "https://t.co/Q3ywJtv6uu"}], "symbols": [], "hashtags": []}, "id_str": "930856290808713232", "in_reply_to_status_id": 930853166404554755, "geo": null, "in_reply_to_user_id_str": "2297403132", "retweeted": false, "lang": "en", "place": null, "contributors": null, "favorite_count": 0, "text": "@Estleton12 @karmagirl_avro @RWPUSA Child labor, slavery, lynchings, women as second-class Citizens, the list goes\u2026 https://t.co/Q3ywJtv6uu", "in_reply_to_screen_name": "Estleton12", "in_reply_to_user_id": 2297403132, "id": 930856290808713232, "coordinates": null, "truncated": true, "favorited": false, "retweet_count": 0, "created_at": "Wed Nov 15 17:53:28 +0000 2017", "in_reply_to_status_id_str": "930853166404554755", "is_quote_status": false, "source": "<a href=\"http://twitter.com/download/android\" rel=\"nofollow\">Twitter for Android</a>"}, "is_translator": false, "profile_background_image_url_https": "https://abs.twimg.com/images/themes/theme1/bg.png", "verified": false, "following": false, "profile_sidebar_border_color": "000000", "is_translation_enabled": false, "profile_banner_url": "https://pbs.twimg.com/profile_banners/507758957/1503400525", "profile_background_image_url": "http://abs.twimg.com/images/themes/theme1/bg.png", "statuses_count": 2423, "id": 507758957, "profile_sidebar_fill_color": "000000", "profile_image_url_https": "https://pbs.twimg.com/profile_images/897081247159209984/IZvhPXqM_normal.jpg", "default_profile_image": false, "profile_use_background_image": false, "notifications": false, "url": null, "profile_background_color": "000000", "profile_image_url": "http://pbs.twimg.com/profile_images/897081247159209984/IZvhPXqM_normal.jpg", "profile_background_tile": false, "follow_request_sent": false, "created_at": "Tue Feb 28 18:47:55 +0000 2012", "location": "Washington, DC", "profile_text_color": "000000", "listed_count": 3, "friends_count": 204, "contributors_enabled": false, "geo_enabled": false}
2017-11-15T20:00:04.680498	{"profile_text_color": "000000", "status": {"favorite_count": 0, "text": "@Estleton12 @karmagirl_avro @RWPUSA Child labor, slavery, lynchings, women as second-class Citizens, the list goes\u2026 https://t.co/Q3ywJtv6uu", "id": 930856290808713232, "in_reply_to_status_id": 930853166404554755, "retweeted": false, "favorited": false, "geo": null, "source": "<a href=\"http://twitter.com/download/android\" rel=\"nofollow\">Twitter for Android</a>", "created_at": "Wed Nov 15 17:53:28 +0000 2017", "lang": "en", "entities": {"urls": [{"expanded_url": "https://twitter.com/i/web/status/930856290808713232", "display_url": "twitter.com/i/web/status/9\u2026", "indices": [116, 139], "url": "https://t.co/Q3ywJtv6uu"}], "hashtags": [], "user_mentions": [{"screen_name": "Estleton12", "id_str": "2297403132", "id": 2297403132, "name": "Chris Estleton", "indices": [0, 11]}, {"screen_name": "karmagirl_avro", "id_str": "43649292", "id": 43649292, "name": "Karmagirl Avro", "indices": [12, 27]}, {"screen_name": "RWPUSA", "id_str": "2863996955", "id": 2863996955, "name": "Richard W. Painter", "indices": [28, 35]}], "symbols": []}, "id_str": "930856290808713232", "retweet_count": 0, "is_quote_status": false, "place": null, "in_reply_to_status_id_str": "930853166404554755", "coordinates": null, "in_reply_to_user_id_str": "2297403132", "in_reply_to_user_id": 2297403132, "truncated": true, "in_reply_to_screen_name": "Estleton12", "contributors": null}, "has_extended_profile": false, "id": 507758957, "name": "Eat Pray Love Nap \ud83d\ude34", "protected": false, "screen_name": "ItsOkayItsFine", "profile_background_color": "000000", "profile_use_background_image": false, "profile_background_image_url_https": "https://abs.twimg.com/images/themes/theme1/bg.png", "profile_sidebar_fill_color": "000000", "is_translator": false, "contributors_enabled": false, "is_translation_enabled": false, "location": "Washington, DC", "created_at": "Tue Feb 28 18:47:55 +0000 2012", "time_zone": "Pacific Time (US & Canada)", "profile_image_url_https": "https://pbs.twimg.com/profile_images/897081247159209984/IZvhPXqM_normal.jpg", "lang": "en", "entities": {"description": {"urls": []}}, "utc_offset": -28800, "follow_request_sent": false, "profile_link_color": "3399CC", "id_str": "507758957", "description": "Lover of life and all the crazy nuances that this journey brings.  Trying to give at least as much as I take and to be good steward of things in my path.", "following": false, "default_profile_image": false, "default_profile": false, "translator_type": "none", "profile_background_image_url": "http://abs.twimg.com/images/themes/theme1/bg.png", "statuses_count": 2423, "friends_count": 204, "favourites_count": 869, "verified": false, "geo_enabled": false, "profile_sidebar_border_color": "000000", "profile_image_url": "http://pbs.twimg.com/profile_images/897081247159209984/IZvhPXqM_normal.jpg", "profile_background_tile": false, "url": null, "followers_count": 190, "profile_banner_url": "https://pbs.twimg.com/profile_banners/507758957/1503400525", "notifications": false, "listed_count": 3}
2017-11-15T21:00:05.457443	{"translator_type": "none", "verified": false, "default_profile_image": false, "entities": {"description": {"urls": []}}, "contributors_enabled": false, "id_str": "507758957", "has_extended_profile": false, "url": null, "utc_offset": -28800, "time_zone": "Pacific Time (US & Canada)", "status": {"entities": {"hashtags": [], "symbols": [], "user_mentions": [{"name": "Christina Wilkie", "id_str": "15359578", "screen_name": "christinawilkie", "indices": [0, 16], "id": 15359578}], "urls": []}, "in_reply_to_user_id": 15359578, "id_str": "930903267734892546", "in_reply_to_status_id": 930902643656060929, "is_quote_status": false, "in_reply_to_screen_name": "christinawilkie", "coordinates": null, "favorited": false, "lang": "en", "id": 930903267734892546, "retweeted": false, "truncated": false, "geo": null, "favorite_count": 0, "in_reply_to_status_id_str": "930902643656060929", "retweet_count": 0, "contributors": null, "in_reply_to_user_id_str": "15359578", "place": null, "text": "@christinawilkie Took two hands to hold a bottle of water. Two tiny hands! \n\n\ud83d\udd90\ufe0f\ud83d\udd90\ufe0f", "created_at": "Wed Nov 15 21:00:09 +0000 2017", "source": "<a href=\"http://twitter.com\" rel=\"nofollow\">Twitter Web Client</a>"}, "profile_use_background_image": false, "name": "Eat Pray Love Nap \ud83d\ude34", "friends_count": 204, "listed_count": 3, "profile_image_url_https": "https://pbs.twimg.com/profile_images/897081247159209984/IZvhPXqM_normal.jpg", "profile_image_url": "http://pbs.twimg.com/profile_images/897081247159209984/IZvhPXqM_normal.jpg", "protected": false, "statuses_count": 2437, "is_translation_enabled": false, "profile_background_color": "000000", "followers_count": 190, "profile_link_color": "3399CC", "profile_background_image_url_https": "https://abs.twimg.com/images/themes/theme1/bg.png", "id": 507758957, "description": "Lover of life and all the crazy nuances that this journey brings.  Trying to give at least as much as I take and to be good steward of things in my path.", "is_translator": false, "favourites_count": 877, "location": "Washington, DC", "follow_request_sent": false, "notifications": false, "profile_text_color": "000000", "screen_name": "ItsOkayItsFine", "default_profile": false, "profile_banner_url": "https://pbs.twimg.com/profile_banners/507758957/1503400525", "profile_background_image_url": "http://abs.twimg.com/images/themes/theme1/bg.png", "profile_background_tile": false, "following": false, "geo_enabled": false, "created_at": "Tue Feb 28 18:47:55 +0000 2012", "lang": "en", "profile_sidebar_border_color": "000000", "profile_sidebar_fill_color": "000000"}
2017-11-15T22:00:05.473949	{"description": "Lover of life and all the crazy nuances that this journey brings.  Trying to give at least as much as I take and to be good steward of things in my path.", "profile_sidebar_fill_color": "000000", "location": "Washington, DC", "screen_name": "ItsOkayItsFine", "created_at": "Tue Feb 28 18:47:55 +0000 2012", "status": {"in_reply_to_status_id": 930852864011919360, "place": null, "created_at": "Wed Nov 15 21:50:57 +0000 2017", "source": "<a href=\"http://twitter.com\" rel=\"nofollow\">Twitter Web Client</a>", "in_reply_to_screen_name": "Foggy_Blues", "id": 930916055266004992, "entities": {"symbols": [], "hashtags": [], "user_mentions": [{"indices": [0, 12], "name": "Mandy", "id": 3281233788, "screen_name": "Foggy_Blues", "id_str": "3281233788"}, {"indices": [13, 25], "name": "Chris Hayes", "id": 4207961, "screen_name": "chrislhayes", "id_str": "4207961"}], "urls": []}, "retweet_count": 0, "favorited": false, "lang": "und", "retweeted": false, "truncated": false, "id_str": "930916055266004992", "geo": null, "in_reply_to_status_id_str": "930852864011919360", "favorite_count": 1, "coordinates": null, "is_quote_status": false, "in_reply_to_user_id": 3281233788, "text": "@Foggy_Blues @chrislhayes Yup!", "contributors": null, "in_reply_to_user_id_str": "3281233788"}, "friends_count": 205, "profile_background_color": "000000", "profile_link_color": "3399CC", "id": 507758957, "entities": {"description": {"urls": []}}, "contributors_enabled": false, "protected": false, "following": false, "has_extended_profile": false, "followers_count": 192, "url": null, "default_profile": false, "profile_use_background_image": false, "name": "Eat Pray Love Nap \ud83d\ude34", "is_translator": false, "profile_background_image_url_https": "https://abs.twimg.com/images/themes/theme1/bg.png", "id_str": "507758957", "default_profile_image": false, "notifications": false, "is_translation_enabled": false, "follow_request_sent": false, "profile_banner_url": "https://pbs.twimg.com/profile_banners/507758957/1503400525", "profile_image_url": "http://pbs.twimg.com/profile_images/897081247159209984/IZvhPXqM_normal.jpg", "profile_background_tile": false, "time_zone": "Pacific Time (US & Canada)", "utc_offset": -28800, "translator_type": "none", "profile_image_url_https": "https://pbs.twimg.com/profile_images/897081247159209984/IZvhPXqM_normal.jpg", "profile_background_image_url": "http://abs.twimg.com/images/themes/theme1/bg.png", "profile_sidebar_border_color": "000000", "statuses_count": 2444, "profile_text_color": "000000", "lang": "en", "favourites_count": 891, "geo_enabled": false, "listed_count": 3, "verified": false}
2017-11-15T23:00:04.605205	{"following": false, "id_str": "507758957", "profile_link_color": "3399CC", "status": {"favorite_count": 0, "id_str": "930933096668696576", "in_reply_to_status_id_str": null, "in_reply_to_screen_name": null, "in_reply_to_status_id": null, "in_reply_to_user_id_str": null, "lang": "und", "is_quote_status": true, "id": 930933096668696576, "entities": {"user_mentions": [], "urls": [{"url": "https://t.co/mOw0yZQThr", "display_url": "twitter.com/realDonaldTrum\u2026", "expanded_url": "https://twitter.com/realDonaldTrump/status/290891469051555840", "indices": [4, 27]}], "symbols": [], "hashtags": []}, "favorited": false, "possibly_sensitive": false, "source": "<a href=\"http://twitter.com\" rel=\"nofollow\">Twitter Web Client</a>", "retweet_count": 0, "place": null, "in_reply_to_user_id": null, "contributors": null, "geo": null, "coordinates": null, "quoted_status_id_str": "290891469051555840", "created_at": "Wed Nov 15 22:58:40 +0000 2017", "text": "WTF https://t.co/mOw0yZQThr", "retweeted": false, "truncated": false, "quoted_status_id": 290891469051555840}, "follow_request_sent": false, "url": null, "profile_sidebar_fill_color": "000000", "geo_enabled": false, "profile_background_tile": false, "default_profile": false, "description": "Lover of life and all the crazy nuances that this journey brings.  Trying to give at least as much as I take and to be good steward of things in my path.", "favourites_count": 893, "lang": "en", "followers_count": 192, "screen_name": "ItsOkayItsFine", "verified": false, "entities": {"description": {"urls": []}}, "statuses_count": 2448, "id": 507758957, "profile_image_url_https": "https://pbs.twimg.com/profile_images/897081247159209984/IZvhPXqM_normal.jpg", "time_zone": "Pacific Time (US & Canada)", "is_translator": false, "listed_count": 3, "profile_use_background_image": false, "protected": false, "profile_image_url": "http://pbs.twimg.com/profile_images/897081247159209984/IZvhPXqM_normal.jpg", "utc_offset": -28800, "name": "Eat Pray Love Nap \ud83d\ude34", "translator_type": "none", "default_profile_image": false, "profile_banner_url": "https://pbs.twimg.com/profile_banners/507758957/1503400525", "profile_background_image_url_https": "https://abs.twimg.com/images/themes/theme1/bg.png", "location": "Washington, DC", "profile_background_color": "000000", "notifications": false, "has_extended_profile": false, "contributors_enabled": false, "created_at": "Tue Feb 28 18:47:55 +0000 2012", "friends_count": 204, "profile_text_color": "000000", "is_translation_enabled": false, "profile_background_image_url": "http://abs.twimg.com/images/themes/theme1/bg.png", "profile_sidebar_border_color": "000000"}
2017-11-16T00:00:05.686393	{"entities": {"description": {"urls": []}}, "id_str": "507758957", "following": false, "is_translation_enabled": false, "profile_use_background_image": false, "id": 507758957, "name": "Eat Pray Love Nap \ud83d\ude34", "lang": "en", "profile_image_url": "http://pbs.twimg.com/profile_images/897081247159209984/IZvhPXqM_normal.jpg", "profile_background_image_url_https": "https://abs.twimg.com/images/themes/theme1/bg.png", "translator_type": "none", "default_profile_image": false, "default_profile": false, "friends_count": 204, "profile_text_color": "000000", "geo_enabled": false, "profile_sidebar_fill_color": "000000", "statuses_count": 2449, "notifications": false, "follow_request_sent": false, "time_zone": "Pacific Time (US & Canada)", "protected": false, "verified": false, "url": null, "profile_background_tile": false, "utc_offset": -28800, "created_at": "Tue Feb 28 18:47:55 +0000 2012", "status": {"entities": {"user_mentions": [{"indices": [0, 14], "id": 18939358, "name": "Hunter Schwarz", "id_str": "18939358", "screen_name": "hunterschwarz"}, {"indices": [15, 25], "id": 93069110, "name": "Maggie Haberman", "id_str": "93069110", "screen_name": "maggieNYT"}], "hashtags": [], "symbols": [], "media": [{"url": "https://t.co/XdywcMlaCo", "display_url": "pic.twitter.com/XdywcMlaCo", "media_url_https": "https://pbs.twimg.com/media/DOtXYioWsAE2hDp.jpg", "type": "photo", "media_url": "http://pbs.twimg.com/media/DOtXYioWsAE2hDp.jpg", "expanded_url": "https://twitter.com/ItsOkayItsFine/status/930933839383486464/photo/1", "indices": [49, 72], "id": 930933827106680833, "sizes": {"thumb": {"resize": "crop", "w": 150, "h": 150}, "small": {"resize": "fit", "w": 680, "h": 548}, "medium": {"resize": "fit", "w": 1200, "h": 968}, "large": {"resize": "fit", "w": 1600, "h": 1290}}, "id_str": "930933827106680833"}], "urls": []}, "id_str": "930933839383486464", "id": 930933839383486464, "in_reply_to_user_id": 18939358, "possibly_sensitive": false, "geo": null, "retweeted": false, "is_quote_status": false, "in_reply_to_status_id_str": "930930517263953921", "truncated": false, "source": "<a href=\"http://twitter.com\" rel=\"nofollow\">Twitter Web Client</a>", "favorited": false, "in_reply_to_screen_name": "hunterschwarz", "contributors": null, "created_at": "Wed Nov 15 23:01:37 +0000 2017", "extended_entities": {"media": [{"url": "https://t.co/XdywcMlaCo", "display_url": "pic.twitter.com/XdywcMlaCo", "media_url_https": "https://pbs.twimg.com/media/DOtXYioWsAE2hDp.jpg", "type": "photo", "media_url": "http://pbs.twimg.com/media/DOtXYioWsAE2hDp.jpg", "expanded_url": "https://twitter.com/ItsOkayItsFine/status/930933839383486464/photo/1", "indices": [49, 72], "id": 930933827106680833, "sizes": {"thumb": {"resize": "crop", "w": 150, "h": 150}, "small": {"resize": "fit", "w": 680, "h": 548}, "medium": {"resize": "fit", "w": 1200, "h": 968}, "large": {"resize": "fit", "w": 1600, "h": 1290}}, "id_str": "930933827106680833"}]}, "in_reply_to_user_id_str": "18939358", "place": null, "coordinates": null, "text": "@hunterschwarz @maggieNYT Let's hope she's right https://t.co/XdywcMlaCo", "lang": "en", "favorite_count": 17, "in_reply_to_status_id": 930930517263953921, "retweet_count": 1}, "listed_count": 3, "profile_link_color": "3399CC", "contributors_enabled": false, "screen_name": "ItsOkayItsFine", "profile_image_url_https": "https://pbs.twimg.com/profile_images/897081247159209984/IZvhPXqM_normal.jpg", "location": "Washington, DC", "description": "Lover of life and all the crazy nuances that this journey brings.  Trying to give at least as much as I take and to be good steward of things in my path.", "profile_background_color": "000000", "favourites_count": 895, "profile_sidebar_border_color": "000000", "profile_banner_url": "https://pbs.twimg.com/profile_banners/507758957/1503400525", "has_extended_profile": false, "followers_count": 193, "is_translator": false, "profile_background_image_url": "http://abs.twimg.com/images/themes/theme1/bg.png"}
2017-11-16T01:00:05.103934	{"utc_offset": -28800, "time_zone": "Pacific Time (US & Canada)", "verified": false, "statuses_count": 2450, "favourites_count": 897, "description": "Lover of life and all the crazy nuances that this journey brings.  Trying to give at least as much as I take and to be good steward of things in my path.", "geo_enabled": false, "following": false, "lang": "en", "contributors_enabled": false, "profile_text_color": "000000", "location": "Washington, DC", "is_translator": false, "id": 507758957, "listed_count": 3, "default_profile": false, "has_extended_profile": false, "follow_request_sent": false, "profile_background_color": "000000", "name": "Eat Pray Love Nap \ud83d\ude34", "profile_link_color": "3399CC", "profile_image_url": "http://pbs.twimg.com/profile_images/897081247159209984/IZvhPXqM_normal.jpg", "status": {"in_reply_to_screen_name": "KeithOlbermann", "lang": "en", "in_reply_to_user_id_str": "130617778", "retweeted": false, "in_reply_to_user_id": 130617778, "id": 930960468268781569, "favorited": false, "favorite_count": 2, "truncated": false, "in_reply_to_status_id_str": "930959551125446656", "id_str": "930960468268781569", "entities": {"user_mentions": [{"name": "Keith Olbermann", "id": 130617778, "indices": [0, 15], "id_str": "130617778", "screen_name": "KeithOlbermann"}], "hashtags": [], "urls": [], "symbols": []}, "place": null, "retweet_count": 0, "contributors": null, "created_at": "Thu Nov 16 00:47:26 +0000 2017", "source": "<a href=\"http://twitter.com\" rel=\"nofollow\">Twitter Web Client</a>", "coordinates": null, "in_reply_to_status_id": 930959551125446656, "geo": null, "text": "@KeithOlbermann Love you Keith but this is kinda a Grump Old Man tweet\ud83d\ude43", "is_quote_status": false}, "id_str": "507758957", "screen_name": "ItsOkayItsFine", "notifications": false, "friends_count": 204, "protected": false, "entities": {"description": {"urls": []}}, "profile_background_image_url_https": "https://abs.twimg.com/images/themes/theme1/bg.png", "is_translation_enabled": false, "created_at": "Tue Feb 28 18:47:55 +0000 2012", "profile_background_image_url": "http://abs.twimg.com/images/themes/theme1/bg.png", "url": null, "profile_banner_url": "https://pbs.twimg.com/profile_banners/507758957/1503400525", "profile_sidebar_fill_color": "000000", "profile_sidebar_border_color": "000000", "default_profile_image": false, "translator_type": "none", "profile_image_url_https": "https://pbs.twimg.com/profile_images/897081247159209984/IZvhPXqM_normal.jpg", "profile_use_background_image": false, "followers_count": 193, "profile_background_tile": false}
2017-11-16T02:00:05.664722	{"default_profile_image": false, "profile_link_color": "3399CC", "favourites_count": 897, "name": "Eat Pray Love Nap \ud83d\ude34", "verified": false, "default_profile": false, "status": {"geo": null, "text": "@KeithOlbermann Love you Keith but this is kinda a Grump Old Man tweet\ud83d\ude43", "truncated": false, "created_at": "Thu Nov 16 00:47:26 +0000 2017", "id_str": "930960468268781569", "lang": "en", "favorited": false, "place": null, "entities": {"hashtags": [], "user_mentions": [{"screen_name": "KeithOlbermann", "id": 130617778, "name": "Keith Olbermann", "indices": [0, 15], "id_str": "130617778"}], "symbols": [], "urls": []}, "in_reply_to_user_id": 130617778, "id": 930960468268781569, "in_reply_to_status_id": 930959551125446656, "retweet_count": 0, "favorite_count": 3, "in_reply_to_status_id_str": "930959551125446656", "in_reply_to_user_id_str": "130617778", "in_reply_to_screen_name": "KeithOlbermann", "coordinates": null, "is_quote_status": false, "contributors": null, "source": "<a href=\"http://twitter.com\" rel=\"nofollow\">Twitter Web Client</a>", "retweeted": false}, "screen_name": "ItsOkayItsFine", "description": "Lover of life and all the crazy nuances that this journey brings.  Trying to give at least as much as I take and to be good steward of things in my path.", "translator_type": "none", "lang": "en", "profile_background_tile": false, "utc_offset": -28800, "id": 507758957, "time_zone": "Pacific Time (US & Canada)", "entities": {"description": {"urls": []}}, "notifications": false, "profile_text_color": "000000", "profile_background_image_url_https": "https://abs.twimg.com/images/themes/theme1/bg.png", "protected": false, "geo_enabled": false, "listed_count": 3, "profile_sidebar_border_color": "000000", "profile_image_url_https": "https://pbs.twimg.com/profile_images/897081247159209984/IZvhPXqM_normal.jpg", "friends_count": 204, "is_translator": false, "profile_image_url": "http://pbs.twimg.com/profile_images/897081247159209984/IZvhPXqM_normal.jpg", "following": false, "profile_banner_url": "https://pbs.twimg.com/profile_banners/507758957/1503400525", "statuses_count": 2450, "profile_sidebar_fill_color": "000000", "contributors_enabled": false, "profile_background_color": "000000", "is_translation_enabled": false, "profile_use_background_image": false, "created_at": "Tue Feb 28 18:47:55 +0000 2012", "id_str": "507758957", "follow_request_sent": false, "location": "Washington, DC", "followers_count": 193, "has_extended_profile": false, "url": null, "profile_background_image_url": "http://abs.twimg.com/images/themes/theme1/bg.png"}
2017-11-16T03:00:05.471803	{"created_at": "Tue Feb 28 18:47:55 +0000 2012", "location": "Washington, DC", "is_translator": false, "profile_banner_url": "https://pbs.twimg.com/profile_banners/507758957/1503400525", "profile_image_url": "http://pbs.twimg.com/profile_images/897081247159209984/IZvhPXqM_normal.jpg", "notifications": false, "entities": {"description": {"urls": []}}, "profile_image_url_https": "https://pbs.twimg.com/profile_images/897081247159209984/IZvhPXqM_normal.jpg", "status": {"created_at": "Thu Nov 16 00:47:26 +0000 2017", "entities": {"hashtags": [], "symbols": [], "user_mentions": [{"id": 130617778, "name": "Keith Olbermann", "indices": [0, 15], "id_str": "130617778", "screen_name": "KeithOlbermann"}], "urls": []}, "source": "<a href=\"http://twitter.com\" rel=\"nofollow\">Twitter Web Client</a>", "in_reply_to_user_id": 130617778, "favorite_count": 3, "truncated": false, "retweet_count": 0, "in_reply_to_status_id": 930959551125446656, "id": 930960468268781569, "lang": "en", "place": null, "in_reply_to_status_id_str": "930959551125446656", "id_str": "930960468268781569", "geo": null, "favorited": false, "coordinates": null, "in_reply_to_user_id_str": "130617778", "is_quote_status": false, "in_reply_to_screen_name": "KeithOlbermann", "contributors": null, "retweeted": false, "text": "@KeithOlbermann Love you Keith but this is kinda a Grump Old Man tweet\ud83d\ude43"}, "followers_count": 193, "following": false, "listed_count": 3, "profile_text_color": "000000", "favourites_count": 897, "id": 507758957, "description": "Lover of life and all the crazy nuances that this journey brings.  Trying to give at least as much as I take and to be good steward of things in my path.", "lang": "en", "follow_request_sent": false, "profile_link_color": "3399CC", "time_zone": "Pacific Time (US & Canada)", "default_profile_image": false, "id_str": "507758957", "statuses_count": 2450, "profile_background_image_url_https": "https://abs.twimg.com/images/themes/theme1/bg.png", "geo_enabled": false, "contributors_enabled": false, "profile_use_background_image": false, "has_extended_profile": false, "url": null, "name": "Eat Pray Love Nap \ud83d\ude34", "profile_background_color": "000000", "screen_name": "ItsOkayItsFine", "profile_sidebar_fill_color": "000000", "is_translation_enabled": false, "friends_count": 204, "default_profile": false, "profile_sidebar_border_color": "000000", "utc_offset": -28800, "profile_background_image_url": "http://abs.twimg.com/images/themes/theme1/bg.png", "protected": false, "verified": false, "translator_type": "none", "profile_background_tile": false}
2017-11-16T04:00:05.942900	{"description": "Lover of life and all the crazy nuances that this journey brings.  Trying to give at least as much as I take and to be good steward of things in my path.", "name": "Eat Pray Love Nap \ud83d\ude34", "id_str": "507758957", "profile_text_color": "000000", "profile_link_color": "3399CC", "profile_sidebar_fill_color": "000000", "utc_offset": -28800, "protected": false, "profile_background_image_url_https": "https://abs.twimg.com/images/themes/theme1/bg.png", "status": {"id_str": "930960468268781569", "in_reply_to_screen_name": "KeithOlbermann", "favorite_count": 3, "text": "@KeithOlbermann Love you Keith but this is kinda a Grump Old Man tweet\ud83d\ude43", "source": "<a href=\"http://twitter.com\" rel=\"nofollow\">Twitter Web Client</a>", "created_at": "Thu Nov 16 00:47:26 +0000 2017", "retweeted": false, "place": null, "id": 930960468268781569, "geo": null, "entities": {"user_mentions": [{"name": "Keith Olbermann", "screen_name": "KeithOlbermann", "indices": [0, 15], "id_str": "130617778", "id": 130617778}], "hashtags": [], "symbols": [], "urls": []}, "lang": "en", "in_reply_to_user_id": 130617778, "in_reply_to_status_id_str": "930959551125446656", "truncated": false, "contributors": null, "is_quote_status": false, "coordinates": null, "retweet_count": 0, "in_reply_to_user_id_str": "130617778", "favorited": false, "in_reply_to_status_id": 930959551125446656}, "profile_sidebar_border_color": "000000", "created_at": "Tue Feb 28 18:47:55 +0000 2012", "notifications": false, "time_zone": "Pacific Time (US & Canada)", "favourites_count": 897, "geo_enabled": false, "id": 507758957, "follow_request_sent": false, "following": false, "is_translator": false, "url": null, "location": "Washington, DC", "entities": {"description": {"urls": []}}, "translator_type": "none", "contributors_enabled": false, "profile_background_color": "000000", "verified": false, "listed_count": 4, "profile_banner_url": "https://pbs.twimg.com/profile_banners/507758957/1503400525", "screen_name": "ItsOkayItsFine", "profile_background_image_url": "http://abs.twimg.com/images/themes/theme1/bg.png", "profile_use_background_image": false, "friends_count": 204, "lang": "en", "followers_count": 193, "profile_image_url_https": "https://pbs.twimg.com/profile_images/897081247159209984/IZvhPXqM_normal.jpg", "default_profile": false, "has_extended_profile": false, "profile_image_url": "http://pbs.twimg.com/profile_images/897081247159209984/IZvhPXqM_normal.jpg", "is_translation_enabled": false, "profile_background_tile": false, "statuses_count": 2450, "default_profile_image": false}
2017-11-16T05:00:04.850562	{"profile_image_url": "http://pbs.twimg.com/profile_images/897081247159209984/IZvhPXqM_normal.jpg", "profile_banner_url": "https://pbs.twimg.com/profile_banners/507758957/1503400525", "has_extended_profile": false, "profile_background_tile": false, "url": null, "is_translation_enabled": false, "following": false, "profile_use_background_image": false, "translator_type": "none", "profile_link_color": "3399CC", "profile_background_image_url": "http://abs.twimg.com/images/themes/theme1/bg.png", "notifications": false, "verified": false, "default_profile_image": false, "statuses_count": 2451, "listed_count": 3, "followers_count": 192, "utc_offset": -28800, "default_profile": false, "profile_text_color": "000000", "status": {"geo": null, "entities": {"urls": [], "symbols": [], "user_mentions": [{"name": "Seth Abramson", "id": 3223426134, "id_str": "3223426134", "screen_name": "SethAbramson", "indices": [3, 16]}], "hashtags": []}, "favorited": false, "truncated": false, "contributors": null, "is_quote_status": false, "retweeted": false, "in_reply_to_status_id_str": null, "in_reply_to_screen_name": null, "retweeted_status": {"geo": null, "entities": {"urls": [{"expanded_url": "https://twitter.com/i/web/status/931009046492143617", "indices": [116, 139], "url": "https://t.co/S88JLuzuDA", "display_url": "twitter.com/i/web/status/9\u2026"}], "symbols": [], "user_mentions": [], "hashtags": []}, "favorited": false, "truncated": true, "contributors": null, "is_quote_status": false, "retweeted": false, "in_reply_to_status_id_str": "931007133226856453", "in_reply_to_screen_name": "SethAbramson", "favorite_count": 646, "text": "Schiller says Trump went to bed alone, which he says he knows firsthand. And he waited outside his door for a time\u2026 https://t.co/S88JLuzuDA", "id_str": "931009046492143617", "source": "<a href=\"http://twitter.com\" rel=\"nofollow\">Twitter Web Client</a>", "coordinates": null, "id": 931009046492143617, "in_reply_to_status_id": 931007133226856453, "created_at": "Thu Nov 16 04:00:28 +0000 2017", "retweet_count": 276, "in_reply_to_user_id": 3223426134, "place": null, "lang": "en", "in_reply_to_user_id_str": "3223426134"}, "favorite_count": 0, "text": "RT @SethAbramson: Schiller says Trump went to bed alone, which he says he knows firsthand. And he waited outside his door for a time and sa\u2026", "id_str": "931009598991069185", "source": "<a href=\"http://twitter.com/download/android\" rel=\"nofollow\">Twitter for Android</a>", "coordinates": null, "id": 931009598991069185, "in_reply_to_status_id": null, "created_at": "Thu Nov 16 04:02:40 +0000 2017", "retweet_count": 276, "in_reply_to_user_id": null, "place": null, "lang": "en", "in_reply_to_user_id_str": null}, "id_str": "507758957", "screen_name": "ItsOkayItsFine", "entities": {"description": {"urls": []}}, "favourites_count": 899, "follow_request_sent": false, "profile_background_image_url_https": "https://abs.twimg.com/images/themes/theme1/bg.png", "protected": false, "id": 507758957, "contributors_enabled": false, "is_translator": false, "location": "Washington, DC", "profile_sidebar_border_color": "000000", "time_zone": "Pacific Time (US & Canada)", "geo_enabled": false, "created_at": "Tue Feb 28 18:47:55 +0000 2012", "profile_background_color": "000000", "friends_count": 204, "description": "Lover of life and all the crazy nuances that this journey brings.  Trying to give at least as much as I take and to be good steward of things in my path.", "name": "Eat Pray Love Nap \ud83d\ude34", "lang": "en", "profile_sidebar_fill_color": "000000", "profile_image_url_https": "https://pbs.twimg.com/profile_images/897081247159209984/IZvhPXqM_normal.jpg"}
2017-11-16T06:00:04.731311	{"id_str": "507758957", "utc_offset": -28800, "statuses_count": 2452, "profile_banner_url": "https://pbs.twimg.com/profile_banners/507758957/1503400525", "contributors_enabled": false, "profile_background_color": "000000", "profile_background_tile": false, "description": "Lover of life and all the crazy nuances that this journey brings.  Trying to give at least as much as I take and to be good steward of things in my path.", "url": null, "entities": {"description": {"urls": []}}, "is_translator": false, "default_profile_image": false, "status": {"source": "<a href=\"http://twitter.com\" rel=\"nofollow\">Twitter Web Client</a>", "id_str": "931032727259840512", "retweeted": false, "lang": "en", "in_reply_to_user_id": 19268706, "truncated": true, "entities": {"urls": [{"indices": [117, 140], "url": "https://t.co/psddDhBgwc", "expanded_url": "https://twitter.com/i/web/status/931032727259840512", "display_url": "twitter.com/i/web/status/9\u2026"}], "hashtags": [], "symbols": [], "user_mentions": [{"id_str": "19268706", "indices": [0, 7], "id": 19268706, "screen_name": "secupp", "name": "S.E. Cupp"}, {"id_str": "15359578", "indices": [8, 24], "id": 15359578, "screen_name": "christinawilkie", "name": "Christina Wilkie"}, {"id_str": "22677397", "indices": [25, 34], "id": 22677397, "screen_name": "atensnut", "name": "Juanita Broaddrick"}]}, "contributors": null, "in_reply_to_status_id_str": "931028187517259776", "id": 931032727259840512, "geo": null, "is_quote_status": false, "text": "@secupp @christinawilkie @atensnut And the women Bush groped -   Rosyln Corrigan, Heather Lind, Jordana Grolnick an\u2026 https://t.co/psddDhBgwc", "favorited": false, "created_at": "Thu Nov 16 05:34:34 +0000 2017", "place": null, "coordinates": null, "retweet_count": 0, "in_reply_to_user_id_str": "19268706", "favorite_count": 7, "in_reply_to_screen_name": "secupp", "in_reply_to_status_id": 931028187517259776}, "has_extended_profile": false, "screen_name": "ItsOkayItsFine", "following": false, "notifications": false, "lang": "en", "friends_count": 204, "id": 507758957, "translator_type": "none", "follow_request_sent": false, "protected": false, "profile_sidebar_fill_color": "000000", "verified": false, "is_translation_enabled": false, "time_zone": "Pacific Time (US & Canada)", "profile_background_image_url": "http://abs.twimg.com/images/themes/theme1/bg.png", "listed_count": 3, "name": "Eat Pray Love Nap \ud83d\ude34", "created_at": "Tue Feb 28 18:47:55 +0000 2012", "favourites_count": 899, "profile_text_color": "000000", "profile_background_image_url_https": "https://abs.twimg.com/images/themes/theme1/bg.png", "location": "Washington, DC", "profile_sidebar_border_color": "000000", "default_profile": false, "profile_image_url": "http://pbs.twimg.com/profile_images/897081247159209984/IZvhPXqM_normal.jpg", "followers_count": 192, "geo_enabled": false, "profile_image_url_https": "https://pbs.twimg.com/profile_images/897081247159209984/IZvhPXqM_normal.jpg", "profile_link_color": "3399CC", "profile_use_background_image": false}
2017-11-16T07:00:05.100040	{"profile_background_color": "000000", "profile_image_url": "http://pbs.twimg.com/profile_images/897081247159209984/IZvhPXqM_normal.jpg", "statuses_count": 2452, "profile_link_color": "3399CC", "entities": {"description": {"urls": []}}, "is_translation_enabled": false, "has_extended_profile": false, "follow_request_sent": false, "time_zone": "Pacific Time (US & Canada)", "url": null, "name": "Eat Pray Love Nap \ud83d\ude34", "screen_name": "ItsOkayItsFine", "default_profile": false, "profile_sidebar_fill_color": "000000", "profile_banner_url": "https://pbs.twimg.com/profile_banners/507758957/1503400525", "is_translator": false, "favourites_count": 899, "geo_enabled": false, "id": 507758957, "profile_sidebar_border_color": "000000", "profile_use_background_image": false, "id_str": "507758957", "protected": false, "translator_type": "none", "listed_count": 3, "notifications": false, "utc_offset": -28800, "description": "Lover of life and all the crazy nuances that this journey brings.  Trying to give at least as much as I take and to be good steward of things in my path.", "profile_background_tile": false, "contributors_enabled": false, "following": false, "created_at": "Tue Feb 28 18:47:55 +0000 2012", "lang": "en", "profile_image_url_https": "https://pbs.twimg.com/profile_images/897081247159209984/IZvhPXqM_normal.jpg", "default_profile_image": false, "profile_text_color": "000000", "friends_count": 204, "profile_background_image_url": "http://abs.twimg.com/images/themes/theme1/bg.png", "location": "Washington, DC", "verified": false, "followers_count": 192, "profile_background_image_url_https": "https://abs.twimg.com/images/themes/theme1/bg.png", "status": {"in_reply_to_user_id_str": "19268706", "retweet_count": 0, "truncated": true, "place": null, "entities": {"symbols": [], "urls": [{"expanded_url": "https://twitter.com/i/web/status/931032727259840512", "display_url": "twitter.com/i/web/status/9\u2026", "indices": [117, 140], "url": "https://t.co/psddDhBgwc"}], "hashtags": [], "user_mentions": [{"name": "S.E. Cupp", "screen_name": "secupp", "id_str": "19268706", "indices": [0, 7], "id": 19268706}, {"name": "Christina Wilkie", "screen_name": "christinawilkie", "id_str": "15359578", "indices": [8, 24], "id": 15359578}, {"name": "Juanita Broaddrick", "screen_name": "atensnut", "id_str": "22677397", "indices": [25, 34], "id": 22677397}]}, "id_str": "931032727259840512", "coordinates": null, "favorited": false, "contributors": null, "retweeted": false, "in_reply_to_status_id_str": "931028187517259776", "in_reply_to_user_id": 19268706, "id": 931032727259840512, "favorite_count": 9, "in_reply_to_status_id": 931028187517259776, "geo": null, "in_reply_to_screen_name": "secupp", "created_at": "Thu Nov 16 05:34:34 +0000 2017", "lang": "en", "text": "@secupp @christinawilkie @atensnut And the women Bush groped -   Rosyln Corrigan, Heather Lind, Jordana Grolnick an\u2026 https://t.co/psddDhBgwc", "is_quote_status": false, "source": "<a href=\"http://twitter.com\" rel=\"nofollow\">Twitter Web Client</a>"}}
2017-11-16T08:00:05.835271	{"id_str": "507758957", "url": null, "follow_request_sent": false, "profile_sidebar_border_color": "000000", "profile_background_image_url_https": "https://abs.twimg.com/images/themes/theme1/bg.png", "is_translation_enabled": false, "notifications": false, "profile_link_color": "3399CC", "profile_banner_url": "https://pbs.twimg.com/profile_banners/507758957/1503400525", "screen_name": "ItsOkayItsFine", "time_zone": "Pacific Time (US & Canada)", "default_profile": false, "id": 507758957, "location": "Washington, DC", "profile_use_background_image": false, "profile_text_color": "000000", "has_extended_profile": false, "contributors_enabled": false, "favourites_count": 899, "entities": {"description": {"urls": []}}, "status": {"is_quote_status": false, "id_str": "931032727259840512", "in_reply_to_screen_name": "secupp", "lang": "en", "contributors": null, "retweet_count": 0, "favorite_count": 9, "id": 931032727259840512, "coordinates": null, "in_reply_to_user_id": 19268706, "geo": null, "entities": {"hashtags": [], "symbols": [], "urls": [{"expanded_url": "https://twitter.com/i/web/status/931032727259840512", "url": "https://t.co/psddDhBgwc", "display_url": "twitter.com/i/web/status/9\u2026", "indices": [117, 140]}], "user_mentions": [{"id_str": "19268706", "name": "S.E. Cupp", "id": 19268706, "screen_name": "secupp", "indices": [0, 7]}, {"id_str": "15359578", "name": "Christina Wilkie", "id": 15359578, "screen_name": "christinawilkie", "indices": [8, 24]}, {"id_str": "22677397", "name": "Juanita Broaddrick", "id": 22677397, "screen_name": "atensnut", "indices": [25, 34]}]}, "place": null, "truncated": true, "source": "<a href=\"http://twitter.com\" rel=\"nofollow\">Twitter Web Client</a>", "created_at": "Thu Nov 16 05:34:34 +0000 2017", "favorited": false, "retweeted": false, "in_reply_to_status_id_str": "931028187517259776", "in_reply_to_status_id": 931028187517259776, "in_reply_to_user_id_str": "19268706", "text": "@secupp @christinawilkie @atensnut And the women Bush groped -   Rosyln Corrigan, Heather Lind, Jordana Grolnick an\u2026 https://t.co/psddDhBgwc"}, "profile_sidebar_fill_color": "000000", "protected": false, "translator_type": "none", "profile_image_url": "http://pbs.twimg.com/profile_images/897081247159209984/IZvhPXqM_normal.jpg", "default_profile_image": false, "geo_enabled": false, "friends_count": 204, "profile_image_url_https": "https://pbs.twimg.com/profile_images/897081247159209984/IZvhPXqM_normal.jpg", "listed_count": 3, "created_at": "Tue Feb 28 18:47:55 +0000 2012", "profile_background_color": "000000", "profile_background_tile": false, "utc_offset": -28800, "name": "Eat Pray Love Nap \ud83d\ude34", "followers_count": 192, "verified": false, "profile_background_image_url": "http://abs.twimg.com/images/themes/theme1/bg.png", "following": false, "lang": "en", "description": "Lover of life and all the crazy nuances that this journey brings.  Trying to give at least as much as I take and to be good steward of things in my path.", "statuses_count": 2452, "is_translator": false}
2017-11-16T09:00:05.502626	{"geo_enabled": false, "status": {"in_reply_to_user_id": 17375281, "contributors": null, "lang": "en", "entities": {"urls": [], "hashtags": [], "symbols": [], "user_mentions": [{"screen_name": "7im", "id_str": "17375281", "indices": [0, 4], "id": 17375281, "name": "Tim Dickinson"}]}, "text": "@7im Can somebody tell Don Jr that no matter what he does daddy will never really love him", "in_reply_to_status_id_str": "931081703837200384", "source": "<a href=\"https://mobile.twitter.com\" rel=\"nofollow\">Twitter Lite</a>", "geo": null, "coordinates": null, "in_reply_to_user_id_str": "17375281", "created_at": "Thu Nov 16 08:54:31 +0000 2017", "id": 931083044848570368, "retweeted": false, "retweet_count": 0, "favorite_count": 1, "in_reply_to_screen_name": "7im", "id_str": "931083044848570368", "in_reply_to_status_id": 931081703837200384, "truncated": false, "favorited": false, "is_quote_status": false, "place": null}, "profile_banner_url": "https://pbs.twimg.com/profile_banners/507758957/1503400525", "profile_background_image_url": "http://abs.twimg.com/images/themes/theme1/bg.png", "url": null, "utc_offset": -28800, "id_str": "507758957", "default_profile_image": false, "profile_text_color": "000000", "location": "Washington, DC", "verified": false, "screen_name": "ItsOkayItsFine", "lang": "en", "protected": false, "description": "Lover of life and all the crazy nuances that this journey brings.  Trying to give at least as much as I take and to be good steward of things in my path.", "follow_request_sent": false, "is_translation_enabled": false, "is_translator": false, "favourites_count": 899, "profile_background_tile": false, "profile_use_background_image": false, "profile_sidebar_border_color": "000000", "following": false, "profile_sidebar_fill_color": "000000", "profile_background_image_url_https": "https://abs.twimg.com/images/themes/theme1/bg.png", "profile_link_color": "3399CC", "entities": {"description": {"urls": []}}, "notifications": false, "friends_count": 204, "listed_count": 3, "statuses_count": 2459, "created_at": "Tue Feb 28 18:47:55 +0000 2012", "profile_image_url_https": "https://pbs.twimg.com/profile_images/897081247159209984/IZvhPXqM_normal.jpg", "default_profile": false, "followers_count": 192, "time_zone": "Pacific Time (US & Canada)", "translator_type": "none", "name": "Eat Pray Love Nap \ud83d\ude34", "contributors_enabled": false, "has_extended_profile": false, "id": 507758957, "profile_image_url": "http://pbs.twimg.com/profile_images/897081247159209984/IZvhPXqM_normal.jpg", "profile_background_color": "000000"}
2017-11-16T10:00:05.748783	{"description": "Lover of life and all the crazy nuances that this journey brings.  Trying to give at least as much as I take and to be good steward of things in my path.", "id_str": "507758957", "location": "Washington, DC", "translator_type": "none", "has_extended_profile": false, "default_profile": false, "status": {"id_str": "931086238039400449", "in_reply_to_status_id": 931085798790766593, "retweeted": false, "in_reply_to_screen_name": "HistoricalPics", "in_reply_to_user_id_str": "1598644159", "favorite_count": 3, "in_reply_to_user_id": 1598644159, "truncated": false, "contributors": null, "source": "<a href=\"https://mobile.twitter.com\" rel=\"nofollow\">Twitter Lite</a>", "geo": null, "lang": "en", "is_quote_status": false, "id": 931086238039400449, "place": null, "coordinates": null, "created_at": "Thu Nov 16 09:07:12 +0000 2017", "in_reply_to_status_id_str": "931085798790766593", "text": "@HistoricalPics In which the McRib is made from human ribs", "favorited": false, "entities": {"user_mentions": [{"id": 1598644159, "indices": [0, 15], "name": "Historical Pics", "screen_name": "HistoricalPics", "id_str": "1598644159"}], "symbols": [], "urls": [], "hashtags": []}, "retweet_count": 0}, "profile_background_image_url_https": "https://abs.twimg.com/images/themes/theme1/bg.png", "notifications": false, "listed_count": 3, "profile_link_color": "3399CC", "statuses_count": 2461, "profile_background_tile": false, "url": null, "profile_sidebar_border_color": "000000", "time_zone": "Pacific Time (US & Canada)", "followers_count": 193, "entities": {"description": {"urls": []}}, "profile_text_color": "000000", "following": false, "profile_background_color": "000000", "utc_offset": -28800, "follow_request_sent": false, "profile_background_image_url": "http://abs.twimg.com/images/themes/theme1/bg.png", "profile_banner_url": "https://pbs.twimg.com/profile_banners/507758957/1503400525", "favourites_count": 901, "contributors_enabled": false, "default_profile_image": false, "profile_image_url_https": "https://pbs.twimg.com/profile_images/897081247159209984/IZvhPXqM_normal.jpg", "id": 507758957, "protected": false, "profile_sidebar_fill_color": "000000", "lang": "en", "profile_image_url": "http://pbs.twimg.com/profile_images/897081247159209984/IZvhPXqM_normal.jpg", "geo_enabled": false, "is_translator": false, "friends_count": 204, "created_at": "Tue Feb 28 18:47:55 +0000 2012", "verified": false, "profile_use_background_image": false, "is_translation_enabled": false, "screen_name": "ItsOkayItsFine", "name": "Eat Pray Love Nap \ud83d\ude34"}
2017-11-16T11:00:05.584520	{"protected": false, "profile_image_url": "http://pbs.twimg.com/profile_images/897081247159209984/IZvhPXqM_normal.jpg", "name": "Eat Pray Love Nap \ud83d\ude34", "status": {"in_reply_to_user_id": 1598644159, "place": null, "is_quote_status": false, "truncated": false, "source": "<a href=\"https://mobile.twitter.com\" rel=\"nofollow\">Twitter Lite</a>", "lang": "en", "coordinates": null, "id": 931086238039400449, "retweet_count": 0, "id_str": "931086238039400449", "retweeted": false, "contributors": null, "entities": {"urls": [], "symbols": [], "user_mentions": [{"screen_name": "HistoricalPics", "name": "Historical Pics", "indices": [0, 15], "id_str": "1598644159", "id": 1598644159}], "hashtags": []}, "in_reply_to_status_id": 931085798790766593, "geo": null, "text": "@HistoricalPics In which the McRib is made from human ribs", "in_reply_to_screen_name": "HistoricalPics", "favorite_count": 3, "favorited": false, "in_reply_to_user_id_str": "1598644159", "created_at": "Thu Nov 16 09:07:12 +0000 2017", "in_reply_to_status_id_str": "931085798790766593"}, "url": null, "following": false, "description": "Lover of life and all the crazy nuances that this journey brings.  Trying to give at least as much as I take and to be good steward of things in my path.", "screen_name": "ItsOkayItsFine", "has_extended_profile": false, "default_profile_image": false, "listed_count": 3, "profile_sidebar_fill_color": "000000", "id": 507758957, "default_profile": false, "profile_text_color": "000000", "verified": false, "profile_sidebar_border_color": "000000", "utc_offset": -28800, "is_translation_enabled": false, "friends_count": 204, "contributors_enabled": false, "profile_banner_url": "https://pbs.twimg.com/profile_banners/507758957/1503400525", "profile_use_background_image": false, "time_zone": "Pacific Time (US & Canada)", "id_str": "507758957", "entities": {"description": {"urls": []}}, "profile_background_tile": false, "geo_enabled": false, "location": "Washington, DC", "favourites_count": 901, "profile_background_image_url_https": "https://abs.twimg.com/images/themes/theme1/bg.png", "lang": "en", "profile_background_color": "000000", "is_translator": false, "translator_type": "none", "followers_count": 194, "profile_image_url_https": "https://pbs.twimg.com/profile_images/897081247159209984/IZvhPXqM_normal.jpg", "created_at": "Tue Feb 28 18:47:55 +0000 2012", "statuses_count": 2461, "follow_request_sent": false, "profile_link_color": "3399CC", "notifications": false, "profile_background_image_url": "http://abs.twimg.com/images/themes/theme1/bg.png"}
2017-11-16T12:00:05.752266	{"profile_sidebar_fill_color": "000000", "utc_offset": -28800, "follow_request_sent": false, "profile_image_url_https": "https://pbs.twimg.com/profile_images/897081247159209984/IZvhPXqM_normal.jpg", "id_str": "507758957", "protected": false, "friends_count": 204, "profile_background_tile": false, "favourites_count": 901, "has_extended_profile": false, "profile_background_image_url_https": "https://abs.twimg.com/images/themes/theme1/bg.png", "listed_count": 4, "translator_type": "none", "default_profile_image": false, "is_translator": false, "profile_use_background_image": false, "time_zone": "Pacific Time (US & Canada)", "verified": false, "following": false, "notifications": false, "location": "Washington, DC", "profile_sidebar_border_color": "000000", "description": "Lover of life and all the crazy nuances that this journey brings.  Trying to give at least as much as I take and to be good steward of things in my path.", "is_translation_enabled": false, "profile_text_color": "000000", "url": null, "profile_banner_url": "https://pbs.twimg.com/profile_banners/507758957/1503400525", "id": 507758957, "contributors_enabled": false, "default_profile": false, "profile_background_image_url": "http://abs.twimg.com/images/themes/theme1/bg.png", "followers_count": 194, "screen_name": "ItsOkayItsFine", "created_at": "Tue Feb 28 18:47:55 +0000 2012", "lang": "en", "entities": {"description": {"urls": []}}, "name": "Eat Pray Love Nap \ud83d\ude34", "profile_background_color": "000000", "profile_image_url": "http://pbs.twimg.com/profile_images/897081247159209984/IZvhPXqM_normal.jpg", "status": {"retweet_count": 0, "created_at": "Thu Nov 16 09:07:12 +0000 2017", "id_str": "931086238039400449", "lang": "en", "in_reply_to_status_id": 931085798790766593, "in_reply_to_status_id_str": "931085798790766593", "in_reply_to_user_id": 1598644159, "in_reply_to_screen_name": "HistoricalPics", "is_quote_status": false, "in_reply_to_user_id_str": "1598644159", "favorite_count": 4, "place": null, "geo": null, "id": 931086238039400449, "retweeted": false, "contributors": null, "favorited": false, "entities": {"symbols": [], "user_mentions": [{"indices": [0, 15], "name": "Historical Pics", "id": 1598644159, "screen_name": "HistoricalPics", "id_str": "1598644159"}], "urls": [], "hashtags": []}, "coordinates": null, "text": "@HistoricalPics In which the McRib is made from human ribs", "source": "<a href=\"https://mobile.twitter.com\" rel=\"nofollow\">Twitter Lite</a>", "truncated": false}, "profile_link_color": "3399CC", "statuses_count": 2461, "geo_enabled": false}
2017-11-16T13:00:05.245606	{"id_str": "507758957", "entities": {"description": {"urls": []}}, "geo_enabled": false, "favourites_count": 901, "profile_image_url": "http://pbs.twimg.com/profile_images/897081247159209984/IZvhPXqM_normal.jpg", "followers_count": 194, "url": null, "protected": false, "created_at": "Tue Feb 28 18:47:55 +0000 2012", "description": "Lover of life and all the crazy nuances that this journey brings.  Trying to give at least as much as I take and to be good steward of things in my path.", "listed_count": 3, "notifications": false, "time_zone": "Pacific Time (US & Canada)", "default_profile_image": false, "translator_type": "none", "default_profile": false, "location": "Washington, DC", "statuses_count": 2461, "friends_count": 204, "profile_sidebar_border_color": "000000", "profile_sidebar_fill_color": "000000", "profile_background_color": "000000", "profile_background_image_url": "http://abs.twimg.com/images/themes/theme1/bg.png", "is_translator": false, "utc_offset": -28800, "is_translation_enabled": false, "follow_request_sent": false, "profile_background_tile": false, "verified": false, "id": 507758957, "screen_name": "ItsOkayItsFine", "profile_background_image_url_https": "https://abs.twimg.com/images/themes/theme1/bg.png", "profile_banner_url": "https://pbs.twimg.com/profile_banners/507758957/1503400525", "contributors_enabled": false, "lang": "en", "profile_text_color": "000000", "profile_image_url_https": "https://pbs.twimg.com/profile_images/897081247159209984/IZvhPXqM_normal.jpg", "profile_use_background_image": false, "following": false, "status": {"id_str": "931086238039400449", "entities": {"hashtags": [], "user_mentions": [{"id_str": "1598644159", "screen_name": "HistoricalPics", "id": 1598644159, "name": "Historical Pics", "indices": [0, 15]}], "urls": [], "symbols": []}, "in_reply_to_user_id": 1598644159, "retweeted": false, "created_at": "Thu Nov 16 09:07:12 +0000 2017", "lang": "en", "id": 931086238039400449, "coordinates": null, "favorited": false, "is_quote_status": false, "contributors": null, "in_reply_to_status_id_str": "931085798790766593", "source": "<a href=\"https://mobile.twitter.com\" rel=\"nofollow\">Twitter Lite</a>", "truncated": false, "in_reply_to_user_id_str": "1598644159", "geo": null, "retweet_count": 0, "place": null, "in_reply_to_status_id": 931085798790766593, "in_reply_to_screen_name": "HistoricalPics", "text": "@HistoricalPics In which the McRib is made from human ribs", "favorite_count": 4}, "has_extended_profile": false, "name": "Eat Pray Love Nap \ud83d\ude34", "profile_link_color": "3399CC"}
2017-11-16T14:00:05.774906	{"description": "Lover of life and all the crazy nuances that this journey brings.  Trying to give at least as much as I take and to be good steward of things in my path.", "profile_link_color": "3399CC", "favourites_count": 904, "created_at": "Tue Feb 28 18:47:55 +0000 2012", "profile_image_url_https": "https://pbs.twimg.com/profile_images/897081247159209984/IZvhPXqM_normal.jpg", "profile_banner_url": "https://pbs.twimg.com/profile_banners/507758957/1503400525", "id": 507758957, "location": "Washington, DC", "listed_count": 3, "status": {"created_at": "Thu Nov 16 13:48:19 +0000 2017", "id": 931156983754969088, "contributors": null, "extended_entities": {"media": [{"expanded_url": "https://twitter.com/ItsOkayItsFine/status/931156983754969088/photo/1", "indices": [65, 88], "type": "photo", "url": "https://t.co/JFQEoXbiwi", "id": 931156937911291904, "sizes": {"thumb": {"resize": "crop", "w": 150, "h": 150}, "large": {"resize": "fit", "w": 1600, "h": 1290}, "small": {"resize": "fit", "w": 680, "h": 548}, "medium": {"resize": "fit", "w": 1200, "h": 968}}, "id_str": "931156937911291904", "display_url": "pic.twitter.com/JFQEoXbiwi", "media_url_https": "https://pbs.twimg.com/media/DOwiTTJX0AAfpW1.jpg", "media_url": "http://pbs.twimg.com/media/DOwiTTJX0AAfpW1.jpg"}]}, "favorited": false, "retweeted": false, "geo": null, "place": null, "lang": "en", "in_reply_to_user_id_str": "49049279", "in_reply_to_user_id": 49049279, "is_quote_status": false, "in_reply_to_screen_name": "marinafang", "retweet_count": 1, "in_reply_to_status_id_str": "931155000121839616", "text": "@marinafang @brianstelter Trump has his own underage girl issues https://t.co/JFQEoXbiwi", "coordinates": null, "truncated": false, "possibly_sensitive": false, "source": "<a href=\"http://twitter.com\" rel=\"nofollow\">Twitter Web Client</a>", "favorite_count": 0, "id_str": "931156983754969088", "entities": {"urls": [], "hashtags": [], "user_mentions": [{"id_str": "49049279", "screen_name": "marinafang", "indices": [0, 11], "id": 49049279, "name": "Marina Fang"}, {"id_str": "14515799", "screen_name": "brianstelter", "indices": [12, 25], "id": 14515799, "name": "Brian Stelter"}], "media": [{"expanded_url": "https://twitter.com/ItsOkayItsFine/status/931156983754969088/photo/1", "indices": [65, 88], "type": "photo", "url": "https://t.co/JFQEoXbiwi", "id": 931156937911291904, "sizes": {"thumb": {"resize": "crop", "w": 150, "h": 150}, "large": {"resize": "fit", "w": 1600, "h": 1290}, "small": {"resize": "fit", "w": 680, "h": 548}, "medium": {"resize": "fit", "w": 1200, "h": 968}}, "id_str": "931156937911291904", "display_url": "pic.twitter.com/JFQEoXbiwi", "media_url_https": "https://pbs.twimg.com/media/DOwiTTJX0AAfpW1.jpg", "media_url": "http://pbs.twimg.com/media/DOwiTTJX0AAfpW1.jpg"}], "symbols": []}, "in_reply_to_status_id": 931155000121839616}, "profile_background_image_url_https": "https://abs.twimg.com/images/themes/theme1/bg.png", "friends_count": 204, "time_zone": "Pacific Time (US & Canada)", "notifications": false, "following": false, "utc_offset": -28800, "profile_background_image_url": "http://abs.twimg.com/images/themes/theme1/bg.png", "followers_count": 194, "lang": "en", "has_extended_profile": false, "profile_background_color": "000000", "is_translation_enabled": false, "translator_type": "none", "statuses_count": 2470, "profile_sidebar_fill_color": "000000", "protected": false, "default_profile": false, "profile_sidebar_border_color": "000000", "geo_enabled": false, "url": null, "profile_use_background_image": false, "profile_text_color": "000000", "follow_request_sent": false, "profile_background_tile": false, "profile_image_url": "http://pbs.twimg.com/profile_images/897081247159209984/IZvhPXqM_normal.jpg", "screen_name": "ItsOkayItsFine", "verified": false, "contributors_enabled": false, "id_str": "507758957", "is_translator": false, "entities": {"description": {"urls": []}}, "name": "Eat Pray Love Nap \ud83d\ude34", "default_profile_image": false}
2017-11-16T15:00:05.105017	{"screen_name": "ItsOkayItsFine", "status": {"in_reply_to_screen_name": "ItsOkayItsFine", "truncated": true, "in_reply_to_user_id_str": "507758957", "coordinates": null, "id_str": "931166121864105985", "in_reply_to_status_id": 931164135114625024, "favorited": false, "favorite_count": 4, "is_quote_status": false, "id": 931166121864105985, "in_reply_to_status_id_str": "931164135114625024", "retweet_count": 0, "entities": {"symbols": [], "urls": [{"expanded_url": "https://twitter.com/i/web/status/931166121864105985", "indices": [116, 139], "url": "https://t.co/zymAGKzfVw", "display_url": "twitter.com/i/web/status/9\u2026"}], "hashtags": [], "user_mentions": [{"indices": [0, 16], "screen_name": "RichardBSpencer", "id_str": "402181258", "id": 402181258, "name": "Richard \ud83e\udd83 Spencer"}]}, "source": "<a href=\"http://twitter.com\" rel=\"nofollow\">Twitter Web Client</a>", "contributors": null, "text": "@RichardBSpencer And it definitely looks like you want to avoid burgers\n\nWhy are so many of the 'superior' race so\u2026 https://t.co/zymAGKzfVw", "in_reply_to_user_id": 507758957, "lang": "en", "geo": null, "place": null, "created_at": "Thu Nov 16 14:24:38 +0000 2017", "retweeted": false, "possibly_sensitive": false}, "profile_use_background_image": false, "following": false, "statuses_count": 2475, "default_profile_image": false, "profile_image_url": "http://pbs.twimg.com/profile_images/897081247159209984/IZvhPXqM_normal.jpg", "id_str": "507758957", "profile_background_image_url_https": "https://abs.twimg.com/images/themes/theme1/bg.png", "profile_banner_url": "https://pbs.twimg.com/profile_banners/507758957/1503400525", "is_translator": false, "utc_offset": -28800, "profile_link_color": "3399CC", "description": "Lover of life and all the crazy nuances that this journey brings.  Trying to give at least as much as I take and to be good steward of things in my path.", "follow_request_sent": false, "is_translation_enabled": false, "name": "Eat Pray Love Nap \ud83d\ude34", "notifications": false, "default_profile": false, "profile_background_color": "000000", "id": 507758957, "protected": false, "profile_background_image_url": "http://abs.twimg.com/images/themes/theme1/bg.png", "favourites_count": 904, "profile_text_color": "000000", "geo_enabled": false, "profile_image_url_https": "https://pbs.twimg.com/profile_images/897081247159209984/IZvhPXqM_normal.jpg", "translator_type": "none", "friends_count": 204, "entities": {"description": {"urls": []}}, "verified": false, "location": "Washington, DC", "profile_background_tile": false, "lang": "en", "url": null, "followers_count": 194, "contributors_enabled": false, "listed_count": 3, "profile_sidebar_fill_color": "000000", "created_at": "Tue Feb 28 18:47:55 +0000 2012", "profile_sidebar_border_color": "000000", "time_zone": "Pacific Time (US & Canada)", "has_extended_profile": false}
2017-11-16T16:00:05.634276	{"default_profile_image": false, "is_translator": false, "following": false, "profile_link_color": "3399CC", "statuses_count": 2475, "translator_type": "none", "id_str": "507758957", "profile_text_color": "000000", "time_zone": "Pacific Time (US & Canada)", "lang": "en", "profile_use_background_image": false, "is_translation_enabled": false, "created_at": "Tue Feb 28 18:47:55 +0000 2012", "protected": false, "profile_background_image_url": "http://abs.twimg.com/images/themes/theme1/bg.png", "followers_count": 194, "screen_name": "ItsOkayItsFine", "status": {"in_reply_to_user_id": 507758957, "text": "@RichardBSpencer And it definitely looks like you want to avoid burgers\n\nWhy are so many of the 'superior' race so\u2026 https://t.co/zymAGKzfVw", "in_reply_to_screen_name": "ItsOkayItsFine", "id_str": "931166121864105985", "lang": "en", "in_reply_to_status_id_str": "931164135114625024", "created_at": "Thu Nov 16 14:24:38 +0000 2017", "place": null, "retweet_count": 0, "retweeted": false, "contributors": null, "geo": null, "favorite_count": 6, "truncated": true, "coordinates": null, "in_reply_to_status_id": 931164135114625024, "possibly_sensitive": false, "source": "<a href=\"http://twitter.com\" rel=\"nofollow\">Twitter Web Client</a>", "in_reply_to_user_id_str": "507758957", "is_quote_status": false, "favorited": false, "entities": {"urls": [{"url": "https://t.co/zymAGKzfVw", "indices": [116, 139], "display_url": "twitter.com/i/web/status/9\u2026", "expanded_url": "https://twitter.com/i/web/status/931166121864105985"}], "user_mentions": [{"screen_name": "RichardBSpencer", "id_str": "402181258", "indices": [0, 16], "name": "Richard \ud83e\udd83 Spencer", "id": 402181258}], "hashtags": [], "symbols": []}, "id": 931166121864105985}, "id": 507758957, "follow_request_sent": false, "profile_sidebar_border_color": "000000", "profile_background_color": "000000", "location": "Washington, DC", "verified": false, "friends_count": 204, "profile_sidebar_fill_color": "000000", "description": "Lover of life and all the crazy nuances that this journey brings.  Trying to give at least as much as I take and to be good steward of things in my path.", "url": null, "geo_enabled": false, "profile_image_url": "http://pbs.twimg.com/profile_images/897081247159209984/IZvhPXqM_normal.jpg", "name": "Eat Pray Love Nap \ud83d\ude34", "has_extended_profile": false, "entities": {"description": {"urls": []}}, "profile_image_url_https": "https://pbs.twimg.com/profile_images/897081247159209984/IZvhPXqM_normal.jpg", "profile_banner_url": "https://pbs.twimg.com/profile_banners/507758957/1503400525", "notifications": false, "default_profile": false, "listed_count": 5, "profile_background_image_url_https": "https://abs.twimg.com/images/themes/theme1/bg.png", "utc_offset": -28800, "contributors_enabled": false, "favourites_count": 904, "profile_background_tile": false}
2017-11-16T17:00:05.196518	{"profile_text_color": "000000", "profile_background_image_url": "http://abs.twimg.com/images/themes/theme1/bg.png", "notifications": false, "protected": false, "favourites_count": 904, "profile_background_image_url_https": "https://abs.twimg.com/images/themes/theme1/bg.png", "profile_background_tile": false, "following": false, "has_extended_profile": false, "default_profile": false, "created_at": "Tue Feb 28 18:47:55 +0000 2012", "profile_banner_url": "https://pbs.twimg.com/profile_banners/507758957/1503400525", "follow_request_sent": false, "followers_count": 194, "translator_type": "none", "utc_offset": -28800, "profile_link_color": "3399CC", "is_translator": false, "url": null, "default_profile_image": false, "entities": {"description": {"urls": []}}, "profile_sidebar_fill_color": "000000", "profile_sidebar_border_color": "000000", "name": "Eat Pray Love Nap \ud83d\ude34", "friends_count": 204, "profile_background_color": "000000", "geo_enabled": false, "is_translation_enabled": false, "location": "Washington, DC", "screen_name": "ItsOkayItsFine", "profile_image_url": "http://pbs.twimg.com/profile_images/897081247159209984/IZvhPXqM_normal.jpg", "profile_use_background_image": false, "status": {"retweet_count": 0, "source": "<a href=\"http://twitter.com\" rel=\"nofollow\">Twitter Web Client</a>", "in_reply_to_user_id_str": "507758957", "in_reply_to_screen_name": "ItsOkayItsFine", "favorite_count": 7, "in_reply_to_status_id": 931164135114625024, "in_reply_to_user_id": 507758957, "created_at": "Thu Nov 16 14:24:38 +0000 2017", "coordinates": null, "in_reply_to_status_id_str": "931164135114625024", "text": "@RichardBSpencer And it definitely looks like you want to avoid burgers\n\nWhy are so many of the 'superior' race so\u2026 https://t.co/zymAGKzfVw", "favorited": false, "entities": {"user_mentions": [{"screen_name": "RichardBSpencer", "id": 402181258, "name": "Richard \ud83e\udd83 Spencer", "id_str": "402181258", "indices": [0, 16]}], "urls": [{"indices": [116, 139], "display_url": "twitter.com/i/web/status/9\u2026", "expanded_url": "https://twitter.com/i/web/status/931166121864105985", "url": "https://t.co/zymAGKzfVw"}], "hashtags": [], "symbols": []}, "truncated": true, "retweeted": false, "is_quote_status": false, "id_str": "931166121864105985", "place": null, "id": 931166121864105985, "geo": null, "possibly_sensitive": false, "contributors": null, "lang": "en"}, "id_str": "507758957", "contributors_enabled": false, "time_zone": "Pacific Time (US & Canada)", "id": 507758957, "description": "Lover of life and all the crazy nuances that this journey brings.  Trying to give at least as much as I take and to be good steward of things in my path.", "statuses_count": 2475, "verified": false, "listed_count": 3, "profile_image_url_https": "https://pbs.twimg.com/profile_images/897081247159209984/IZvhPXqM_normal.jpg", "lang": "en"}
2017-11-16T18:00:05.757494	{"profile_sidebar_border_color": "000000", "has_extended_profile": false, "profile_background_tile": false, "description": "Lover of life and all the crazy nuances that this journey brings.  Trying to give at least as much as I take and to be good steward of things in my path.", "contributors_enabled": false, "id_str": "507758957", "status": {"in_reply_to_status_id": 931164135114625024, "text": "@RichardBSpencer And it definitely looks like you want to avoid burgers\n\nWhy are so many of the 'superior' race so\u2026 https://t.co/zymAGKzfVw", "in_reply_to_screen_name": "ItsOkayItsFine", "id_str": "931166121864105985", "contributors": null, "coordinates": null, "in_reply_to_user_id_str": "507758957", "possibly_sensitive": false, "retweet_count": 0, "truncated": true, "in_reply_to_user_id": 507758957, "in_reply_to_status_id_str": "931164135114625024", "is_quote_status": false, "id": 931166121864105985, "retweeted": false, "favorited": false, "source": "<a href=\"http://twitter.com\" rel=\"nofollow\">Twitter Web Client</a>", "place": null, "favorite_count": 7, "entities": {"symbols": [], "urls": [{"expanded_url": "https://twitter.com/i/web/status/931166121864105985", "url": "https://t.co/zymAGKzfVw", "display_url": "twitter.com/i/web/status/9\u2026", "indices": [116, 139]}], "hashtags": [], "user_mentions": [{"name": "Richard \ud83e\udd83 Spencer", "indices": [0, 16], "id": 402181258, "screen_name": "RichardBSpencer", "id_str": "402181258"}]}, "lang": "en", "geo": null, "created_at": "Thu Nov 16 14:24:38 +0000 2017"}, "listed_count": 3, "profile_background_image_url": "http://abs.twimg.com/images/themes/theme1/bg.png", "statuses_count": 2475, "default_profile": false, "profile_background_image_url_https": "https://abs.twimg.com/images/themes/theme1/bg.png", "geo_enabled": false, "following": false, "name": "Eat Pray Love Nap \ud83d\ude34", "friends_count": 204, "url": null, "protected": false, "profile_sidebar_fill_color": "000000", "entities": {"description": {"urls": []}}, "is_translator": false, "id": 507758957, "screen_name": "ItsOkayItsFine", "profile_banner_url": "https://pbs.twimg.com/profile_banners/507758957/1503400525", "profile_image_url": "http://pbs.twimg.com/profile_images/897081247159209984/IZvhPXqM_normal.jpg", "is_translation_enabled": false, "profile_image_url_https": "https://pbs.twimg.com/profile_images/897081247159209984/IZvhPXqM_normal.jpg", "verified": false, "translator_type": "none", "profile_use_background_image": false, "profile_background_color": "000000", "followers_count": 195, "favourites_count": 904, "utc_offset": -28800, "profile_text_color": "000000", "location": "Washington, DC", "lang": "en", "notifications": false, "profile_link_color": "3399CC", "time_zone": "Pacific Time (US & Canada)", "default_profile_image": false, "follow_request_sent": false, "created_at": "Tue Feb 28 18:47:55 +0000 2012"}
2017-11-16T19:00:05.665509	{"id": 507758957, "favourites_count": 904, "time_zone": "Pacific Time (US & Canada)", "description": "Lover of life and all the crazy nuances that this journey brings.  Trying to give at least as much as I take and to be good steward of things in my path.", "screen_name": "ItsOkayItsFine", "name": "Eat Pray Love Nap \ud83d\ude34", "status": {"id": 931166121864105985, "in_reply_to_user_id_str": "507758957", "favorited": false, "in_reply_to_user_id": 507758957, "truncated": true, "is_quote_status": false, "text": "@RichardBSpencer And it definitely looks like you want to avoid burgers\n\nWhy are so many of the 'superior' race so\u2026 https://t.co/zymAGKzfVw", "possibly_sensitive": false, "id_str": "931166121864105985", "retweet_count": 0, "source": "<a href=\"http://twitter.com\" rel=\"nofollow\">Twitter Web Client</a>", "entities": {"urls": [{"expanded_url": "https://twitter.com/i/web/status/931166121864105985", "indices": [116, 139], "display_url": "twitter.com/i/web/status/9\u2026", "url": "https://t.co/zymAGKzfVw"}], "symbols": [], "hashtags": [], "user_mentions": [{"id": 402181258, "indices": [0, 16], "id_str": "402181258", "screen_name": "RichardBSpencer", "name": "Richard \ud83e\udd83 Spencer"}]}, "retweeted": false, "in_reply_to_status_id_str": "931164135114625024", "place": null, "coordinates": null, "contributors": null, "lang": "en", "in_reply_to_screen_name": "ItsOkayItsFine", "in_reply_to_status_id": 931164135114625024, "favorite_count": 7, "geo": null, "created_at": "Thu Nov 16 14:24:38 +0000 2017"}, "listed_count": 3, "is_translation_enabled": false, "profile_background_tile": false, "profile_use_background_image": false, "profile_image_url_https": "https://pbs.twimg.com/profile_images/897081247159209984/IZvhPXqM_normal.jpg", "profile_image_url": "http://pbs.twimg.com/profile_images/897081247159209984/IZvhPXqM_normal.jpg", "profile_text_color": "000000", "verified": false, "default_profile": false, "profile_background_image_url": "http://abs.twimg.com/images/themes/theme1/bg.png", "id_str": "507758957", "profile_background_color": "000000", "statuses_count": 2475, "utc_offset": -28800, "geo_enabled": false, "location": "Washington, DC", "protected": false, "profile_banner_url": "https://pbs.twimg.com/profile_banners/507758957/1503400525", "notifications": false, "following": false, "profile_sidebar_border_color": "000000", "followers_count": 195, "profile_background_image_url_https": "https://abs.twimg.com/images/themes/theme1/bg.png", "lang": "en", "friends_count": 204, "follow_request_sent": false, "entities": {"description": {"urls": []}}, "profile_sidebar_fill_color": "000000", "profile_link_color": "3399CC", "is_translator": false, "has_extended_profile": false, "translator_type": "none", "url": null, "created_at": "Tue Feb 28 18:47:55 +0000 2012", "default_profile_image": false, "contributors_enabled": false}
2017-11-16T20:00:05.872194	{"profile_link_color": "3399CC", "name": "Eat Pray Love Nap \ud83d\ude34", "statuses_count": 2477, "id_str": "507758957", "profile_sidebar_fill_color": "000000", "is_translator": false, "translator_type": "none", "default_profile": false, "location": "Washington, DC", "notifications": false, "profile_sidebar_border_color": "000000", "protected": false, "profile_background_image_url": "http://abs.twimg.com/images/themes/theme1/bg.png", "followers_count": 195, "profile_use_background_image": false, "description": "Lover of life and all the crazy nuances that this journey brings.  Trying to give at least as much as I take and to be good steward of things in my path.", "screen_name": "ItsOkayItsFine", "profile_banner_url": "https://pbs.twimg.com/profile_banners/507758957/1503400525", "profile_image_url_https": "https://pbs.twimg.com/profile_images/897081247159209984/IZvhPXqM_normal.jpg", "follow_request_sent": false, "listed_count": 3, "created_at": "Tue Feb 28 18:47:55 +0000 2012", "favourites_count": 904, "following": false, "time_zone": "Pacific Time (US & Canada)", "id": 507758957, "profile_background_image_url_https": "https://abs.twimg.com/images/themes/theme1/bg.png", "lang": "en", "status": {"id_str": "931243052013948928", "in_reply_to_status_id": 931240915078995968, "is_quote_status": false, "geo": null, "in_reply_to_user_id": 326255267, "extended_entities": {"media": [{"display_url": "pic.twitter.com/8SmVLaIUDw", "sizes": {"thumb": {"resize": "crop", "w": 150, "h": 150}, "medium": {"resize": "fit", "w": 360, "h": 260}, "small": {"resize": "fit", "w": 360, "h": 260}, "large": {"resize": "fit", "w": 360, "h": 260}}, "id_str": "931243037979705346", "type": "animated_gif", "url": "https://t.co/8SmVLaIUDw", "expanded_url": "https://twitter.com/ItsOkayItsFine/status/931243052013948928/photo/1", "id": 931243037979705346, "media_url": "http://pbs.twimg.com/tweet_video_thumb/DOxwm-5WAAI2Uzm.jpg", "indices": [19, 42], "video_info": {"variants": [{"bitrate": 0, "content_type": "video/mp4", "url": "https://video.twimg.com/tweet_video/DOxwm-5WAAI2Uzm.mp4"}], "aspect_ratio": [18, 13]}, "media_url_https": "https://pbs.twimg.com/tweet_video_thumb/DOxwm-5WAAI2Uzm.jpg"}]}, "retweeted": false, "favorite_count": 0, "in_reply_to_screen_name": "KFILE", "truncated": false, "created_at": "Thu Nov 16 19:30:19 +0000 2017", "id": 931243052013948928, "source": "<a href=\"http://twitter.com\" rel=\"nofollow\">Twitter Web Client</a>", "lang": "en", "retweet_count": 0, "favorited": false, "place": null, "in_reply_to_status_id_str": "931240915078995968", "contributors": null, "in_reply_to_user_id_str": "326255267", "possibly_sensitive": false, "coordinates": null, "text": "@KFILE Just sayin' https://t.co/8SmVLaIUDw", "entities": {"user_mentions": [{"id": 326255267, "name": "andrew kaczynski\ud83e\udd14", "indices": [0, 6], "id_str": "326255267", "screen_name": "KFILE"}], "media": [{"display_url": "pic.twitter.com/8SmVLaIUDw", "sizes": {"thumb": {"resize": "crop", "w": 150, "h": 150}, "medium": {"resize": "fit", "w": 360, "h": 260}, "small": {"resize": "fit", "w": 360, "h": 260}, "large": {"resize": "fit", "w": 360, "h": 260}}, "id_str": "931243037979705346", "type": "photo", "url": "https://t.co/8SmVLaIUDw", "expanded_url": "https://twitter.com/ItsOkayItsFine/status/931243052013948928/photo/1", "id": 931243037979705346, "media_url": "http://pbs.twimg.com/tweet_video_thumb/DOxwm-5WAAI2Uzm.jpg", "indices": [19, 42], "media_url_https": "https://pbs.twimg.com/tweet_video_thumb/DOxwm-5WAAI2Uzm.jpg"}], "symbols": [], "hashtags": [], "urls": []}}, "is_translation_enabled": false, "profile_text_color": "000000", "geo_enabled": false, "has_extended_profile": false, "default_profile_image": false, "profile_background_color": "000000", "friends_count": 204, "url": null, "profile_image_url": "http://pbs.twimg.com/profile_images/897081247159209984/IZvhPXqM_normal.jpg", "contributors_enabled": false, "entities": {"description": {"urls": []}}, "utc_offset": -28800, "verified": false, "profile_background_tile": false}
