2017-10-23T19:00:03.667738	{"profile_background_tile": false, "id": 68325967, "profile_background_image_url": "http://abs.twimg.com/images/themes/theme1/bg.png", "default_profile_image": false, "follow_request_sent": false, "lang": "en", "is_translation_enabled": false, "profile_use_background_image": true, "statuses_count": 29061, "is_translator": false, "notifications": false, "contributors_enabled": false, "favourites_count": 5215, "profile_text_color": "333333", "translator_type": "none", "screen_name": "agilemeister", "profile_image_url": "http://pbs.twimg.com/profile_images/1170469190/twitter44_normal.jpg", "profile_background_color": "C0DEED", "name": "Angeline Tan", "created_at": "Mon Aug 24 04:24:27 +0000 2009", "status": {"id": 922528668236136450, "lang": "en", "place": null, "favorited": false, "retweeted": false, "contributors": null, "truncated": true, "in_reply_to_user_id": 37529641, "created_at": "Mon Oct 23 18:22:28 +0000 2017", "in_reply_to_screen_name": "ksenijapavlovic", "source": "<a href=\"http://twitter.com/download/android\" rel=\"nofollow\">Twitter for Android</a>", "id_str": "922528668236136450", "in_reply_to_user_id_str": "37529641", "favorite_count": 0, "entities": {"symbols": [], "urls": [{"display_url": "twitter.com/i/web/status/9\u2026", "expanded_url": "https://twitter.com/i/web/status/922528668236136450", "indices": [117, 140], "url": "https://t.co/9L3yMM1z64"}], "user_mentions": [{"indices": [0, 16], "screen_name": "ksenijapavlovic", "id": 37529641, "name": "Ksenija Pavlovic", "id_str": "37529641"}], "hashtags": []}, "text": "@ksenijapavlovic It should be Prime Minister Lee and Singapore is the correct spelling, not singapour.  Sloppy repo\u2026 https://t.co/9L3yMM1z64", "geo": null, "coordinates": null, "in_reply_to_status_id": 922520255980802048, "retweet_count": 0, "is_quote_status": false, "in_reply_to_status_id_str": "922520255980802048"}, "protected": false, "id_str": "68325967", "following": false, "profile_sidebar_fill_color": "DDEEF6", "profile_sidebar_border_color": "C0DEED", "friends_count": 984, "profile_link_color": "1DA1F2", "followers_count": 1420, "listed_count": 243, "geo_enabled": true, "profile_background_image_url_https": "https://abs.twimg.com/images/themes/theme1/bg.png", "entities": {"description": {"urls": []}}, "verified": false, "description": "Badass agile practitioner & instigator, Delicate flower w/ a big mouth. Tweets & opinions are mine & mine only.  @Addicaid early funder.", "url": null, "location": "San Francisco/Singapore", "time_zone": "Pacific Time (US & Canada)", "default_profile": true, "has_extended_profile": false, "utc_offset": -25200, "profile_image_url_https": "https://pbs.twimg.com/profile_images/1170469190/twitter44_normal.jpg"}
2017-10-23T20:00:03.845557	{"id_str": "68325967", "profile_image_url": "http://pbs.twimg.com/profile_images/1170469190/twitter44_normal.jpg", "is_translation_enabled": false, "favourites_count": 5215, "protected": false, "default_profile": true, "verified": false, "is_translator": false, "profile_text_color": "333333", "lang": "en", "profile_background_image_url_https": "https://abs.twimg.com/images/themes/theme1/bg.png", "geo_enabled": true, "time_zone": "Pacific Time (US & Canada)", "profile_sidebar_border_color": "C0DEED", "contributors_enabled": false, "location": "San Francisco/Singapore", "listed_count": 245, "follow_request_sent": false, "friends_count": 984, "profile_background_image_url": "http://abs.twimg.com/images/themes/theme1/bg.png", "notifications": false, "name": "Angeline Tan", "default_profile_image": false, "status": {"in_reply_to_status_id_str": "922520255980802048", "id_str": "922528668236136450", "in_reply_to_user_id_str": "37529641", "geo": null, "in_reply_to_user_id": 37529641, "retweeted": false, "in_reply_to_screen_name": "ksenijapavlovic", "coordinates": null, "lang": "en", "is_quote_status": false, "favorite_count": 0, "favorited": false, "in_reply_to_status_id": 922520255980802048, "contributors": null, "source": "<a href=\"http://twitter.com/download/android\" rel=\"nofollow\">Twitter for Android</a>", "text": "@ksenijapavlovic It should be Prime Minister Lee and Singapore is the correct spelling, not singapour.  Sloppy repo\u2026 https://t.co/9L3yMM1z64", "created_at": "Mon Oct 23 18:22:28 +0000 2017", "entities": {"urls": [{"display_url": "twitter.com/i/web/status/9\u2026", "indices": [117, 140], "url": "https://t.co/9L3yMM1z64", "expanded_url": "https://twitter.com/i/web/status/922528668236136450"}], "user_mentions": [{"indices": [0, 16], "screen_name": "ksenijapavlovic", "id_str": "37529641", "name": "Ksenija Pavlovic", "id": 37529641}], "symbols": [], "hashtags": []}, "place": null, "truncated": true, "retweet_count": 0, "id": 922528668236136450}, "profile_image_url_https": "https://pbs.twimg.com/profile_images/1170469190/twitter44_normal.jpg", "description": "Badass agile practitioner & instigator, Delicate flower w/ a big mouth. Tweets & opinions are mine & mine only.  @Addicaid early funder.", "has_extended_profile": false, "profile_link_color": "1DA1F2", "url": null, "profile_background_tile": false, "followers_count": 1420, "profile_background_color": "C0DEED", "created_at": "Mon Aug 24 04:24:27 +0000 2009", "profile_sidebar_fill_color": "DDEEF6", "utc_offset": -25200, "following": false, "translator_type": "none", "screen_name": "agilemeister", "entities": {"description": {"urls": []}}, "profile_use_background_image": true, "id": 68325967, "statuses_count": 29061}
2017-10-23T21:00:04.129935	{"translator_type": "none", "default_profile": true, "profile_image_url": "http://pbs.twimg.com/profile_images/1170469190/twitter44_normal.jpg", "profile_sidebar_border_color": "C0DEED", "listed_count": 243, "profile_image_url_https": "https://pbs.twimg.com/profile_images/1170469190/twitter44_normal.jpg", "profile_background_color": "C0DEED", "entities": {"description": {"urls": []}}, "created_at": "Mon Aug 24 04:24:27 +0000 2009", "friends_count": 984, "profile_background_tile": false, "utc_offset": -25200, "protected": false, "location": "San Francisco/Singapore", "has_extended_profile": false, "profile_link_color": "1DA1F2", "is_translation_enabled": false, "profile_background_image_url": "http://abs.twimg.com/images/themes/theme1/bg.png", "id_str": "68325967", "time_zone": "Pacific Time (US & Canada)", "screen_name": "agilemeister", "verified": false, "profile_sidebar_fill_color": "DDEEF6", "default_profile_image": false, "notifications": false, "contributors_enabled": false, "profile_use_background_image": true, "description": "Badass agile practitioner & instigator, Delicate flower w/ a big mouth. Tweets & opinions are mine & mine only.  @Addicaid early funder.", "name": "Angeline Tan", "favourites_count": 5218, "url": null, "following": false, "profile_background_image_url_https": "https://abs.twimg.com/images/themes/theme1/bg.png", "geo_enabled": true, "id": 68325967, "followers_count": 1420, "status": {"truncated": false, "in_reply_to_status_id": null, "in_reply_to_status_id_str": null, "retweeted": false, "created_at": "Mon Oct 23 20:44:29 +0000 2017", "in_reply_to_user_id_str": null, "in_reply_to_screen_name": null, "coordinates": null, "contributors": null, "geo": null, "id_str": "922564404259860481", "text": "RT @SPACEdotcom: A New Theory Explains Why the Universe Is Three Dimensional https://t.co/ZBIuHS7YsK https://t.co/VXI53MLRgV", "extended_entities": {"media": [{"source_user_id": 15431856, "display_url": "pic.twitter.com/VXI53MLRgV", "media_url": "http://pbs.twimg.com/media/DM2V3PyU8AEGN0R.jpg", "expanded_url": "https://twitter.com/SPACEdotcom/status/922558278214868992/photo/1", "sizes": {"medium": {"w": 1200, "resize": "fit", "h": 630}, "small": {"w": 680, "resize": "fit", "h": 357}, "thumb": {"w": 150, "resize": "crop", "h": 150}, "large": {"w": 1200, "resize": "fit", "h": 630}}, "source_status_id_str": "922558278214868992", "source_status_id": 922558278214868992, "source_user_id_str": "15431856", "indices": [101, 124], "media_url_https": "https://pbs.twimg.com/media/DM2V3PyU8AEGN0R.jpg", "url": "https://t.co/VXI53MLRgV", "id_str": "922558275043782657", "type": "photo", "id": 922558275043782657}]}, "favorited": false, "is_quote_status": false, "retweet_count": 21, "source": "<a href=\"http://twitter.com/download/android\" rel=\"nofollow\">Twitter for Android</a>", "in_reply_to_user_id": null, "possibly_sensitive": false, "place": null, "lang": "en", "entities": {"hashtags": [], "user_mentions": [{"id_str": "15431856", "indices": [3, 15], "id": 15431856, "name": "SPACE.com", "screen_name": "SPACEdotcom"}], "symbols": [], "media": [{"source_user_id": 15431856, "display_url": "pic.twitter.com/VXI53MLRgV", "media_url": "http://pbs.twimg.com/media/DM2V3PyU8AEGN0R.jpg", "expanded_url": "https://twitter.com/SPACEdotcom/status/922558278214868992/photo/1", "sizes": {"medium": {"w": 1200, "resize": "fit", "h": 630}, "small": {"w": 680, "resize": "fit", "h": 357}, "thumb": {"w": 150, "resize": "crop", "h": 150}, "large": {"w": 1200, "resize": "fit", "h": 630}}, "source_status_id_str": "922558278214868992", "source_status_id": 922558278214868992, "source_user_id_str": "15431856", "indices": [101, 124], "media_url_https": "https://pbs.twimg.com/media/DM2V3PyU8AEGN0R.jpg", "url": "https://t.co/VXI53MLRgV", "id_str": "922558275043782657", "type": "photo", "id": 922558275043782657}], "urls": [{"display_url": "goo.gl/3FEJDM", "indices": [77, 100], "expanded_url": "https://goo.gl/3FEJDM", "url": "https://t.co/ZBIuHS7YsK"}]}, "id": 922564404259860481, "retweeted_status": {"truncated": false, "in_reply_to_status_id": null, "in_reply_to_status_id_str": null, "retweeted": false, "created_at": "Mon Oct 23 20:20:08 +0000 2017", "in_reply_to_user_id_str": null, "coordinates": null, "contributors": null, "geo": null, "id_str": "922558278214868992", "text": "A New Theory Explains Why the Universe Is Three Dimensional https://t.co/ZBIuHS7YsK https://t.co/VXI53MLRgV", "extended_entities": {"media": [{"sizes": {"medium": {"w": 1200, "resize": "fit", "h": 630}, "small": {"w": 680, "resize": "fit", "h": 357}, "thumb": {"w": 150, "resize": "crop", "h": 150}, "large": {"w": 1200, "resize": "fit", "h": 630}}, "indices": [84, 107], "expanded_url": "https://twitter.com/SPACEdotcom/status/922558278214868992/photo/1", "media_url_https": "https://pbs.twimg.com/media/DM2V3PyU8AEGN0R.jpg", "url": "https://t.co/VXI53MLRgV", "display_url": "pic.twitter.com/VXI53MLRgV", "media_url": "http://pbs.twimg.com/media/DM2V3PyU8AEGN0R.jpg", "id_str": "922558275043782657", "type": "photo", "id": 922558275043782657}]}, "favorited": false, "is_quote_status": false, "retweet_count": 21, "source": "<a href=\"https://dlvrit.com/\" rel=\"nofollow\">dlvr.it</a>", "in_reply_to_user_id": null, "possibly_sensitive": false, "place": null, "lang": "en", "entities": {"hashtags": [], "user_mentions": [], "symbols": [], "media": [{"sizes": {"medium": {"w": 1200, "resize": "fit", "h": 630}, "small": {"w": 680, "resize": "fit", "h": 357}, "thumb": {"w": 150, "resize": "crop", "h": 150}, "large": {"w": 1200, "resize": "fit", "h": 630}}, "indices": [84, 107], "expanded_url": "https://twitter.com/SPACEdotcom/status/922558278214868992/photo/1", "media_url_https": "https://pbs.twimg.com/media/DM2V3PyU8AEGN0R.jpg", "url": "https://t.co/VXI53MLRgV", "display_url": "pic.twitter.com/VXI53MLRgV", "media_url": "http://pbs.twimg.com/media/DM2V3PyU8AEGN0R.jpg", "id_str": "922558275043782657", "type": "photo", "id": 922558275043782657}], "urls": [{"display_url": "goo.gl/3FEJDM", "indices": [60, 83], "expanded_url": "https://goo.gl/3FEJDM", "url": "https://t.co/ZBIuHS7YsK"}]}, "id": 922558278214868992, "in_reply_to_screen_name": null, "favorite_count": 48}, "favorite_count": 0}, "statuses_count": 29066, "profile_text_color": "333333", "lang": "en", "is_translator": false, "follow_request_sent": false}
2017-10-23T22:00:03.429822	{"id_str": "68325967", "profile_sidebar_fill_color": "DDEEF6", "name": "Angeline Tan", "default_profile_image": false, "profile_link_color": "1DA1F2", "protected": false, "time_zone": "Pacific Time (US & Canada)", "profile_sidebar_border_color": "C0DEED", "is_translation_enabled": false, "following": false, "entities": {"description": {"urls": []}}, "profile_image_url": "http://pbs.twimg.com/profile_images/1170469190/twitter44_normal.jpg", "followers_count": 1421, "profile_background_image_url": "http://abs.twimg.com/images/themes/theme1/bg.png", "verified": false, "default_profile": true, "translator_type": "none", "geo_enabled": true, "notifications": false, "profile_background_image_url_https": "https://abs.twimg.com/images/themes/theme1/bg.png", "lang": "en", "location": "San Francisco/Singapore", "created_at": "Mon Aug 24 04:24:27 +0000 2009", "url": null, "listed_count": 243, "id": 68325967, "screen_name": "agilemeister", "profile_text_color": "333333", "statuses_count": 29066, "status": {"id_str": "922564404259860481", "truncated": false, "in_reply_to_screen_name": null, "contributors": null, "in_reply_to_status_id_str": null, "geo": null, "entities": {"hashtags": [], "media": [{"url": "https://t.co/VXI53MLRgV", "source_status_id_str": "922558278214868992", "id": 922558275043782657, "type": "photo", "media_url": "http://pbs.twimg.com/media/DM2V3PyU8AEGN0R.jpg", "source_user_id_str": "15431856", "media_url_https": "https://pbs.twimg.com/media/DM2V3PyU8AEGN0R.jpg", "source_user_id": 15431856, "indices": [101, 124], "expanded_url": "https://twitter.com/SPACEdotcom/status/922558278214868992/photo/1", "id_str": "922558275043782657", "source_status_id": 922558278214868992, "display_url": "pic.twitter.com/VXI53MLRgV", "sizes": {"large": {"resize": "fit", "w": 1200, "h": 630}, "thumb": {"resize": "crop", "w": 150, "h": 150}, "medium": {"resize": "fit", "w": 1200, "h": 630}, "small": {"resize": "fit", "w": 680, "h": 357}}}], "user_mentions": [{"id_str": "15431856", "name": "SPACE.com", "id": 15431856, "screen_name": "SPACEdotcom", "indices": [3, 15]}], "symbols": [], "urls": [{"url": "https://t.co/ZBIuHS7YsK", "expanded_url": "https://goo.gl/3FEJDM", "display_url": "goo.gl/3FEJDM", "indices": [77, 100]}]}, "source": "<a href=\"http://twitter.com/download/android\" rel=\"nofollow\">Twitter for Android</a>", "in_reply_to_user_id": null, "in_reply_to_status_id": null, "is_quote_status": false, "place": null, "text": "RT @SPACEdotcom: A New Theory Explains Why the Universe Is Three Dimensional https://t.co/ZBIuHS7YsK https://t.co/VXI53MLRgV", "lang": "en", "created_at": "Mon Oct 23 20:44:29 +0000 2017", "retweeted": false, "id": 922564404259860481, "retweet_count": 30, "retweeted_status": {"id_str": "922558278214868992", "truncated": false, "in_reply_to_screen_name": null, "contributors": null, "in_reply_to_status_id_str": null, "geo": null, "entities": {"hashtags": [], "media": [{"url": "https://t.co/VXI53MLRgV", "media_url": "http://pbs.twimg.com/media/DM2V3PyU8AEGN0R.jpg", "expanded_url": "https://twitter.com/SPACEdotcom/status/922558278214868992/photo/1", "type": "photo", "id": 922558275043782657, "id_str": "922558275043782657", "sizes": {"large": {"resize": "fit", "w": 1200, "h": 630}, "thumb": {"resize": "crop", "w": 150, "h": 150}, "medium": {"resize": "fit", "w": 1200, "h": 630}, "small": {"resize": "fit", "w": 680, "h": 357}}, "display_url": "pic.twitter.com/VXI53MLRgV", "indices": [84, 107], "media_url_https": "https://pbs.twimg.com/media/DM2V3PyU8AEGN0R.jpg"}], "user_mentions": [], "symbols": [], "urls": [{"url": "https://t.co/ZBIuHS7YsK", "expanded_url": "https://goo.gl/3FEJDM", "display_url": "goo.gl/3FEJDM", "indices": [60, 83]}]}, "source": "<a href=\"https://dlvrit.com/\" rel=\"nofollow\">dlvr.it</a>", "in_reply_to_user_id": null, "in_reply_to_status_id": null, "is_quote_status": false, "place": null, "text": "A New Theory Explains Why the Universe Is Three Dimensional https://t.co/ZBIuHS7YsK https://t.co/VXI53MLRgV", "lang": "en", "created_at": "Mon Oct 23 20:20:08 +0000 2017", "retweeted": false, "id": 922558278214868992, "retweet_count": 30, "favorite_count": 75, "in_reply_to_user_id_str": null, "coordinates": null, "possibly_sensitive": false, "extended_entities": {"media": [{"url": "https://t.co/VXI53MLRgV", "media_url": "http://pbs.twimg.com/media/DM2V3PyU8AEGN0R.jpg", "expanded_url": "https://twitter.com/SPACEdotcom/status/922558278214868992/photo/1", "type": "photo", "id": 922558275043782657, "id_str": "922558275043782657", "sizes": {"large": {"resize": "fit", "w": 1200, "h": 630}, "thumb": {"resize": "crop", "w": 150, "h": 150}, "medium": {"resize": "fit", "w": 1200, "h": 630}, "small": {"resize": "fit", "w": 680, "h": 357}}, "display_url": "pic.twitter.com/VXI53MLRgV", "indices": [84, 107], "media_url_https": "https://pbs.twimg.com/media/DM2V3PyU8AEGN0R.jpg"}]}, "favorited": false}, "favorite_count": 0, "in_reply_to_user_id_str": null, "coordinates": null, "possibly_sensitive": false, "extended_entities": {"media": [{"url": "https://t.co/VXI53MLRgV", "source_status_id_str": "922558278214868992", "id": 922558275043782657, "type": "photo", "media_url": "http://pbs.twimg.com/media/DM2V3PyU8AEGN0R.jpg", "source_user_id_str": "15431856", "media_url_https": "https://pbs.twimg.com/media/DM2V3PyU8AEGN0R.jpg", "source_user_id": 15431856, "indices": [101, 124], "expanded_url": "https://twitter.com/SPACEdotcom/status/922558278214868992/photo/1", "id_str": "922558275043782657", "source_status_id": 922558278214868992, "display_url": "pic.twitter.com/VXI53MLRgV", "sizes": {"large": {"resize": "fit", "w": 1200, "h": 630}, "thumb": {"resize": "crop", "w": 150, "h": 150}, "medium": {"resize": "fit", "w": 1200, "h": 630}, "small": {"resize": "fit", "w": 680, "h": 357}}}]}, "favorited": false}, "utc_offset": -25200, "is_translator": false, "friends_count": 984, "profile_image_url_https": "https://pbs.twimg.com/profile_images/1170469190/twitter44_normal.jpg", "has_extended_profile": false, "profile_background_color": "C0DEED", "contributors_enabled": false, "favourites_count": 5218, "profile_background_tile": false, "profile_use_background_image": true, "description": "Badass agile practitioner & instigator, Delicate flower w/ a big mouth. Tweets & opinions are mine & mine only.  @Addicaid early funder.", "follow_request_sent": false}
2017-10-23T23:00:04.184653	{"favourites_count": 5219, "created_at": "Mon Aug 24 04:24:27 +0000 2009", "is_translator": false, "profile_text_color": "333333", "profile_sidebar_border_color": "C0DEED", "following": false, "has_extended_profile": false, "default_profile": true, "follow_request_sent": false, "statuses_count": 29067, "profile_use_background_image": true, "verified": false, "utc_offset": -25200, "is_translation_enabled": false, "screen_name": "agilemeister", "profile_image_url": "http://pbs.twimg.com/profile_images/1170469190/twitter44_normal.jpg", "url": null, "status": {"created_at": "Mon Oct 23 22:18:51 +0000 2017", "retweeted": false, "favorited": false, "coordinates": null, "in_reply_to_user_id": null, "in_reply_to_screen_name": null, "contributors": null, "source": "<a href=\"http://twitter.com/download/android\" rel=\"nofollow\">Twitter for Android</a>", "in_reply_to_status_id": null, "favorite_count": 0, "text": "RT @JCTheResistance: THIS is a clear and present danger to free democracy. \n\nIf this happens sinclair would control medias narrative. \n\nhtt\u2026", "geo": null, "truncated": false, "in_reply_to_status_id_str": null, "retweeted_status": {"created_at": "Mon Oct 23 21:56:47 +0000 2017", "favorited": false, "coordinates": null, "in_reply_to_user_id": null, "retweeted": false, "contributors": null, "source": "<a href=\"http://twitter.com/download/android\" rel=\"nofollow\">Twitter for Android</a>", "entities": {"hashtags": [], "symbols": [], "urls": [{"display_url": "twitter.com/i/moments/9225\u2026", "indices": [115, 138], "expanded_url": "https://twitter.com/i/moments/922573122712190976", "url": "https://t.co/wemmVOigh8"}], "user_mentions": []}, "in_reply_to_status_id": null, "favorite_count": 42, "text": "THIS is a clear and present danger to free democracy. \n\nIf this happens sinclair would control medias narrative. \n\nhttps://t.co/wemmVOigh8", "geo": null, "truncated": false, "in_reply_to_status_id_str": null, "possibly_sensitive": false, "in_reply_to_user_id_str": null, "id": 922582601998639104, "retweet_count": 64, "place": null, "in_reply_to_screen_name": null, "is_quote_status": false, "lang": "en", "id_str": "922582601998639104"}, "in_reply_to_user_id_str": null, "id": 922588156116869120, "retweet_count": 64, "place": null, "entities": {"hashtags": [], "symbols": [], "urls": [], "user_mentions": [{"indices": [3, 19], "id": 540543234, "id_str": "540543234", "screen_name": "JCTheResistance", "name": "Jamie Carter #Resist"}]}, "is_quote_status": false, "lang": "en", "id_str": "922588156116869120"}, "friends_count": 984, "profile_background_image_url_https": "https://abs.twimg.com/images/themes/theme1/bg.png", "profile_image_url_https": "https://pbs.twimg.com/profile_images/1170469190/twitter44_normal.jpg", "contributors_enabled": false, "geo_enabled": true, "profile_sidebar_fill_color": "DDEEF6", "profile_link_color": "1DA1F2", "followers_count": 1421, "translator_type": "none", "id": 68325967, "location": "San Francisco/Singapore", "time_zone": "Pacific Time (US & Canada)", "notifications": false, "default_profile_image": false, "profile_background_color": "C0DEED", "profile_background_tile": false, "description": "Badass agile practitioner & instigator, Delicate flower w/ a big mouth. Tweets & opinions are mine & mine only.  @Addicaid early funder.", "name": "Angeline Tan", "entities": {"description": {"urls": []}}, "profile_background_image_url": "http://abs.twimg.com/images/themes/theme1/bg.png", "lang": "en", "listed_count": 243, "protected": false, "id_str": "68325967"}
2017-10-24T00:00:03.609904	{"default_profile_image": false, "profile_use_background_image": true, "has_extended_profile": false, "screen_name": "agilemeister", "contributors_enabled": false, "translator_type": "none", "notifications": false, "default_profile": true, "location": "San Francisco/Singapore", "profile_sidebar_fill_color": "DDEEF6", "listed_count": 243, "favourites_count": 5219, "profile_image_url": "http://pbs.twimg.com/profile_images/1170469190/twitter44_normal.jpg", "friends_count": 984, "verified": false, "statuses_count": 29067, "profile_link_color": "1DA1F2", "url": null, "is_translator": false, "created_at": "Mon Aug 24 04:24:27 +0000 2009", "profile_background_color": "C0DEED", "profile_image_url_https": "https://pbs.twimg.com/profile_images/1170469190/twitter44_normal.jpg", "id": 68325967, "utc_offset": -25200, "is_translation_enabled": false, "time_zone": "Pacific Time (US & Canada)", "profile_text_color": "333333", "profile_background_image_url_https": "https://abs.twimg.com/images/themes/theme1/bg.png", "profile_background_image_url": "http://abs.twimg.com/images/themes/theme1/bg.png", "profile_sidebar_border_color": "C0DEED", "protected": false, "entities": {"description": {"urls": []}}, "following": false, "status": {"in_reply_to_user_id": null, "contributors": null, "source": "<a href=\"http://twitter.com/download/android\" rel=\"nofollow\">Twitter for Android</a>", "place": null, "truncated": false, "is_quote_status": false, "in_reply_to_status_id": null, "favorited": false, "retweet_count": 77, "coordinates": null, "created_at": "Mon Oct 23 22:18:51 +0000 2017", "id": 922588156116869120, "text": "RT @JCTheResistance: THIS is a clear and present danger to free democracy. \n\nIf this happens sinclair would control medias narrative. \n\nhtt\u2026", "in_reply_to_user_id_str": null, "in_reply_to_status_id_str": null, "favorite_count": 0, "retweeted_status": {"in_reply_to_user_id": null, "contributors": null, "source": "<a href=\"http://twitter.com/download/android\" rel=\"nofollow\">Twitter for Android</a>", "place": null, "truncated": false, "is_quote_status": false, "in_reply_to_status_id": null, "lang": "en", "favorited": false, "retweet_count": 77, "retweeted": false, "created_at": "Mon Oct 23 21:56:47 +0000 2017", "id": 922582601998639104, "text": "THIS is a clear and present danger to free democracy. \n\nIf this happens sinclair would control medias narrative. \n\nhttps://t.co/wemmVOigh8", "in_reply_to_user_id_str": null, "in_reply_to_status_id_str": null, "favorite_count": 48, "entities": {"symbols": [], "hashtags": [], "urls": [{"display_url": "twitter.com/i/moments/9225\u2026", "expanded_url": "https://twitter.com/i/moments/922573122712190976", "indices": [115, 138], "url": "https://t.co/wemmVOigh8"}], "user_mentions": []}, "in_reply_to_screen_name": null, "possibly_sensitive": false, "id_str": "922582601998639104", "coordinates": null, "geo": null}, "entities": {"symbols": [], "hashtags": [], "urls": [], "user_mentions": [{"id_str": "540543234", "id": 540543234, "screen_name": "JCTheResistance", "name": "Jamie Carter #Resist", "indices": [3, 19]}]}, "in_reply_to_screen_name": null, "lang": "en", "id_str": "922588156116869120", "retweeted": false, "geo": null}, "followers_count": 1422, "follow_request_sent": false, "lang": "en", "id_str": "68325967", "profile_background_tile": false, "description": "Badass agile practitioner & instigator, Delicate flower w/ a big mouth. Tweets & opinions are mine & mine only.  @Addicaid early funder.", "name": "Angeline Tan", "geo_enabled": true}
2017-10-24T01:00:03.952608	{"translator_type": "none", "screen_name": "agilemeister", "profile_image_url_https": "https://pbs.twimg.com/profile_images/1170469190/twitter44_normal.jpg", "default_profile_image": false, "is_translator": false, "profile_image_url": "http://pbs.twimg.com/profile_images/1170469190/twitter44_normal.jpg", "name": "Angeline Tan", "verified": false, "is_translation_enabled": false, "contributors_enabled": false, "profile_use_background_image": true, "profile_text_color": "333333", "profile_sidebar_border_color": "C0DEED", "utc_offset": -25200, "id_str": "68325967", "has_extended_profile": false, "profile_background_tile": false, "listed_count": 243, "profile_sidebar_fill_color": "DDEEF6", "profile_background_image_url_https": "https://abs.twimg.com/images/themes/theme1/bg.png", "favourites_count": 5219, "geo_enabled": true, "time_zone": "Pacific Time (US & Canada)", "profile_background_image_url": "http://abs.twimg.com/images/themes/theme1/bg.png", "following": false, "entities": {"description": {"urls": []}}, "protected": false, "friends_count": 984, "location": "San Francisco/Singapore", "url": null, "follow_request_sent": false, "default_profile": true, "profile_link_color": "1DA1F2", "notifications": false, "description": "Badass agile practitioner & instigator, Delicate flower w/ a big mouth. Tweets & opinions are mine & mine only.  @Addicaid early funder.", "followers_count": 1422, "lang": "en", "created_at": "Mon Aug 24 04:24:27 +0000 2009", "id": 68325967, "statuses_count": 29067, "status": {"lang": "en", "in_reply_to_status_id": null, "in_reply_to_screen_name": null, "in_reply_to_user_id_str": null, "coordinates": null, "id_str": "922588156116869120", "retweeted_status": {"lang": "en", "in_reply_to_status_id": null, "in_reply_to_screen_name": null, "in_reply_to_user_id_str": null, "coordinates": null, "id_str": "922582601998639104", "place": null, "truncated": false, "favorite_count": 54, "in_reply_to_status_id_str": null, "retweet_count": 87, "is_quote_status": false, "entities": {"hashtags": [], "symbols": [], "urls": [{"url": "https://t.co/wemmVOigh8", "display_url": "twitter.com/i/moments/9225\u2026", "indices": [115, 138], "expanded_url": "https://twitter.com/i/moments/922573122712190976"}], "user_mentions": []}, "text": "THIS is a clear and present danger to free democracy. \n\nIf this happens sinclair would control medias narrative. \n\nhttps://t.co/wemmVOigh8", "in_reply_to_user_id": null, "retweeted": false, "favorited": false, "possibly_sensitive": false, "contributors": null, "source": "<a href=\"http://twitter.com/download/android\" rel=\"nofollow\">Twitter for Android</a>", "geo": null, "created_at": "Mon Oct 23 21:56:47 +0000 2017", "id": 922582601998639104}, "place": null, "truncated": false, "favorite_count": 0, "in_reply_to_status_id_str": null, "retweet_count": 87, "is_quote_status": false, "entities": {"hashtags": [], "symbols": [], "urls": [], "user_mentions": [{"id_str": "540543234", "id": 540543234, "indices": [3, 19], "screen_name": "JCTheResistance", "name": "Jamie Carter #Resist"}]}, "text": "RT @JCTheResistance: THIS is a clear and present danger to free democracy. \n\nIf this happens sinclair would control medias narrative. \n\nhtt\u2026", "in_reply_to_user_id": null, "retweeted": false, "favorited": false, "contributors": null, "source": "<a href=\"http://twitter.com/download/android\" rel=\"nofollow\">Twitter for Android</a>", "geo": null, "created_at": "Mon Oct 23 22:18:51 +0000 2017", "id": 922588156116869120}, "profile_background_color": "C0DEED"}
2017-10-24T02:00:03.444818	{"profile_image_url": "http://pbs.twimg.com/profile_images/1170469190/twitter44_normal.jpg", "profile_text_color": "333333", "followers_count": 1422, "translator_type": "none", "name": "Angeline Tan", "entities": {"description": {"urls": []}}, "notifications": false, "id": 68325967, "id_str": "68325967", "description": "Badass agile practitioner & instigator, Delicate flower w/ a big mouth. Tweets & opinions are mine & mine only.  @Addicaid early funder.", "verified": false, "has_extended_profile": false, "lang": "en", "profile_use_background_image": true, "profile_background_tile": false, "is_translation_enabled": false, "favourites_count": 5219, "profile_background_color": "C0DEED", "default_profile_image": false, "default_profile": true, "profile_background_image_url": "http://abs.twimg.com/images/themes/theme1/bg.png", "created_at": "Mon Aug 24 04:24:27 +0000 2009", "is_translator": false, "follow_request_sent": false, "time_zone": "Pacific Time (US & Canada)", "profile_sidebar_border_color": "C0DEED", "screen_name": "agilemeister", "following": false, "listed_count": 243, "url": null, "geo_enabled": true, "contributors_enabled": false, "location": "San Francisco/Singapore", "status": {"coordinates": null, "source": "<a href=\"http://twitter.com/download/android\" rel=\"nofollow\">Twitter for Android</a>", "favorited": false, "in_reply_to_screen_name": null, "entities": {"hashtags": [], "symbols": [], "user_mentions": [{"name": "Jamie Carter #Resist", "indices": [3, 19], "id": 540543234, "id_str": "540543234", "screen_name": "JCTheResistance"}], "urls": []}, "retweet_count": 105, "id": 922588156116869120, "id_str": "922588156116869120", "lang": "en", "retweeted_status": {"coordinates": null, "source": "<a href=\"http://twitter.com/download/android\" rel=\"nofollow\">Twitter for Android</a>", "favorited": false, "in_reply_to_screen_name": null, "entities": {"hashtags": [], "symbols": [], "user_mentions": [], "urls": [{"indices": [115, 138], "display_url": "twitter.com/i/moments/9225\u2026", "expanded_url": "https://twitter.com/i/moments/922573122712190976", "url": "https://t.co/wemmVOigh8"}]}, "retweeted": false, "id": 922582601998639104, "id_str": "922582601998639104", "lang": "en", "in_reply_to_user_id_str": null, "text": "THIS is a clear and present danger to free democracy. \n\nIf this happens sinclair would control medias narrative. \n\nhttps://t.co/wemmVOigh8", "is_quote_status": false, "created_at": "Mon Oct 23 21:56:47 +0000 2017", "favorite_count": 67, "truncated": false, "in_reply_to_user_id": null, "in_reply_to_status_id_str": null, "in_reply_to_status_id": null, "place": null, "geo": null, "contributors": null, "retweet_count": 105, "possibly_sensitive": false}, "in_reply_to_user_id_str": null, "text": "RT @JCTheResistance: THIS is a clear and present danger to free democracy. \n\nIf this happens sinclair would control medias narrative. \n\nhtt\u2026", "is_quote_status": false, "created_at": "Mon Oct 23 22:18:51 +0000 2017", "favorite_count": 0, "truncated": false, "in_reply_to_user_id": null, "in_reply_to_status_id_str": null, "in_reply_to_status_id": null, "place": null, "geo": null, "contributors": null, "retweeted": false}, "profile_link_color": "1DA1F2", "profile_sidebar_fill_color": "DDEEF6", "statuses_count": 29067, "friends_count": 984, "profile_background_image_url_https": "https://abs.twimg.com/images/themes/theme1/bg.png", "protected": false, "profile_image_url_https": "https://pbs.twimg.com/profile_images/1170469190/twitter44_normal.jpg", "utc_offset": -25200}
2017-10-24T03:00:03.890855	{"status": {"id_str": "922588156116869120", "source": "<a href=\"http://twitter.com/download/android\" rel=\"nofollow\">Twitter for Android</a>", "in_reply_to_status_id": null, "retweeted": false, "favorite_count": 0, "id": 922588156116869120, "created_at": "Mon Oct 23 22:18:51 +0000 2017", "lang": "en", "geo": null, "in_reply_to_user_id_str": null, "in_reply_to_user_id": null, "place": null, "in_reply_to_screen_name": null, "contributors": null, "text": "RT @JCTheResistance: THIS is a clear and present danger to free democracy. \n\nIf this happens sinclair would control medias narrative. \n\nhtt\u2026", "entities": {"urls": [], "hashtags": [], "user_mentions": [{"id_str": "540543234", "indices": [3, 19], "id": 540543234, "screen_name": "JCTheResistance", "name": "Jamie Carter #Resist"}], "symbols": []}, "truncated": false, "retweeted_status": {"id_str": "922582601998639104", "source": "<a href=\"http://twitter.com/download/android\" rel=\"nofollow\">Twitter for Android</a>", "in_reply_to_status_id": null, "retweeted": false, "favorite_count": 84, "id": 922582601998639104, "created_at": "Mon Oct 23 21:56:47 +0000 2017", "lang": "en", "geo": null, "in_reply_to_user_id_str": null, "in_reply_to_user_id": null, "place": null, "in_reply_to_screen_name": null, "possibly_sensitive": false, "contributors": null, "text": "THIS is a clear and present danger to free democracy. \n\nIf this happens sinclair would control medias narrative. \n\nhttps://t.co/wemmVOigh8", "entities": {"urls": [{"expanded_url": "https://twitter.com/i/moments/922573122712190976", "url": "https://t.co/wemmVOigh8", "display_url": "twitter.com/i/moments/9225\u2026", "indices": [115, 138]}], "hashtags": [], "user_mentions": [], "symbols": []}, "truncated": false, "favorited": false, "in_reply_to_status_id_str": null, "is_quote_status": false, "coordinates": null, "retweet_count": 131}, "favorited": false, "in_reply_to_status_id_str": null, "is_quote_status": false, "coordinates": null, "retweet_count": 131}, "id_str": "68325967", "profile_background_tile": false, "lang": "en", "profile_image_url_https": "https://pbs.twimg.com/profile_images/1170469190/twitter44_normal.jpg", "profile_use_background_image": true, "default_profile_image": false, "is_translator": false, "verified": false, "description": "Badass agile practitioner & instigator, Delicate flower w/ a big mouth. Tweets & opinions are mine & mine only.  @Addicaid early funder.", "id": 68325967, "time_zone": "Pacific Time (US & Canada)", "listed_count": 243, "profile_background_color": "C0DEED", "location": "San Francisco/Singapore", "favourites_count": 5221, "utc_offset": -25200, "profile_text_color": "333333", "profile_sidebar_border_color": "C0DEED", "protected": false, "statuses_count": 29067, "profile_sidebar_fill_color": "DDEEF6", "name": "Angeline Tan", "is_translation_enabled": false, "follow_request_sent": false, "has_extended_profile": false, "screen_name": "agilemeister", "profile_image_url": "http://pbs.twimg.com/profile_images/1170469190/twitter44_normal.jpg", "created_at": "Mon Aug 24 04:24:27 +0000 2009", "friends_count": 985, "profile_background_image_url_https": "https://abs.twimg.com/images/themes/theme1/bg.png", "entities": {"description": {"urls": []}}, "following": false, "followers_count": 1422, "notifications": false, "contributors_enabled": false, "profile_link_color": "1DA1F2", "profile_background_image_url": "http://abs.twimg.com/images/themes/theme1/bg.png", "url": null, "geo_enabled": true, "default_profile": true, "translator_type": "none"}
2017-10-24T04:00:04.074279	{"profile_use_background_image": true, "is_translator": false, "location": "San Francisco/Singapore", "favourites_count": 5221, "profile_image_url_https": "https://pbs.twimg.com/profile_images/1170469190/twitter44_normal.jpg", "profile_background_tile": false, "profile_background_color": "C0DEED", "utc_offset": -25200, "default_profile_image": false, "name": "Angeline Tan", "notifications": false, "translator_type": "none", "lang": "en", "status": {"text": "RT @JCTheResistance: THIS is a clear and present danger to free democracy. \n\nIf this happens sinclair would control medias narrative. \n\nhtt\u2026", "source": "<a href=\"http://twitter.com/download/android\" rel=\"nofollow\">Twitter for Android</a>", "retweeted": false, "in_reply_to_status_id_str": null, "retweeted_status": {"text": "THIS is a clear and present danger to free democracy. \n\nIf this happens sinclair would control medias narrative. \n\nhttps://t.co/wemmVOigh8", "source": "<a href=\"http://twitter.com/download/android\" rel=\"nofollow\">Twitter for Android</a>", "retweeted": false, "in_reply_to_status_id_str": null, "lang": "en", "is_quote_status": false, "possibly_sensitive": false, "in_reply_to_user_id_str": null, "in_reply_to_user_id": null, "place": null, "favorite_count": 87, "created_at": "Mon Oct 23 21:56:47 +0000 2017", "entities": {"user_mentions": [], "urls": [{"display_url": "twitter.com/i/moments/9225\u2026", "expanded_url": "https://twitter.com/i/moments/922573122712190976", "indices": [115, 138], "url": "https://t.co/wemmVOigh8"}], "symbols": [], "hashtags": []}, "geo": null, "truncated": false, "id_str": "922582601998639104", "id": 922582601998639104, "in_reply_to_screen_name": null, "contributors": null, "coordinates": null, "favorited": false, "retweet_count": 139, "in_reply_to_status_id": null}, "is_quote_status": false, "in_reply_to_user_id_str": null, "in_reply_to_user_id": null, "place": null, "favorite_count": 0, "created_at": "Mon Oct 23 22:18:51 +0000 2017", "entities": {"user_mentions": [{"indices": [3, 19], "name": "Jamie Carter #Resist", "screen_name": "JCTheResistance", "id_str": "540543234", "id": 540543234}], "urls": [], "symbols": [], "hashtags": []}, "geo": null, "truncated": false, "id_str": "922588156116869120", "id": 922588156116869120, "in_reply_to_screen_name": null, "contributors": null, "lang": "en", "coordinates": null, "favorited": false, "retweet_count": 139, "in_reply_to_status_id": null}, "id": 68325967, "profile_text_color": "333333", "listed_count": 243, "profile_sidebar_border_color": "C0DEED", "created_at": "Mon Aug 24 04:24:27 +0000 2009", "profile_background_image_url": "http://abs.twimg.com/images/themes/theme1/bg.png", "entities": {"description": {"urls": []}}, "following": false, "geo_enabled": true, "description": "Badass agile practitioner & instigator, Delicate flower w/ a big mouth. Tweets & opinions are mine & mine only.  @Addicaid early funder.", "is_translation_enabled": false, "default_profile": true, "contributors_enabled": false, "profile_background_image_url_https": "https://abs.twimg.com/images/themes/theme1/bg.png", "statuses_count": 29067, "id_str": "68325967", "followers_count": 1422, "profile_sidebar_fill_color": "DDEEF6", "follow_request_sent": false, "screen_name": "agilemeister", "profile_image_url": "http://pbs.twimg.com/profile_images/1170469190/twitter44_normal.jpg", "protected": false, "profile_link_color": "1DA1F2", "friends_count": 985, "verified": false, "time_zone": "Pacific Time (US & Canada)", "has_extended_profile": false, "url": null}
2017-10-24T05:00:04.048363	{"status": {"coordinates": null, "id_str": "922588156116869120", "truncated": false, "place": null, "in_reply_to_screen_name": null, "geo": null, "source": "<a href=\"http://twitter.com/download/android\" rel=\"nofollow\">Twitter for Android</a>", "in_reply_to_status_id": null, "retweet_count": 146, "favorite_count": 0, "created_at": "Mon Oct 23 22:18:51 +0000 2017", "retweeted_status": {"coordinates": null, "id_str": "922582601998639104", "truncated": false, "place": null, "in_reply_to_screen_name": null, "geo": null, "source": "<a href=\"http://twitter.com/download/android\" rel=\"nofollow\">Twitter for Android</a>", "in_reply_to_status_id": null, "retweet_count": 146, "favorite_count": 90, "possibly_sensitive": false, "created_at": "Mon Oct 23 21:56:47 +0000 2017", "contributors": null, "in_reply_to_user_id_str": null, "entities": {"user_mentions": [], "symbols": [], "urls": [{"display_url": "twitter.com/i/moments/9225\u2026", "indices": [115, 138], "expanded_url": "https://twitter.com/i/moments/922573122712190976", "url": "https://t.co/wemmVOigh8"}], "hashtags": []}, "id": 922582601998639104, "lang": "en", "favorited": false, "in_reply_to_user_id": null, "in_reply_to_status_id_str": null, "text": "THIS is a clear and present danger to free democracy. \n\nIf this happens sinclair would control medias narrative. \n\nhttps://t.co/wemmVOigh8", "is_quote_status": false, "retweeted": false}, "contributors": null, "in_reply_to_user_id_str": null, "entities": {"user_mentions": [{"name": "Jamie Carter #Resist", "id": 540543234, "id_str": "540543234", "screen_name": "JCTheResistance", "indices": [3, 19]}], "symbols": [], "urls": [], "hashtags": []}, "id": 922588156116869120, "lang": "en", "favorited": false, "in_reply_to_user_id": null, "in_reply_to_status_id_str": null, "text": "RT @JCTheResistance: THIS is a clear and present danger to free democracy. \n\nIf this happens sinclair would control medias narrative. \n\nhtt\u2026", "is_quote_status": false, "retweeted": false}, "is_translation_enabled": false, "id_str": "68325967", "profile_sidebar_border_color": "C0DEED", "profile_image_url": "http://pbs.twimg.com/profile_images/1170469190/twitter44_normal.jpg", "default_profile_image": false, "geo_enabled": true, "is_translator": false, "profile_sidebar_fill_color": "DDEEF6", "listed_count": 243, "translator_type": "none", "profile_text_color": "333333", "profile_background_color": "C0DEED", "statuses_count": 29067, "follow_request_sent": false, "profile_image_url_https": "https://pbs.twimg.com/profile_images/1170469190/twitter44_normal.jpg", "description": "Badass agile practitioner & instigator, Delicate flower w/ a big mouth. Tweets & opinions are mine & mine only.  @Addicaid early funder.", "notifications": false, "favourites_count": 5221, "time_zone": "Pacific Time (US & Canada)", "protected": false, "profile_link_color": "1DA1F2", "profile_use_background_image": true, "created_at": "Mon Aug 24 04:24:27 +0000 2009", "location": "San Francisco/Singapore", "screen_name": "agilemeister", "profile_background_image_url_https": "https://abs.twimg.com/images/themes/theme1/bg.png", "profile_background_image_url": "http://abs.twimg.com/images/themes/theme1/bg.png", "has_extended_profile": false, "name": "Angeline Tan", "entities": {"description": {"urls": []}}, "friends_count": 985, "utc_offset": -25200, "id": 68325967, "url": null, "verified": false, "lang": "en", "profile_background_tile": false, "following": false, "contributors_enabled": false, "followers_count": 1423, "default_profile": true}
2017-10-24T06:00:03.541222	{"id": 68325967, "listed_count": 243, "location": "San Francisco/Singapore", "profile_background_image_url_https": "https://abs.twimg.com/images/themes/theme1/bg.png", "id_str": "68325967", "lang": "en", "verified": false, "url": null, "protected": false, "profile_background_image_url": "http://abs.twimg.com/images/themes/theme1/bg.png", "default_profile_image": false, "followers_count": 1423, "follow_request_sent": false, "contributors_enabled": false, "notifications": false, "translator_type": "none", "profile_background_tile": false, "entities": {"description": {"urls": []}}, "status": {"id": 922588156116869120, "retweet_count": 152, "id_str": "922588156116869120", "lang": "en", "geo": null, "in_reply_to_user_id": null, "in_reply_to_user_id_str": null, "text": "RT @JCTheResistance: THIS is a clear and present danger to free democracy. \n\nIf this happens sinclair would control medias narrative. \n\nhtt\u2026", "retweeted": false, "place": null, "entities": {"urls": [], "user_mentions": [{"id": 540543234, "indices": [3, 19], "id_str": "540543234", "name": "Jamie Carter #Resist", "screen_name": "JCTheResistance"}], "symbols": [], "hashtags": []}, "in_reply_to_status_id_str": null, "source": "<a href=\"http://twitter.com/download/android\" rel=\"nofollow\">Twitter for Android</a>", "in_reply_to_status_id": null, "favorite_count": 0, "truncated": false, "retweeted_status": {"id": 922582601998639104, "retweet_count": 152, "id_str": "922582601998639104", "lang": "en", "geo": null, "in_reply_to_user_id": null, "in_reply_to_user_id_str": null, "text": "THIS is a clear and present danger to free democracy. \n\nIf this happens sinclair would control medias narrative. \n\nhttps://t.co/wemmVOigh8", "possibly_sensitive": false, "place": null, "entities": {"urls": [{"url": "https://t.co/wemmVOigh8", "expanded_url": "https://twitter.com/i/moments/922573122712190976", "indices": [115, 138], "display_url": "twitter.com/i/moments/9225\u2026"}], "user_mentions": [], "symbols": [], "hashtags": []}, "in_reply_to_status_id_str": null, "retweeted": false, "in_reply_to_status_id": null, "favorite_count": 92, "truncated": false, "source": "<a href=\"http://twitter.com/download/android\" rel=\"nofollow\">Twitter for Android</a>", "favorited": false, "coordinates": null, "created_at": "Mon Oct 23 21:56:47 +0000 2017", "in_reply_to_screen_name": null, "is_quote_status": false, "contributors": null}, "favorited": false, "coordinates": null, "created_at": "Mon Oct 23 22:18:51 +0000 2017", "in_reply_to_screen_name": null, "is_quote_status": false, "contributors": null}, "statuses_count": 29067, "favourites_count": 5221, "profile_sidebar_border_color": "C0DEED", "time_zone": "Pacific Time (US & Canada)", "has_extended_profile": false, "description": "Badass agile practitioner & instigator, Delicate flower w/ a big mouth. Tweets & opinions are mine & mine only.  @Addicaid early funder.", "profile_sidebar_fill_color": "DDEEF6", "is_translator": false, "profile_image_url": "http://pbs.twimg.com/profile_images/1170469190/twitter44_normal.jpg", "profile_background_color": "C0DEED", "friends_count": 985, "profile_link_color": "1DA1F2", "profile_use_background_image": true, "created_at": "Mon Aug 24 04:24:27 +0000 2009", "profile_text_color": "333333", "default_profile": true, "screen_name": "agilemeister", "utc_offset": -25200, "geo_enabled": true, "following": false, "name": "Angeline Tan", "profile_image_url_https": "https://pbs.twimg.com/profile_images/1170469190/twitter44_normal.jpg", "is_translation_enabled": false}
2017-10-24T07:00:03.910927	{"followers_count": 1423, "url": null, "is_translator": false, "screen_name": "agilemeister", "profile_link_color": "1DA1F2", "status": {"favorite_count": 0, "in_reply_to_status_id_str": null, "text": "RT @JCTheResistance: THIS is a clear and present danger to free democracy. \n\nIf this happens sinclair would control medias narrative. \n\nhtt\u2026", "geo": null, "in_reply_to_screen_name": null, "id": 922588156116869120, "entities": {"symbols": [], "urls": [], "user_mentions": [{"name": "Jamie Carter #Resist", "screen_name": "JCTheResistance", "indices": [3, 19], "id": 540543234, "id_str": "540543234"}], "hashtags": []}, "created_at": "Mon Oct 23 22:18:51 +0000 2017", "place": null, "contributors": null, "lang": "en", "in_reply_to_user_id_str": null, "coordinates": null, "favorited": false, "is_quote_status": false, "retweet_count": 152, "in_reply_to_status_id": null, "retweeted_status": {"favorite_count": 93, "in_reply_to_status_id_str": null, "text": "THIS is a clear and present danger to free democracy. \n\nIf this happens sinclair would control medias narrative. \n\nhttps://t.co/wemmVOigh8", "geo": null, "in_reply_to_screen_name": null, "id": 922582601998639104, "entities": {"symbols": [], "urls": [{"url": "https://t.co/wemmVOigh8", "display_url": "twitter.com/i/moments/9225\u2026", "expanded_url": "https://twitter.com/i/moments/922573122712190976", "indices": [115, 138]}], "user_mentions": [], "hashtags": []}, "created_at": "Mon Oct 23 21:56:47 +0000 2017", "place": null, "contributors": null, "lang": "en", "in_reply_to_user_id_str": null, "coordinates": null, "favorited": false, "possibly_sensitive": false, "is_quote_status": false, "retweet_count": 152, "in_reply_to_status_id": null, "retweeted": false, "in_reply_to_user_id": null, "truncated": false, "source": "<a href=\"http://twitter.com/download/android\" rel=\"nofollow\">Twitter for Android</a>", "id_str": "922582601998639104"}, "retweeted": false, "in_reply_to_user_id": null, "truncated": false, "source": "<a href=\"http://twitter.com/download/android\" rel=\"nofollow\">Twitter for Android</a>", "id_str": "922588156116869120"}, "default_profile": true, "profile_background_image_url": "http://abs.twimg.com/images/themes/theme1/bg.png", "is_translation_enabled": false, "profile_text_color": "333333", "profile_sidebar_fill_color": "DDEEF6", "following": false, "verified": false, "profile_use_background_image": true, "profile_background_image_url_https": "https://abs.twimg.com/images/themes/theme1/bg.png", "id": 68325967, "profile_background_tile": false, "entities": {"description": {"urls": []}}, "profile_sidebar_border_color": "C0DEED", "notifications": false, "lang": "en", "time_zone": "Pacific Time (US & Canada)", "has_extended_profile": false, "created_at": "Mon Aug 24 04:24:27 +0000 2009", "listed_count": 243, "description": "Badass agile practitioner & instigator, Delicate flower w/ a big mouth. Tweets & opinions are mine & mine only.  @Addicaid early funder.", "favourites_count": 5221, "profile_image_url_https": "https://pbs.twimg.com/profile_images/1170469190/twitter44_normal.jpg", "protected": false, "utc_offset": -25200, "friends_count": 985, "default_profile_image": false, "statuses_count": 29067, "profile_image_url": "http://pbs.twimg.com/profile_images/1170469190/twitter44_normal.jpg", "profile_background_color": "C0DEED", "name": "Angeline Tan", "translator_type": "none", "contributors_enabled": false, "geo_enabled": true, "location": "San Francisco/Singapore", "follow_request_sent": false, "id_str": "68325967"}
2017-10-24T08:00:04.558507	{"entities": {"description": {"urls": []}}, "default_profile_image": false, "geo_enabled": true, "profile_background_color": "C0DEED", "notifications": false, "contributors_enabled": false, "url": null, "favourites_count": 5221, "profile_sidebar_border_color": "C0DEED", "profile_use_background_image": true, "followers_count": 1423, "description": "Badass agile practitioner & instigator, Delicate flower w/ a big mouth. Tweets & opinions are mine & mine only.  @Addicaid early funder.", "has_extended_profile": false, "profile_sidebar_fill_color": "DDEEF6", "statuses_count": 29067, "translator_type": "none", "utc_offset": -25200, "following": false, "profile_image_url_https": "https://pbs.twimg.com/profile_images/1170469190/twitter44_normal.jpg", "location": "San Francisco/Singapore", "verified": false, "default_profile": true, "created_at": "Mon Aug 24 04:24:27 +0000 2009", "is_translation_enabled": false, "profile_background_image_url": "http://abs.twimg.com/images/themes/theme1/bg.png", "lang": "en", "time_zone": "Pacific Time (US & Canada)", "id": 68325967, "protected": false, "follow_request_sent": false, "status": {"entities": {"user_mentions": [{"screen_name": "JCTheResistance", "id": 540543234, "id_str": "540543234", "name": "Jamie Carter #Resist", "indices": [3, 19]}], "symbols": [], "urls": [], "hashtags": []}, "is_quote_status": false, "truncated": false, "favorited": false, "text": "RT @JCTheResistance: THIS is a clear and present danger to free democracy. \n\nIf this happens sinclair would control medias narrative. \n\nhtt\u2026", "in_reply_to_user_id": null, "geo": null, "in_reply_to_screen_name": null, "contributors": null, "retweeted": false, "retweeted_status": {"entities": {"user_mentions": [], "symbols": [], "urls": [{"display_url": "twitter.com/i/moments/9225\u2026", "url": "https://t.co/wemmVOigh8", "expanded_url": "https://twitter.com/i/moments/922573122712190976", "indices": [115, 138]}], "hashtags": []}, "possibly_sensitive": false, "is_quote_status": false, "truncated": false, "favorited": false, "place": null, "text": "THIS is a clear and present danger to free democracy. \n\nIf this happens sinclair would control medias narrative. \n\nhttps://t.co/wemmVOigh8", "in_reply_to_user_id": null, "geo": null, "in_reply_to_screen_name": null, "contributors": null, "coordinates": null, "id_str": "922582601998639104", "in_reply_to_status_id_str": null, "lang": "en", "created_at": "Mon Oct 23 21:56:47 +0000 2017", "in_reply_to_user_id_str": null, "id": 922582601998639104, "retweet_count": 156, "source": "<a href=\"http://twitter.com/download/android\" rel=\"nofollow\">Twitter for Android</a>", "favorite_count": 94, "in_reply_to_status_id": null, "retweeted": false}, "coordinates": null, "id_str": "922588156116869120", "in_reply_to_status_id_str": null, "lang": "en", "created_at": "Mon Oct 23 22:18:51 +0000 2017", "in_reply_to_user_id_str": null, "id": 922588156116869120, "retweet_count": 156, "source": "<a href=\"http://twitter.com/download/android\" rel=\"nofollow\">Twitter for Android</a>", "favorite_count": 0, "in_reply_to_status_id": null, "place": null}, "profile_background_image_url_https": "https://abs.twimg.com/images/themes/theme1/bg.png", "name": "Angeline Tan", "friends_count": 985, "profile_image_url": "http://pbs.twimg.com/profile_images/1170469190/twitter44_normal.jpg", "screen_name": "agilemeister", "is_translator": false, "id_str": "68325967", "profile_text_color": "333333", "listed_count": 243, "profile_link_color": "1DA1F2", "profile_background_tile": false}
2017-10-24T09:00:03.695980	{"profile_background_tile": false, "created_at": "Mon Aug 24 04:24:27 +0000 2009", "verified": false, "profile_sidebar_border_color": "C0DEED", "is_translator": false, "location": "San Francisco/Singapore", "lang": "en", "screen_name": "agilemeister", "id": 68325967, "is_translation_enabled": false, "listed_count": 243, "default_profile": true, "contributors_enabled": false, "profile_text_color": "333333", "name": "Angeline Tan", "default_profile_image": false, "following": false, "notifications": false, "time_zone": "Pacific Time (US & Canada)", "protected": false, "translator_type": "none", "profile_image_url": "http://pbs.twimg.com/profile_images/1170469190/twitter44_normal.jpg", "status": {"created_at": "Mon Oct 23 22:18:51 +0000 2017", "source": "<a href=\"http://twitter.com/download/android\" rel=\"nofollow\">Twitter for Android</a>", "in_reply_to_status_id": null, "lang": "en", "text": "RT @JCTheResistance: THIS is a clear and present danger to free democracy. \n\nIf this happens sinclair would control medias narrative. \n\nhtt\u2026", "retweeted": false, "in_reply_to_user_id_str": null, "geo": null, "in_reply_to_screen_name": null, "place": null, "retweet_count": 158, "in_reply_to_user_id": null, "truncated": false, "favorite_count": 0, "id": 922588156116869120, "coordinates": null, "contributors": null, "retweeted_status": {"created_at": "Mon Oct 23 21:56:47 +0000 2017", "source": "<a href=\"http://twitter.com/download/android\" rel=\"nofollow\">Twitter for Android</a>", "in_reply_to_status_id": null, "lang": "en", "text": "THIS is a clear and present danger to free democracy. \n\nIf this happens sinclair would control medias narrative. \n\nhttps://t.co/wemmVOigh8", "retweeted": false, "in_reply_to_user_id_str": null, "geo": null, "in_reply_to_screen_name": null, "place": null, "retweet_count": 158, "in_reply_to_user_id": null, "truncated": false, "favorite_count": 96, "id": 922582601998639104, "coordinates": null, "possibly_sensitive": false, "id_str": "922582601998639104", "in_reply_to_status_id_str": null, "contributors": null, "is_quote_status": false, "entities": {"symbols": [], "hashtags": [], "urls": [{"display_url": "twitter.com/i/moments/9225\u2026", "expanded_url": "https://twitter.com/i/moments/922573122712190976", "url": "https://t.co/wemmVOigh8", "indices": [115, 138]}], "user_mentions": []}, "favorited": false}, "in_reply_to_status_id_str": null, "id_str": "922588156116869120", "is_quote_status": false, "entities": {"symbols": [], "hashtags": [], "urls": [], "user_mentions": [{"screen_name": "JCTheResistance", "id": 540543234, "indices": [3, 19], "id_str": "540543234", "name": "Jamie Carter #Resist"}]}, "favorited": false}, "profile_image_url_https": "https://pbs.twimg.com/profile_images/1170469190/twitter44_normal.jpg", "follow_request_sent": false, "profile_background_image_url_https": "https://abs.twimg.com/images/themes/theme1/bg.png", "utc_offset": -25200, "profile_background_color": "C0DEED", "statuses_count": 29067, "has_extended_profile": false, "profile_background_image_url": "http://abs.twimg.com/images/themes/theme1/bg.png", "favourites_count": 5221, "profile_sidebar_fill_color": "DDEEF6", "id_str": "68325967", "profile_link_color": "1DA1F2", "profile_use_background_image": true, "followers_count": 1423, "description": "Badass agile practitioner & instigator, Delicate flower w/ a big mouth. Tweets & opinions are mine & mine only.  @Addicaid early funder.", "geo_enabled": true, "friends_count": 985, "entities": {"description": {"urls": []}}, "url": null}
2017-10-24T10:00:03.176577	{"lang": "en", "url": null, "favourites_count": 5221, "profile_background_tile": false, "is_translator": false, "profile_background_image_url": "http://abs.twimg.com/images/themes/theme1/bg.png", "geo_enabled": true, "has_extended_profile": false, "profile_sidebar_border_color": "C0DEED", "profile_image_url": "http://pbs.twimg.com/profile_images/1170469190/twitter44_normal.jpg", "profile_link_color": "1DA1F2", "profile_text_color": "333333", "followers_count": 1424, "profile_sidebar_fill_color": "DDEEF6", "default_profile": true, "utc_offset": -25200, "protected": false, "profile_background_image_url_https": "https://abs.twimg.com/images/themes/theme1/bg.png", "time_zone": "Pacific Time (US & Canada)", "notifications": false, "verified": false, "profile_image_url_https": "https://pbs.twimg.com/profile_images/1170469190/twitter44_normal.jpg", "friends_count": 985, "following": false, "id": 68325967, "description": "Badass agile practitioner & instigator, Delicate flower w/ a big mouth. Tweets & opinions are mine & mine only.  @Addicaid early funder.", "id_str": "68325967", "name": "Angeline Tan", "location": "San Francisco/Singapore", "created_at": "Mon Aug 24 04:24:27 +0000 2009", "default_profile_image": false, "statuses_count": 29067, "entities": {"description": {"urls": []}}, "profile_use_background_image": true, "is_translation_enabled": false, "contributors_enabled": false, "listed_count": 243, "follow_request_sent": false, "profile_background_color": "C0DEED", "status": {"source": "<a href=\"http://twitter.com/download/android\" rel=\"nofollow\">Twitter for Android</a>", "in_reply_to_status_id": null, "entities": {"symbols": [], "user_mentions": [{"name": "Jamie Carter #Resist", "indices": [3, 19], "id": 540543234, "id_str": "540543234", "screen_name": "JCTheResistance"}], "hashtags": [], "urls": []}, "in_reply_to_user_id": null, "truncated": false, "retweet_count": 158, "coordinates": null, "geo": null, "in_reply_to_screen_name": null, "contributors": null, "retweeted": false, "lang": "en", "id": 922588156116869120, "id_str": "922588156116869120", "favorite_count": 0, "retweeted_status": {"source": "<a href=\"http://twitter.com/download/android\" rel=\"nofollow\">Twitter for Android</a>", "possibly_sensitive": false, "in_reply_to_status_id": null, "entities": {"symbols": [], "user_mentions": [], "hashtags": [], "urls": [{"display_url": "twitter.com/i/moments/9225\u2026", "url": "https://t.co/wemmVOigh8", "indices": [115, 138], "expanded_url": "https://twitter.com/i/moments/922573122712190976"}]}, "in_reply_to_user_id": null, "truncated": false, "retweet_count": 158, "coordinates": null, "geo": null, "in_reply_to_screen_name": null, "contributors": null, "retweeted": false, "lang": "en", "id": 922582601998639104, "id_str": "922582601998639104", "favorite_count": 96, "created_at": "Mon Oct 23 21:56:47 +0000 2017", "text": "THIS is a clear and present danger to free democracy. \n\nIf this happens sinclair would control medias narrative. \n\nhttps://t.co/wemmVOigh8", "is_quote_status": false, "place": null, "favorited": false, "in_reply_to_user_id_str": null, "in_reply_to_status_id_str": null}, "created_at": "Mon Oct 23 22:18:51 +0000 2017", "text": "RT @JCTheResistance: THIS is a clear and present danger to free democracy. \n\nIf this happens sinclair would control medias narrative. \n\nhtt\u2026", "is_quote_status": false, "place": null, "favorited": false, "in_reply_to_user_id_str": null, "in_reply_to_status_id_str": null}, "translator_type": "none", "screen_name": "agilemeister"}
2017-10-24T11:00:04.683963	{"profile_background_color": "C0DEED", "profile_link_color": "1DA1F2", "listed_count": 243, "favourites_count": 5221, "entities": {"description": {"urls": []}}, "is_translation_enabled": false, "default_profile_image": false, "profile_background_image_url": "http://abs.twimg.com/images/themes/theme1/bg.png", "is_translator": false, "description": "Badass agile practitioner & instigator, Delicate flower w/ a big mouth. Tweets & opinions are mine & mine only.  @Addicaid early funder.", "protected": false, "screen_name": "agilemeister", "id_str": "68325967", "profile_text_color": "333333", "translator_type": "none", "profile_sidebar_border_color": "C0DEED", "profile_background_image_url_https": "https://abs.twimg.com/images/themes/theme1/bg.png", "geo_enabled": true, "following": false, "time_zone": "Pacific Time (US & Canada)", "utc_offset": -25200, "profile_image_url_https": "https://pbs.twimg.com/profile_images/1170469190/twitter44_normal.jpg", "verified": false, "default_profile": true, "created_at": "Mon Aug 24 04:24:27 +0000 2009", "contributors_enabled": false, "profile_sidebar_fill_color": "DDEEF6", "status": {"in_reply_to_screen_name": null, "text": "RT @JCTheResistance: THIS is a clear and present danger to free democracy. \n\nIf this happens sinclair would control medias narrative. \n\nhtt\u2026", "in_reply_to_status_id": null, "in_reply_to_status_id_str": null, "is_quote_status": false, "coordinates": null, "retweeted": false, "id_str": "922588156116869120", "truncated": false, "retweet_count": 159, "in_reply_to_user_id": null, "created_at": "Mon Oct 23 22:18:51 +0000 2017", "favorite_count": 0, "id": 922588156116869120, "retweeted_status": {"in_reply_to_screen_name": null, "text": "THIS is a clear and present danger to free democracy. \n\nIf this happens sinclair would control medias narrative. \n\nhttps://t.co/wemmVOigh8", "in_reply_to_status_id": null, "in_reply_to_status_id_str": null, "is_quote_status": false, "coordinates": null, "retweeted": false, "id_str": "922582601998639104", "truncated": false, "retweet_count": 159, "in_reply_to_user_id": null, "created_at": "Mon Oct 23 21:56:47 +0000 2017", "favorite_count": 96, "id": 922582601998639104, "place": null, "favorited": false, "entities": {"user_mentions": [], "hashtags": [], "urls": [{"url": "https://t.co/wemmVOigh8", "expanded_url": "https://twitter.com/i/moments/922573122712190976", "indices": [115, 138], "display_url": "twitter.com/i/moments/9225\u2026"}], "symbols": []}, "possibly_sensitive": false, "geo": null, "contributors": null, "lang": "en", "in_reply_to_user_id_str": null, "source": "<a href=\"http://twitter.com/download/android\" rel=\"nofollow\">Twitter for Android</a>"}, "place": null, "favorited": false, "entities": {"user_mentions": [{"id_str": "540543234", "indices": [3, 19], "screen_name": "JCTheResistance", "name": "Jamie Carter #Resist", "id": 540543234}], "hashtags": [], "urls": [], "symbols": []}, "geo": null, "contributors": null, "lang": "en", "in_reply_to_user_id_str": null, "source": "<a href=\"http://twitter.com/download/android\" rel=\"nofollow\">Twitter for Android</a>"}, "id": 68325967, "friends_count": 985, "name": "Angeline Tan", "has_extended_profile": false, "profile_image_url": "http://pbs.twimg.com/profile_images/1170469190/twitter44_normal.jpg", "profile_use_background_image": true, "url": null, "location": "San Francisco/Singapore", "notifications": false, "profile_background_tile": false, "follow_request_sent": false, "statuses_count": 29067, "followers_count": 1424, "lang": "en"}
2017-10-24T12:00:03.432402	{"followers_count": 1424, "screen_name": "agilemeister", "listed_count": 243, "url": null, "statuses_count": 29067, "profile_text_color": "333333", "has_extended_profile": false, "following": false, "id": 68325967, "is_translator": false, "id_str": "68325967", "time_zone": "Pacific Time (US & Canada)", "contributors_enabled": false, "profile_image_url": "http://pbs.twimg.com/profile_images/1170469190/twitter44_normal.jpg", "utc_offset": -25200, "profile_background_tile": false, "friends_count": 985, "profile_background_image_url_https": "https://abs.twimg.com/images/themes/theme1/bg.png", "location": "San Francisco/Singapore", "profile_background_color": "C0DEED", "geo_enabled": true, "profile_use_background_image": true, "profile_sidebar_border_color": "C0DEED", "translator_type": "none", "entities": {"description": {"urls": []}}, "follow_request_sent": false, "profile_background_image_url": "http://abs.twimg.com/images/themes/theme1/bg.png", "favourites_count": 5221, "status": {"source": "<a href=\"http://twitter.com/download/android\" rel=\"nofollow\">Twitter for Android</a>", "in_reply_to_status_id": null, "retweeted": false, "is_quote_status": false, "in_reply_to_status_id_str": null, "id": 922588156116869120, "place": null, "contributors": null, "text": "RT @JCTheResistance: THIS is a clear and present danger to free democracy. \n\nIf this happens sinclair would control medias narrative. \n\nhtt\u2026", "retweet_count": 165, "favorited": false, "entities": {"user_mentions": [{"id": 540543234, "id_str": "540543234", "screen_name": "JCTheResistance", "indices": [3, 19], "name": "Jamie Carter #Resist"}], "symbols": [], "urls": [], "hashtags": []}, "favorite_count": 0, "coordinates": null, "retweeted_status": {"source": "<a href=\"http://twitter.com/download/android\" rel=\"nofollow\">Twitter for Android</a>", "in_reply_to_status_id": null, "is_quote_status": false, "in_reply_to_status_id_str": null, "id": 922582601998639104, "place": null, "possibly_sensitive": false, "contributors": null, "text": "THIS is a clear and present danger to free democracy. \n\nIf this happens sinclair would control medias narrative. \n\nhttps://t.co/wemmVOigh8", "retweet_count": 165, "favorited": false, "entities": {"user_mentions": [], "symbols": [], "urls": [{"display_url": "twitter.com/i/moments/9225\u2026", "expanded_url": "https://twitter.com/i/moments/922573122712190976", "indices": [115, 138], "url": "https://t.co/wemmVOigh8"}], "hashtags": []}, "favorite_count": 98, "coordinates": null, "retweeted": false, "truncated": false, "in_reply_to_user_id_str": null, "created_at": "Mon Oct 23 21:56:47 +0000 2017", "id_str": "922582601998639104", "in_reply_to_screen_name": null, "geo": null, "lang": "en", "in_reply_to_user_id": null}, "truncated": false, "in_reply_to_user_id_str": null, "created_at": "Mon Oct 23 22:18:51 +0000 2017", "id_str": "922588156116869120", "in_reply_to_screen_name": null, "geo": null, "lang": "en", "in_reply_to_user_id": null}, "verified": false, "protected": false, "default_profile": true, "created_at": "Mon Aug 24 04:24:27 +0000 2009", "name": "Angeline Tan", "profile_link_color": "1DA1F2", "default_profile_image": false, "lang": "en", "profile_image_url_https": "https://pbs.twimg.com/profile_images/1170469190/twitter44_normal.jpg", "is_translation_enabled": false, "notifications": false, "description": "Badass agile practitioner & instigator, Delicate flower w/ a big mouth. Tweets & opinions are mine & mine only.  @Addicaid early funder.", "profile_sidebar_fill_color": "DDEEF6"}
2017-10-24T13:00:03.875740	{"id_str": "68325967", "location": "San Francisco/Singapore", "screen_name": "agilemeister", "geo_enabled": true, "default_profile_image": false, "statuses_count": 29067, "profile_sidebar_border_color": "C0DEED", "profile_background_image_url": "http://abs.twimg.com/images/themes/theme1/bg.png", "profile_use_background_image": true, "is_translator": false, "follow_request_sent": false, "profile_sidebar_fill_color": "DDEEF6", "default_profile": true, "utc_offset": -25200, "has_extended_profile": false, "url": null, "followers_count": 1424, "profile_image_url_https": "https://pbs.twimg.com/profile_images/1170469190/twitter44_normal.jpg", "created_at": "Mon Aug 24 04:24:27 +0000 2009", "id": 68325967, "profile_text_color": "333333", "listed_count": 243, "profile_background_tile": false, "favourites_count": 5221, "contributors_enabled": false, "verified": false, "translator_type": "none", "profile_background_color": "C0DEED", "protected": false, "name": "Angeline Tan", "following": false, "entities": {"description": {"urls": []}}, "is_translation_enabled": false, "profile_link_color": "1DA1F2", "description": "Badass agile practitioner & instigator, Delicate flower w/ a big mouth. Tweets & opinions are mine & mine only.  @Addicaid early funder.", "status": {"id_str": "922588156116869120", "geo": null, "retweeted": false, "coordinates": null, "place": null, "in_reply_to_user_id": null, "favorite_count": 0, "in_reply_to_screen_name": null, "in_reply_to_status_id_str": null, "in_reply_to_user_id_str": null, "favorited": false, "created_at": "Mon Oct 23 22:18:51 +0000 2017", "id": 922588156116869120, "retweeted_status": {"id_str": "922582601998639104", "geo": null, "retweeted": false, "coordinates": null, "place": null, "in_reply_to_user_id": null, "favorite_count": 102, "in_reply_to_screen_name": null, "in_reply_to_status_id_str": null, "in_reply_to_user_id_str": null, "favorited": false, "created_at": "Mon Oct 23 21:56:47 +0000 2017", "id": 922582601998639104, "in_reply_to_status_id": null, "retweet_count": 172, "entities": {"hashtags": [], "urls": [{"display_url": "twitter.com/i/moments/9225\u2026", "indices": [115, 138], "expanded_url": "https://twitter.com/i/moments/922573122712190976", "url": "https://t.co/wemmVOigh8"}], "symbols": [], "user_mentions": []}, "contributors": null, "source": "<a href=\"http://twitter.com/download/android\" rel=\"nofollow\">Twitter for Android</a>", "truncated": false, "text": "THIS is a clear and present danger to free democracy. \n\nIf this happens sinclair would control medias narrative. \n\nhttps://t.co/wemmVOigh8", "possibly_sensitive": false, "is_quote_status": false, "lang": "en"}, "in_reply_to_status_id": null, "retweet_count": 172, "entities": {"hashtags": [], "urls": [], "symbols": [], "user_mentions": [{"id_str": "540543234", "name": "Jamie Carter #Resist", "screen_name": "JCTheResistance", "id": 540543234, "indices": [3, 19]}]}, "contributors": null, "source": "<a href=\"http://twitter.com/download/android\" rel=\"nofollow\">Twitter for Android</a>", "truncated": false, "text": "RT @JCTheResistance: THIS is a clear and present danger to free democracy. \n\nIf this happens sinclair would control medias narrative. \n\nhtt\u2026", "is_quote_status": false, "lang": "en"}, "time_zone": "Pacific Time (US & Canada)", "profile_image_url": "http://pbs.twimg.com/profile_images/1170469190/twitter44_normal.jpg", "profile_background_image_url_https": "https://abs.twimg.com/images/themes/theme1/bg.png", "notifications": false, "friends_count": 985, "lang": "en"}
2017-10-24T14:00:04.139420	{"id_str": "68325967", "entities": {"description": {"urls": []}}, "profile_link_color": "1DA1F2", "is_translator": false, "favourites_count": 5221, "profile_sidebar_border_color": "C0DEED", "profile_text_color": "333333", "profile_image_url": "http://pbs.twimg.com/profile_images/1170469190/twitter44_normal.jpg", "status": {"id_str": "922588156116869120", "entities": {"symbols": [], "hashtags": [], "user_mentions": [{"id": 540543234, "id_str": "540543234", "indices": [3, 19], "name": "Jamie Carter #Resist", "screen_name": "JCTheResistance"}], "urls": []}, "retweeted": false, "place": null, "in_reply_to_screen_name": null, "text": "RT @JCTheResistance: THIS is a clear and present danger to free democracy. \n\nIf this happens sinclair would control medias narrative. \n\nhtt\u2026", "in_reply_to_user_id_str": null, "in_reply_to_status_id": null, "coordinates": null, "id": 922588156116869120, "retweeted_status": {"id_str": "922582601998639104", "entities": {"symbols": [], "hashtags": [], "user_mentions": [], "urls": [{"indices": [115, 138], "display_url": "twitter.com/i/moments/9225\u2026", "expanded_url": "https://twitter.com/i/moments/922573122712190976", "url": "https://t.co/wemmVOigh8"}]}, "place": null, "in_reply_to_screen_name": null, "text": "THIS is a clear and present danger to free democracy. \n\nIf this happens sinclair would control medias narrative. \n\nhttps://t.co/wemmVOigh8", "retweeted": false, "in_reply_to_status_id": null, "coordinates": null, "id": 922582601998639104, "possibly_sensitive": false, "retweet_count": 174, "created_at": "Mon Oct 23 21:56:47 +0000 2017", "truncated": false, "source": "<a href=\"http://twitter.com/download/android\" rel=\"nofollow\">Twitter for Android</a>", "favorite_count": 102, "in_reply_to_status_id_str": null, "is_quote_status": false, "favorited": false, "geo": null, "in_reply_to_user_id": null, "contributors": null, "lang": "en", "in_reply_to_user_id_str": null}, "created_at": "Mon Oct 23 22:18:51 +0000 2017", "truncated": false, "source": "<a href=\"http://twitter.com/download/android\" rel=\"nofollow\">Twitter for Android</a>", "favorite_count": 0, "in_reply_to_status_id_str": null, "is_quote_status": false, "favorited": false, "geo": null, "in_reply_to_user_id": null, "contributors": null, "lang": "en", "retweet_count": 174}, "friends_count": 985, "follow_request_sent": false, "screen_name": "agilemeister", "contributors_enabled": false, "has_extended_profile": false, "created_at": "Mon Aug 24 04:24:27 +0000 2009", "default_profile_image": false, "time_zone": "Pacific Time (US & Canada)", "protected": false, "profile_background_image_url_https": "https://abs.twimg.com/images/themes/theme1/bg.png", "profile_background_image_url": "http://abs.twimg.com/images/themes/theme1/bg.png", "location": "San Francisco/Singapore", "is_translation_enabled": false, "profile_background_tile": false, "id": 68325967, "translator_type": "none", "geo_enabled": true, "notifications": false, "following": false, "default_profile": true, "listed_count": 243, "profile_image_url_https": "https://pbs.twimg.com/profile_images/1170469190/twitter44_normal.jpg", "profile_use_background_image": true, "url": null, "profile_background_color": "C0DEED", "lang": "en", "name": "Angeline Tan", "statuses_count": 29067, "profile_sidebar_fill_color": "DDEEF6", "verified": false, "utc_offset": -25200, "followers_count": 1424, "description": "Badass agile practitioner & instigator, Delicate flower w/ a big mouth. Tweets & opinions are mine & mine only.  @Addicaid early funder."}
2017-10-24T15:00:03.708025	{"profile_use_background_image": true, "description": "Badass agile practitioner & instigator, Delicate flower w/ a big mouth. Tweets & opinions are mine & mine only.  @Addicaid early funder.", "friends_count": 985, "statuses_count": 29067, "default_profile_image": false, "followers_count": 1424, "lang": "en", "entities": {"description": {"urls": []}}, "location": "San Francisco/Singapore", "url": null, "screen_name": "agilemeister", "profile_text_color": "333333", "contributors_enabled": false, "profile_image_url": "http://pbs.twimg.com/profile_images/1170469190/twitter44_normal.jpg", "is_translation_enabled": false, "translator_type": "none", "name": "Angeline Tan", "created_at": "Mon Aug 24 04:24:27 +0000 2009", "notifications": false, "profile_image_url_https": "https://pbs.twimg.com/profile_images/1170469190/twitter44_normal.jpg", "profile_sidebar_fill_color": "DDEEF6", "following": false, "profile_background_image_url": "http://abs.twimg.com/images/themes/theme1/bg.png", "listed_count": 243, "has_extended_profile": false, "profile_background_tile": false, "follow_request_sent": false, "id": 68325967, "verified": false, "status": {"geo": null, "created_at": "Mon Oct 23 22:18:51 +0000 2017", "source": "<a href=\"http://twitter.com/download/android\" rel=\"nofollow\">Twitter for Android</a>", "truncated": false, "text": "RT @JCTheResistance: THIS is a clear and present danger to free democracy. \n\nIf this happens sinclair would control medias narrative. \n\nhtt\u2026", "entities": {"hashtags": [], "user_mentions": [{"id_str": "540543234", "id": 540543234, "screen_name": "JCTheResistance", "name": "Jamie Carter #Resist", "indices": [3, 19]}], "urls": [], "symbols": []}, "lang": "en", "favorite_count": 0, "contributors": null, "is_quote_status": false, "in_reply_to_status_id": null, "retweeted_status": {"geo": null, "created_at": "Mon Oct 23 21:56:47 +0000 2017", "source": "<a href=\"http://twitter.com/download/android\" rel=\"nofollow\">Twitter for Android</a>", "truncated": false, "text": "THIS is a clear and present danger to free democracy. \n\nIf this happens sinclair would control medias narrative. \n\nhttps://t.co/wemmVOigh8", "entities": {"hashtags": [], "user_mentions": [], "urls": [{"expanded_url": "https://twitter.com/i/moments/922573122712190976", "display_url": "twitter.com/i/moments/9225\u2026", "url": "https://t.co/wemmVOigh8", "indices": [115, 138]}], "symbols": []}, "lang": "en", "favorite_count": 105, "retweeted": false, "is_quote_status": false, "in_reply_to_status_id": null, "coordinates": null, "retweet_count": 179, "in_reply_to_user_id": null, "in_reply_to_user_id_str": null, "possibly_sensitive": false, "id": 922582601998639104, "favorited": false, "contributors": null, "id_str": "922582601998639104", "in_reply_to_screen_name": null, "place": null, "in_reply_to_status_id_str": null}, "coordinates": null, "retweet_count": 179, "in_reply_to_user_id": null, "retweeted": false, "in_reply_to_user_id_str": null, "id": 922588156116869120, "favorited": false, "id_str": "922588156116869120", "in_reply_to_screen_name": null, "place": null, "in_reply_to_status_id_str": null}, "utc_offset": -25200, "protected": false, "profile_link_color": "1DA1F2", "id_str": "68325967", "profile_background_color": "C0DEED", "is_translator": false, "profile_sidebar_border_color": "C0DEED", "default_profile": true, "profile_background_image_url_https": "https://abs.twimg.com/images/themes/theme1/bg.png", "time_zone": "Pacific Time (US & Canada)", "favourites_count": 5221, "geo_enabled": true}
2017-10-24T16:00:04.554693	{"entities": {"description": {"urls": []}}, "protected": false, "is_translator": false, "time_zone": "Pacific Time (US & Canada)", "profile_image_url": "http://pbs.twimg.com/profile_images/1170469190/twitter44_normal.jpg", "default_profile": true, "profile_background_tile": false, "has_extended_profile": false, "profile_image_url_https": "https://pbs.twimg.com/profile_images/1170469190/twitter44_normal.jpg", "id": 68325967, "friends_count": 985, "created_at": "Mon Aug 24 04:24:27 +0000 2009", "profile_link_color": "1DA1F2", "contributors_enabled": false, "profile_use_background_image": true, "translator_type": "none", "lang": "en", "url": null, "profile_sidebar_border_color": "C0DEED", "follow_request_sent": false, "profile_sidebar_fill_color": "DDEEF6", "listed_count": 243, "profile_background_color": "C0DEED", "favourites_count": 5221, "is_translation_enabled": false, "followers_count": 1423, "profile_background_image_url": "http://abs.twimg.com/images/themes/theme1/bg.png", "screen_name": "agilemeister", "notifications": false, "location": "San Francisco/Singapore", "following": false, "verified": false, "utc_offset": -25200, "default_profile_image": false, "status": {"entities": {"urls": [], "user_mentions": [{"indices": [3, 19], "screen_name": "JCTheResistance", "id_str": "540543234", "name": "Jamie Carter #Resist", "id": 540543234}], "symbols": [], "hashtags": []}, "in_reply_to_status_id_str": null, "coordinates": null, "id": 922588156116869120, "in_reply_to_user_id_str": null, "created_at": "Mon Oct 23 22:18:51 +0000 2017", "retweeted_status": {"entities": {"urls": [{"display_url": "twitter.com/i/moments/9225\u2026", "expanded_url": "https://twitter.com/i/moments/922573122712190976", "indices": [115, 138], "url": "https://t.co/wemmVOigh8"}], "user_mentions": [], "symbols": [], "hashtags": []}, "in_reply_to_status_id_str": null, "coordinates": null, "possibly_sensitive": false, "id": 922582601998639104, "in_reply_to_user_id_str": null, "created_at": "Mon Oct 23 21:56:47 +0000 2017", "geo": null, "in_reply_to_user_id": null, "in_reply_to_screen_name": null, "retweet_count": 181, "is_quote_status": false, "truncated": false, "lang": "en", "text": "THIS is a clear and present danger to free democracy. \n\nIf this happens sinclair would control medias narrative. \n\nhttps://t.co/wemmVOigh8", "retweeted": false, "source": "<a href=\"http://twitter.com/download/android\" rel=\"nofollow\">Twitter for Android</a>", "in_reply_to_status_id": null, "favorited": false, "favorite_count": 107, "contributors": null, "id_str": "922582601998639104", "place": null}, "geo": null, "in_reply_to_user_id": null, "in_reply_to_screen_name": null, "retweet_count": 181, "is_quote_status": false, "truncated": false, "lang": "en", "text": "RT @JCTheResistance: THIS is a clear and present danger to free democracy. \n\nIf this happens sinclair would control medias narrative. \n\nhtt\u2026", "place": null, "retweeted": false, "in_reply_to_status_id": null, "favorited": false, "favorite_count": 0, "contributors": null, "id_str": "922588156116869120", "source": "<a href=\"http://twitter.com/download/android\" rel=\"nofollow\">Twitter for Android</a>"}, "name": "Angeline Tan", "profile_text_color": "333333", "geo_enabled": true, "profile_background_image_url_https": "https://abs.twimg.com/images/themes/theme1/bg.png", "id_str": "68325967", "statuses_count": 29067, "description": "Badass agile practitioner & instigator, Delicate flower w/ a big mouth. Tweets & opinions are mine & mine only.  @Addicaid early funder."}
2017-10-24T17:00:03.854826	{"lang": "en", "protected": false, "notifications": false, "profile_background_tile": false, "location": "San Francisco/Singapore", "screen_name": "agilemeister", "id": 68325967, "default_profile_image": false, "time_zone": "Pacific Time (US & Canada)", "default_profile": true, "has_extended_profile": false, "created_at": "Mon Aug 24 04:24:27 +0000 2009", "description": "Badass agile practitioner & instigator, Delicate flower w/ a big mouth. Tweets & opinions are mine & mine only.  @Addicaid early funder.", "profile_sidebar_border_color": "C0DEED", "followers_count": 1423, "profile_background_color": "C0DEED", "profile_use_background_image": true, "profile_background_image_url_https": "https://abs.twimg.com/images/themes/theme1/bg.png", "verified": false, "utc_offset": -25200, "profile_background_image_url": "http://abs.twimg.com/images/themes/theme1/bg.png", "geo_enabled": true, "follow_request_sent": false, "url": null, "friends_count": 985, "following": false, "is_translator": false, "listed_count": 243, "id_str": "68325967", "profile_sidebar_fill_color": "DDEEF6", "profile_text_color": "333333", "profile_image_url": "http://pbs.twimg.com/profile_images/1170469190/twitter44_normal.jpg", "profile_image_url_https": "https://pbs.twimg.com/profile_images/1170469190/twitter44_normal.jpg", "name": "Angeline Tan", "status": {"is_quote_status": false, "contributors": null, "lang": "en", "geo": null, "source": "<a href=\"http://twitter.com/download/android\" rel=\"nofollow\">Twitter for Android</a>", "id": 922588156116869120, "text": "RT @JCTheResistance: THIS is a clear and present danger to free democracy. \n\nIf this happens sinclair would control medias narrative. \n\nhtt\u2026", "created_at": "Mon Oct 23 22:18:51 +0000 2017", "in_reply_to_user_id_str": null, "retweeted": false, "place": null, "truncated": false, "in_reply_to_user_id": null, "in_reply_to_screen_name": null, "id_str": "922588156116869120", "in_reply_to_status_id_str": null, "in_reply_to_status_id": null, "favorite_count": 0, "retweet_count": 183, "retweeted_status": {"is_quote_status": false, "contributors": null, "lang": "en", "geo": null, "source": "<a href=\"http://twitter.com/download/android\" rel=\"nofollow\">Twitter for Android</a>", "id": 922582601998639104, "text": "THIS is a clear and present danger to free democracy. \n\nIf this happens sinclair would control medias narrative. \n\nhttps://t.co/wemmVOigh8", "created_at": "Mon Oct 23 21:56:47 +0000 2017", "in_reply_to_user_id_str": null, "retweeted": false, "place": null, "truncated": false, "in_reply_to_user_id": null, "in_reply_to_screen_name": null, "id_str": "922582601998639104", "in_reply_to_status_id_str": null, "possibly_sensitive": false, "in_reply_to_status_id": null, "favorite_count": 109, "retweet_count": 183, "entities": {"urls": [{"display_url": "twitter.com/i/moments/9225\u2026", "expanded_url": "https://twitter.com/i/moments/922573122712190976", "indices": [115, 138], "url": "https://t.co/wemmVOigh8"}], "hashtags": [], "symbols": [], "user_mentions": []}, "favorited": false, "coordinates": null}, "entities": {"urls": [], "hashtags": [], "symbols": [], "user_mentions": [{"indices": [3, 19], "id": 540543234, "screen_name": "JCTheResistance", "name": "Jamie Carter #Resist", "id_str": "540543234"}]}, "favorited": false, "coordinates": null}, "statuses_count": 29067, "is_translation_enabled": false, "entities": {"description": {"urls": []}}, "profile_link_color": "1DA1F2", "contributors_enabled": false, "translator_type": "none", "favourites_count": 5221}
2017-10-24T18:00:03.914007	{"has_extended_profile": false, "notifications": false, "profile_background_image_url": "http://abs.twimg.com/images/themes/theme1/bg.png", "profile_use_background_image": true, "verified": false, "following": false, "status": {"retweeted": false, "place": null, "favorited": false, "in_reply_to_user_id": null, "contributors": null, "text": "RT @JCTheResistance: THIS is a clear and present danger to free democracy. \n\nIf this happens sinclair would control medias narrative. \n\nhtt\u2026", "in_reply_to_status_id": null, "retweeted_status": {"retweeted": false, "possibly_sensitive": false, "place": null, "favorited": false, "in_reply_to_user_id": null, "contributors": null, "text": "THIS is a clear and present danger to free democracy. \n\nIf this happens sinclair would control medias narrative. \n\nhttps://t.co/wemmVOigh8", "in_reply_to_status_id": null, "id_str": "922582601998639104", "source": "<a href=\"http://twitter.com/download/android\" rel=\"nofollow\">Twitter for Android</a>", "coordinates": null, "in_reply_to_screen_name": null, "in_reply_to_user_id_str": null, "truncated": false, "created_at": "Mon Oct 23 21:56:47 +0000 2017", "entities": {"hashtags": [], "user_mentions": [], "symbols": [], "urls": [{"url": "https://t.co/wemmVOigh8", "indices": [115, 138], "display_url": "twitter.com/i/moments/9225\u2026", "expanded_url": "https://twitter.com/i/moments/922573122712190976"}]}, "is_quote_status": false, "retweet_count": 197, "favorite_count": 118, "id": 922582601998639104, "lang": "en", "geo": null, "in_reply_to_status_id_str": null}, "id_str": "922588156116869120", "source": "<a href=\"http://twitter.com/download/android\" rel=\"nofollow\">Twitter for Android</a>", "coordinates": null, "in_reply_to_screen_name": null, "in_reply_to_user_id_str": null, "truncated": false, "created_at": "Mon Oct 23 22:18:51 +0000 2017", "entities": {"hashtags": [], "user_mentions": [{"screen_name": "JCTheResistance", "id": 540543234, "indices": [3, 19], "name": "Jamie Carter #Resist", "id_str": "540543234"}], "symbols": [], "urls": []}, "is_quote_status": false, "retweet_count": 197, "favorite_count": 0, "id": 922588156116869120, "lang": "en", "geo": null, "in_reply_to_status_id_str": null}, "protected": false, "name": "Angeline Tan", "statuses_count": 29067, "description": "Badass agile practitioner & instigator, Delicate flower w/ a big mouth. Tweets & opinions are mine & mine only.  @Addicaid early funder.", "url": null, "profile_background_image_url_https": "https://abs.twimg.com/images/themes/theme1/bg.png", "profile_link_color": "1DA1F2", "friends_count": 985, "profile_background_tile": false, "translator_type": "none", "profile_text_color": "333333", "profile_sidebar_border_color": "C0DEED", "id_str": "68325967", "utc_offset": -25200, "lang": "en", "default_profile_image": false, "default_profile": true, "followers_count": 1423, "geo_enabled": true, "screen_name": "agilemeister", "profile_image_url": "http://pbs.twimg.com/profile_images/1170469190/twitter44_normal.jpg", "is_translator": false, "profile_image_url_https": "https://pbs.twimg.com/profile_images/1170469190/twitter44_normal.jpg", "listed_count": 243, "is_translation_enabled": false, "created_at": "Mon Aug 24 04:24:27 +0000 2009", "entities": {"description": {"urls": []}}, "profile_background_color": "C0DEED", "favourites_count": 5221, "contributors_enabled": false, "id": 68325967, "time_zone": "Pacific Time (US & Canada)", "follow_request_sent": false, "profile_sidebar_fill_color": "DDEEF6", "location": "San Francisco/Singapore"}
2017-10-24T19:00:03.502674	{"id": 68325967, "following": false, "lang": "en", "notifications": false, "profile_sidebar_border_color": "C0DEED", "friends_count": 985, "profile_background_color": "C0DEED", "location": "San Francisco/Singapore", "profile_link_color": "1DA1F2", "profile_background_image_url": "http://abs.twimg.com/images/themes/theme1/bg.png", "url": null, "description": "Badass agile practitioner & instigator, Delicate flower w/ a big mouth. Tweets & opinions are mine & mine only.  @Addicaid early funder.", "id_str": "68325967", "created_at": "Mon Aug 24 04:24:27 +0000 2009", "has_extended_profile": false, "default_profile": true, "profile_use_background_image": true, "profile_text_color": "333333", "name": "Angeline Tan", "profile_background_tile": false, "utc_offset": -25200, "entities": {"description": {"urls": []}}, "statuses_count": 29068, "verified": false, "profile_image_url": "http://pbs.twimg.com/profile_images/1170469190/twitter44_normal.jpg", "is_translation_enabled": false, "profile_background_image_url_https": "https://abs.twimg.com/images/themes/theme1/bg.png", "default_profile_image": false, "favourites_count": 5221, "followers_count": 1423, "protected": false, "translator_type": "none", "listed_count": 243, "geo_enabled": true, "is_translator": false, "screen_name": "agilemeister", "time_zone": "Pacific Time (US & Canada)", "contributors_enabled": false, "profile_sidebar_fill_color": "DDEEF6", "status": {"id": 922891162372907008, "in_reply_to_user_id_str": "109702390", "truncated": false, "lang": "en", "contributors": null, "in_reply_to_status_id": null, "source": "<a href=\"http://twitter.com/download/android\" rel=\"nofollow\">Twitter for Android</a>", "place": null, "coordinates": null, "favorited": false, "is_quote_status": false, "in_reply_to_screen_name": "sfmta_muni", "entities": {"hashtags": [], "user_mentions": [{"id": 109702390, "id_str": "109702390", "name": "SFMTA", "screen_name": "sfmta_muni", "indices": [0, 11]}], "symbols": [], "urls": []}, "retweeted": false, "in_reply_to_user_id": 109702390, "favorite_count": 0, "text": "@sfmta_muni do your riders a service, removed bus stop should have signage indicating so.  This is an easy fix.  Do it!", "id_str": "922891162372907008", "retweet_count": 0, "in_reply_to_status_id_str": null, "geo": null, "created_at": "Tue Oct 24 18:22:54 +0000 2017"}, "follow_request_sent": false, "profile_image_url_https": "https://pbs.twimg.com/profile_images/1170469190/twitter44_normal.jpg"}
2017-10-24T20:00:04.382473	{"id": 68325967, "url": null, "contributors_enabled": false, "utc_offset": -25200, "friends_count": 985, "id_str": "68325967", "profile_sidebar_fill_color": "DDEEF6", "profile_use_background_image": true, "profile_text_color": "333333", "verified": false, "screen_name": "agilemeister", "notifications": false, "is_translator": false, "profile_background_image_url_https": "https://abs.twimg.com/images/themes/theme1/bg.png", "profile_link_color": "1DA1F2", "lang": "en", "has_extended_profile": false, "default_profile_image": false, "follow_request_sent": false, "translator_type": "none", "profile_sidebar_border_color": "C0DEED", "time_zone": "Pacific Time (US & Canada)", "default_profile": true, "is_translation_enabled": false, "following": false, "created_at": "Mon Aug 24 04:24:27 +0000 2009", "profile_image_url": "http://pbs.twimg.com/profile_images/1170469190/twitter44_normal.jpg", "entities": {"description": {"urls": []}}, "statuses_count": 29069, "profile_background_tile": false, "profile_background_color": "C0DEED", "status": {"id": 922901442557444096, "favorited": false, "id_str": "922901442557444096", "in_reply_to_status_id": null, "geo": null, "is_quote_status": false, "in_reply_to_user_id_str": null, "possibly_sensitive": false, "lang": "und", "in_reply_to_screen_name": null, "retweeted": false, "source": "<a href=\"http://twitter.com/download/android\" rel=\"nofollow\">Twitter for Android</a>", "text": "https://t.co/dI4uIMUR6G", "in_reply_to_status_id_str": null, "created_at": "Tue Oct 24 19:03:45 +0000 2017", "entities": {"symbols": [], "urls": [{"url": "https://t.co/dI4uIMUR6G", "indices": [0, 23], "display_url": "nuzzel.com/story/10232017\u2026", "expanded_url": "http://nuzzel.com/story/10232017/hbr/we_asked_men_and_women_to_wear_sensors_at_work_they_act_the_same_but?utm_campaign=&utm_medium=email&utm_source=nuzzel"}], "hashtags": [], "user_mentions": []}, "contributors": null, "place": null, "in_reply_to_user_id": null, "retweet_count": 0, "favorite_count": 0, "coordinates": null, "truncated": false}, "profile_image_url_https": "https://pbs.twimg.com/profile_images/1170469190/twitter44_normal.jpg", "followers_count": 1423, "name": "Angeline Tan", "listed_count": 245, "profile_background_image_url": "http://abs.twimg.com/images/themes/theme1/bg.png", "favourites_count": 5221, "geo_enabled": true, "protected": false, "description": "Badass agile practitioner & instigator, Delicate flower w/ a big mouth. Tweets & opinions are mine & mine only.  @Addicaid early funder.", "location": "San Francisco/Singapore"}
2017-10-24T21:00:04.392313	{"profile_background_color": "C0DEED", "protected": false, "translator_type": "none", "profile_sidebar_fill_color": "DDEEF6", "name": "Angeline Tan", "is_translation_enabled": false, "url": null, "profile_background_image_url_https": "https://abs.twimg.com/images/themes/theme1/bg.png", "has_extended_profile": false, "screen_name": "agilemeister", "geo_enabled": true, "following": false, "default_profile_image": false, "description": "Badass agile practitioner & instigator, Delicate flower w/ a big mouth. Tweets & opinions are mine & mine only.  @Addicaid early funder.", "profile_image_url_https": "https://pbs.twimg.com/profile_images/1170469190/twitter44_normal.jpg", "id": 68325967, "followers_count": 1423, "id_str": "68325967", "is_translator": false, "created_at": "Mon Aug 24 04:24:27 +0000 2009", "favourites_count": 5221, "listed_count": 243, "utc_offset": -25200, "location": "San Francisco/Singapore", "statuses_count": 29069, "friends_count": 985, "profile_background_image_url": "http://abs.twimg.com/images/themes/theme1/bg.png", "status": {"truncated": false, "in_reply_to_screen_name": null, "retweet_count": 0, "in_reply_to_user_id": null, "id": 922901442557444096, "contributors": null, "id_str": "922901442557444096", "geo": null, "created_at": "Tue Oct 24 19:03:45 +0000 2017", "place": null, "is_quote_status": false, "favorited": false, "favorite_count": 0, "in_reply_to_status_id": null, "in_reply_to_user_id_str": null, "retweeted": false, "entities": {"user_mentions": [], "symbols": [], "urls": [{"url": "https://t.co/dI4uIMUR6G", "display_url": "nuzzel.com/story/10232017\u2026", "indices": [0, 23], "expanded_url": "http://nuzzel.com/story/10232017/hbr/we_asked_men_and_women_to_wear_sensors_at_work_they_act_the_same_but?utm_campaign=&utm_medium=email&utm_source=nuzzel"}], "hashtags": []}, "lang": "und", "in_reply_to_status_id_str": null, "coordinates": null, "possibly_sensitive": false, "text": "https://t.co/dI4uIMUR6G", "source": "<a href=\"http://twitter.com/download/android\" rel=\"nofollow\">Twitter for Android</a>"}, "profile_sidebar_border_color": "C0DEED", "notifications": false, "profile_background_tile": false, "profile_use_background_image": true, "follow_request_sent": false, "entities": {"description": {"urls": []}}, "lang": "en", "profile_link_color": "1DA1F2", "verified": false, "profile_image_url": "http://pbs.twimg.com/profile_images/1170469190/twitter44_normal.jpg", "contributors_enabled": false, "time_zone": "Pacific Time (US & Canada)", "default_profile": true, "profile_text_color": "333333"}
2017-10-24T22:00:03.848557	{"statuses_count": 29070, "notifications": false, "followers_count": 1423, "id_str": "68325967", "location": "San Francisco/Singapore", "screen_name": "agilemeister", "profile_image_url_https": "https://pbs.twimg.com/profile_images/1170469190/twitter44_normal.jpg", "profile_background_image_url_https": "https://abs.twimg.com/images/themes/theme1/bg.png", "name": "Angeline Tan", "geo_enabled": true, "friends_count": 985, "created_at": "Mon Aug 24 04:24:27 +0000 2009", "is_translator": false, "profile_sidebar_border_color": "C0DEED", "status": {"contributors": null, "id_str": "922934840504172544", "is_quote_status": false, "in_reply_to_user_id": 109702390, "in_reply_to_status_id": 922891504040919040, "lang": "en", "source": "<a href=\"http://twitter.com/download/android\" rel=\"nofollow\">Twitter for Android</a>", "in_reply_to_user_id_str": "109702390", "favorited": false, "in_reply_to_status_id_str": "922891504040919040", "retweeted": false, "in_reply_to_screen_name": "sfmta_muni", "place": null, "created_at": "Tue Oct 24 21:16:27 +0000 2017", "text": "@sfmta_muni Bus line 30  whole bunch of us waiting at the ( chestnut and Steiner?) bus stop and got left behind.", "entities": {"hashtags": [], "user_mentions": [{"indices": [0, 11], "screen_name": "sfmta_muni", "id_str": "109702390", "name": "SFMTA", "id": 109702390}], "symbols": [], "urls": []}, "id": 922934840504172544, "favorite_count": 0, "geo": null, "retweet_count": 0, "coordinates": null, "truncated": false}, "is_translation_enabled": false, "profile_background_tile": false, "lang": "en", "profile_sidebar_fill_color": "DDEEF6", "following": false, "profile_background_color": "C0DEED", "favourites_count": 5221, "time_zone": "Pacific Time (US & Canada)", "protected": false, "profile_background_image_url": "http://abs.twimg.com/images/themes/theme1/bg.png", "profile_image_url": "http://pbs.twimg.com/profile_images/1170469190/twitter44_normal.jpg", "default_profile_image": false, "profile_use_background_image": true, "profile_link_color": "1DA1F2", "verified": false, "url": null, "follow_request_sent": false, "entities": {"description": {"urls": []}}, "id": 68325967, "contributors_enabled": false, "profile_text_color": "333333", "default_profile": true, "description": "Badass agile practitioner & instigator, Delicate flower w/ a big mouth. Tweets & opinions are mine & mine only.  @Addicaid early funder.", "utc_offset": -25200, "has_extended_profile": false, "listed_count": 243, "translator_type": "none"}
2017-10-24T23:00:03.864409	{"utc_offset": -25200, "listed_count": 243, "profile_image_url": "http://pbs.twimg.com/profile_images/1170469190/twitter44_normal.jpg", "id_str": "68325967", "friends_count": 985, "favourites_count": 5222, "profile_use_background_image": true, "time_zone": "Pacific Time (US & Canada)", "url": null, "created_at": "Mon Aug 24 04:24:27 +0000 2009", "lang": "en", "contributors_enabled": false, "profile_background_image_url_https": "https://abs.twimg.com/images/themes/theme1/bg.png", "profile_sidebar_border_color": "C0DEED", "translator_type": "none", "profile_background_image_url": "http://abs.twimg.com/images/themes/theme1/bg.png", "verified": false, "description": "Badass agile practitioner & instigator, Delicate flower w/ a big mouth. Tweets & opinions are mine & mine only.  @Addicaid early funder.", "entities": {"description": {"urls": []}}, "protected": false, "location": "San Francisco/Singapore", "default_profile": true, "screen_name": "agilemeister", "name": "Angeline Tan", "profile_sidebar_fill_color": "DDEEF6", "profile_image_url_https": "https://pbs.twimg.com/profile_images/1170469190/twitter44_normal.jpg", "followers_count": 1423, "id": 68325967, "has_extended_profile": false, "following": false, "profile_text_color": "333333", "is_translation_enabled": false, "is_translator": false, "geo_enabled": true, "follow_request_sent": false, "notifications": false, "statuses_count": 29071, "profile_background_color": "C0DEED", "profile_link_color": "1DA1F2", "profile_background_tile": false, "status": {"is_quote_status": false, "retweeted_status": {"is_quote_status": false, "id_str": "922892993144676352", "in_reply_to_user_id": null, "place": null, "lang": "en", "created_at": "Tue Oct 24 18:30:10 +0000 2017", "in_reply_to_screen_name": null, "extended_entities": {"media": [{"media_url_https": "https://pbs.twimg.com/media/DM7GSSsVoAAXQzm.jpg", "indices": [26, 49], "type": "photo", "id_str": "922892991215280128", "expanded_url": "https://twitter.com/Strange_Animals/status/922892993144676352/photo/1", "sizes": {"small": {"w": 490, "h": 360, "resize": "fit"}, "large": {"w": 490, "h": 360, "resize": "fit"}, "thumb": {"w": 150, "h": 150, "resize": "crop"}, "medium": {"w": 490, "h": 360, "resize": "fit"}}, "display_url": "pic.twitter.com/YXexrpAQI9", "id": 922892991215280128, "media_url": "http://pbs.twimg.com/media/DM7GSSsVoAAXQzm.jpg", "url": "https://t.co/YXexrpAQI9"}]}, "text": "Townsend's big eared bat. https://t.co/YXexrpAQI9", "entities": {"urls": [], "symbols": [], "hashtags": [], "media": [{"media_url_https": "https://pbs.twimg.com/media/DM7GSSsVoAAXQzm.jpg", "indices": [26, 49], "type": "photo", "id_str": "922892991215280128", "expanded_url": "https://twitter.com/Strange_Animals/status/922892993144676352/photo/1", "sizes": {"small": {"w": 490, "h": 360, "resize": "fit"}, "large": {"w": 490, "h": 360, "resize": "fit"}, "thumb": {"w": 150, "h": 150, "resize": "crop"}, "medium": {"w": 490, "h": 360, "resize": "fit"}}, "display_url": "pic.twitter.com/YXexrpAQI9", "id": 922892991215280128, "media_url": "http://pbs.twimg.com/media/DM7GSSsVoAAXQzm.jpg", "url": "https://t.co/YXexrpAQI9"}], "user_mentions": []}, "coordinates": null, "source": "<a href=\"http://klout.com\" rel=\"nofollow\">Post with Klout</a>", "in_reply_to_status_id_str": null, "favorite_count": 1799, "in_reply_to_status_id": null, "geo": null, "in_reply_to_user_id_str": null, "id": 922892993144676352, "retweet_count": 644, "possibly_sensitive": false, "retweeted": false, "contributors": null, "truncated": false, "favorited": false}, "id_str": "922955270321401856", "in_reply_to_user_id": null, "place": null, "lang": "en", "created_at": "Tue Oct 24 22:37:38 +0000 2017", "in_reply_to_screen_name": null, "extended_entities": {"media": [{"media_url_https": "https://pbs.twimg.com/media/DM7GSSsVoAAXQzm.jpg", "source_status_id_str": "922892993144676352", "indices": [47, 70], "type": "photo", "id_str": "922892991215280128", "source_status_id": 922892993144676352, "id": 922892991215280128, "display_url": "pic.twitter.com/YXexrpAQI9", "source_user_id_str": "1477312464", "url": "https://t.co/YXexrpAQI9", "source_user_id": 1477312464, "media_url": "http://pbs.twimg.com/media/DM7GSSsVoAAXQzm.jpg", "sizes": {"small": {"w": 490, "h": 360, "resize": "fit"}, "large": {"w": 490, "h": 360, "resize": "fit"}, "thumb": {"w": 150, "h": 150, "resize": "crop"}, "medium": {"w": 490, "h": 360, "resize": "fit"}}, "expanded_url": "https://twitter.com/Strange_Animals/status/922892993144676352/photo/1"}]}, "text": "RT @Strange_Animals: Townsend's big eared bat. https://t.co/YXexrpAQI9", "entities": {"urls": [], "symbols": [], "hashtags": [], "media": [{"media_url_https": "https://pbs.twimg.com/media/DM7GSSsVoAAXQzm.jpg", "source_status_id_str": "922892993144676352", "indices": [47, 70], "type": "photo", "id_str": "922892991215280128", "source_status_id": 922892993144676352, "id": 922892991215280128, "display_url": "pic.twitter.com/YXexrpAQI9", "source_user_id_str": "1477312464", "url": "https://t.co/YXexrpAQI9", "source_user_id": 1477312464, "media_url": "http://pbs.twimg.com/media/DM7GSSsVoAAXQzm.jpg", "sizes": {"small": {"w": 490, "h": 360, "resize": "fit"}, "large": {"w": 490, "h": 360, "resize": "fit"}, "thumb": {"w": 150, "h": 150, "resize": "crop"}, "medium": {"w": 490, "h": 360, "resize": "fit"}}, "expanded_url": "https://twitter.com/Strange_Animals/status/922892993144676352/photo/1"}], "user_mentions": [{"id": 1477312464, "indices": [3, 19], "screen_name": "Strange_Animals", "name": "Strange Animals", "id_str": "1477312464"}]}, "coordinates": null, "source": "<a href=\"http://twitter.com/download/android\" rel=\"nofollow\">Twitter for Android</a>", "in_reply_to_status_id_str": null, "favorite_count": 0, "in_reply_to_status_id": null, "geo": null, "in_reply_to_user_id_str": null, "id": 922955270321401856, "retweet_count": 644, "possibly_sensitive": false, "retweeted": false, "contributors": null, "truncated": false, "favorited": false}, "default_profile_image": false}
2017-10-25T00:00:03.562908	{"followers_count": 1422, "notifications": false, "id": 68325967, "profile_sidebar_border_color": "C0DEED", "id_str": "68325967", "follow_request_sent": false, "contributors_enabled": false, "profile_image_url": "http://pbs.twimg.com/profile_images/1170469190/twitter44_normal.jpg", "utc_offset": -25200, "friends_count": 985, "translator_type": "none", "status": {"retweeted": false, "text": "OH on the bus:. It is hot as hell in the city ... Is the AC on the bus?", "id_str": "922969476919730176", "place": null, "retweet_count": 0, "in_reply_to_user_id_str": null, "id": 922969476919730176, "favorite_count": 0, "truncated": false, "created_at": "Tue Oct 24 23:34:05 +0000 2017", "is_quote_status": false, "favorited": false, "in_reply_to_status_id": null, "source": "<a href=\"http://twitter.com/download/android\" rel=\"nofollow\">Twitter for Android</a>", "in_reply_to_status_id_str": null, "contributors": null, "entities": {"user_mentions": [], "urls": [], "symbols": [], "hashtags": []}, "in_reply_to_screen_name": null, "lang": "en", "coordinates": null, "in_reply_to_user_id": null, "geo": null}, "profile_background_tile": false, "location": "San Francisco/Singapore", "profile_sidebar_fill_color": "DDEEF6", "time_zone": "Pacific Time (US & Canada)", "screen_name": "agilemeister", "has_extended_profile": false, "profile_link_color": "1DA1F2", "created_at": "Mon Aug 24 04:24:27 +0000 2009", "profile_background_image_url_https": "https://abs.twimg.com/images/themes/theme1/bg.png", "default_profile_image": false, "statuses_count": 29072, "profile_image_url_https": "https://pbs.twimg.com/profile_images/1170469190/twitter44_normal.jpg", "lang": "en", "profile_text_color": "333333", "description": "Badass agile practitioner & instigator, Delicate flower w/ a big mouth. Tweets & opinions are mine & mine only.  @Addicaid early funder.", "name": "Angeline Tan", "verified": false, "profile_use_background_image": true, "entities": {"description": {"urls": []}}, "following": false, "is_translator": false, "profile_background_image_url": "http://abs.twimg.com/images/themes/theme1/bg.png", "profile_background_color": "C0DEED", "geo_enabled": true, "url": null, "protected": false, "listed_count": 243, "is_translation_enabled": false, "favourites_count": 5222, "default_profile": true}
2017-10-25T01:00:04.033198	{"translator_type": "none", "profile_link_color": "1DA1F2", "created_at": "Mon Aug 24 04:24:27 +0000 2009", "name": "Angeline Tan", "default_profile": true, "id": 68325967, "statuses_count": 29073, "profile_sidebar_fill_color": "DDEEF6", "following": false, "followers_count": 1422, "profile_sidebar_border_color": "C0DEED", "is_translator": false, "contributors_enabled": false, "location": "San Francisco/Singapore", "profile_background_image_url": "http://abs.twimg.com/images/themes/theme1/bg.png", "profile_background_color": "C0DEED", "follow_request_sent": false, "url": null, "utc_offset": -25200, "profile_text_color": "333333", "protected": false, "time_zone": "Pacific Time (US & Canada)", "entities": {"description": {"urls": []}}, "favourites_count": 5222, "verified": false, "lang": "en", "is_translation_enabled": false, "profile_use_background_image": true, "notifications": false, "default_profile_image": false, "profile_background_tile": false, "profile_image_url_https": "https://pbs.twimg.com/profile_images/1170469190/twitter44_normal.jpg", "profile_background_image_url_https": "https://abs.twimg.com/images/themes/theme1/bg.png", "id_str": "68325967", "friends_count": 985, "listed_count": 243, "has_extended_profile": false, "geo_enabled": true, "description": "Badass agile practitioner & instigator, Delicate flower w/ a big mouth. Tweets & opinions are mine & mine only.  @Addicaid early funder.", "screen_name": "agilemeister", "profile_image_url": "http://pbs.twimg.com/profile_images/1170469190/twitter44_normal.jpg", "status": {"created_at": "Wed Oct 25 00:23:25 +0000 2017", "is_quote_status": false, "place": null, "geo": null, "coordinates": null, "retweeted": false, "text": "RT @CNBCnow: JUST IN: Twitter will now label political ads, including who bought them and how much they are spending https://t.co/R2Nq8Hssft", "contributors": null, "favorited": false, "source": "<a href=\"http://twitter.com/download/android\" rel=\"nofollow\">Twitter for Android</a>", "id_str": "922981891115966464", "retweeted_status": {"created_at": "Tue Oct 24 20:00:15 +0000 2017", "is_quote_status": false, "place": null, "geo": null, "coordinates": null, "retweeted": false, "text": "JUST IN: Twitter will now label political ads, including who bought them and how much they are spending https://t.co/R2Nq8Hssft", "contributors": null, "favorited": false, "source": "<a href=\"https://about.twitter.com/products/tweetdeck\" rel=\"nofollow\">TweetDeck</a>", "id_str": "922915662099464193", "entities": {"user_mentions": [], "urls": [{"url": "https://t.co/R2Nq8Hssft", "display_url": "cnbc.com/id/104793239", "indices": [104, 127], "expanded_url": "http://cnbc.com/id/104793239"}], "symbols": [], "hashtags": []}, "in_reply_to_screen_name": null, "lang": "en", "possibly_sensitive": false, "in_reply_to_user_id": null, "retweet_count": 1394, "favorite_count": 2469, "in_reply_to_status_id_str": null, "in_reply_to_status_id": null, "in_reply_to_user_id_str": null, "truncated": false, "id": 922915662099464193}, "entities": {"user_mentions": [{"id": 26574283, "screen_name": "CNBCnow", "name": "CNBC Now", "id_str": "26574283", "indices": [3, 11]}], "urls": [{"url": "https://t.co/R2Nq8Hssft", "display_url": "cnbc.com/id/104793239", "indices": [117, 140], "expanded_url": "http://cnbc.com/id/104793239"}], "symbols": [], "hashtags": []}, "in_reply_to_screen_name": null, "lang": "en", "possibly_sensitive": false, "in_reply_to_user_id": null, "retweet_count": 1394, "favorite_count": 0, "in_reply_to_status_id_str": null, "in_reply_to_status_id": null, "in_reply_to_user_id_str": null, "truncated": false, "id": 922981891115966464}}
2017-10-25T02:00:04.465598	{"profile_sidebar_fill_color": "DDEEF6", "default_profile": true, "favourites_count": 5222, "profile_text_color": "333333", "profile_background_tile": false, "screen_name": "agilemeister", "lang": "en", "notifications": false, "is_translation_enabled": false, "statuses_count": 29073, "profile_link_color": "1DA1F2", "geo_enabled": true, "translator_type": "none", "following": false, "verified": false, "created_at": "Mon Aug 24 04:24:27 +0000 2009", "profile_background_image_url_https": "https://abs.twimg.com/images/themes/theme1/bg.png", "protected": false, "listed_count": 243, "profile_background_color": "C0DEED", "follow_request_sent": false, "followers_count": 1422, "profile_sidebar_border_color": "C0DEED", "profile_image_url_https": "https://pbs.twimg.com/profile_images/1170469190/twitter44_normal.jpg", "id_str": "68325967", "utc_offset": -25200, "has_extended_profile": false, "contributors_enabled": false, "friends_count": 985, "profile_use_background_image": true, "id": 68325967, "time_zone": "Pacific Time (US & Canada)", "profile_background_image_url": "http://abs.twimg.com/images/themes/theme1/bg.png", "name": "Angeline Tan", "profile_image_url": "http://pbs.twimg.com/profile_images/1170469190/twitter44_normal.jpg", "is_translator": false, "default_profile_image": false, "url": null, "description": "Badass agile practitioner & instigator, Delicate flower w/ a big mouth. Tweets & opinions are mine & mine only.  @Addicaid early funder.", "status": {"in_reply_to_user_id": null, "in_reply_to_screen_name": null, "source": "<a href=\"http://twitter.com/download/android\" rel=\"nofollow\">Twitter for Android</a>", "in_reply_to_user_id_str": null, "id_str": "922981891115966464", "favorited": false, "contributors": null, "created_at": "Wed Oct 25 00:23:25 +0000 2017", "retweeted_status": {"in_reply_to_user_id": null, "in_reply_to_screen_name": null, "source": "<a href=\"https://about.twitter.com/products/tweetdeck\" rel=\"nofollow\">TweetDeck</a>", "in_reply_to_user_id_str": null, "id_str": "922915662099464193", "favorited": false, "created_at": "Tue Oct 24 20:00:15 +0000 2017", "contributors": null, "favorite_count": 2677, "lang": "en", "retweeted": false, "retweet_count": 1509, "geo": null, "possibly_sensitive": false, "text": "JUST IN: Twitter will now label political ads, including who bought them and how much they are spending https://t.co/R2Nq8Hssft", "is_quote_status": false, "in_reply_to_status_id": null, "coordinates": null, "truncated": false, "in_reply_to_status_id_str": null, "id": 922915662099464193, "entities": {"hashtags": [], "urls": [{"url": "https://t.co/R2Nq8Hssft", "indices": [104, 127], "display_url": "cnbc.com/id/104793239", "expanded_url": "http://cnbc.com/id/104793239"}], "user_mentions": [], "symbols": []}, "place": null}, "favorite_count": 0, "lang": "en", "retweeted": false, "retweet_count": 1509, "geo": null, "possibly_sensitive": false, "text": "RT @CNBCnow: JUST IN: Twitter will now label political ads, including who bought them and how much they are spending https://t.co/R2Nq8Hssft", "is_quote_status": false, "in_reply_to_status_id": null, "coordinates": null, "truncated": false, "in_reply_to_status_id_str": null, "id": 922981891115966464, "entities": {"hashtags": [], "urls": [{"url": "https://t.co/R2Nq8Hssft", "indices": [117, 140], "display_url": "cnbc.com/id/104793239", "expanded_url": "http://cnbc.com/id/104793239"}], "user_mentions": [{"indices": [3, 11], "id_str": "26574283", "name": "CNBC Now", "id": 26574283, "screen_name": "CNBCnow"}], "symbols": []}, "place": null}, "location": "San Francisco/Singapore", "entities": {"description": {"urls": []}}}
2017-10-25T03:00:03.457341	{"location": "San Francisco/Singapore", "url": null, "entities": {"description": {"urls": []}}, "created_at": "Mon Aug 24 04:24:27 +0000 2009", "verified": false, "profile_background_image_url": "http://abs.twimg.com/images/themes/theme1/bg.png", "protected": false, "profile_sidebar_border_color": "C0DEED", "default_profile": true, "follow_request_sent": false, "id": 68325967, "listed_count": 243, "time_zone": "Pacific Time (US & Canada)", "utc_offset": -25200, "profile_use_background_image": true, "status": {"geo": null, "retweeted": false, "entities": {"hashtags": [], "symbols": [], "urls": [{"url": "https://t.co/kGKAjrTtML", "indices": [55, 78], "display_url": "twitter.com/Marmel/status/\u2026", "expanded_url": "https://twitter.com/Marmel/status/923013846553436162"}], "user_mentions": []}, "favorite_count": 0, "coordinates": null, "truncated": false, "in_reply_to_user_id": null, "place": null, "quoted_status_id": 923013846553436162, "retweet_count": 0, "lang": "en", "quoted_status_id_str": "923013846553436162", "favorited": false, "contributors": null, "in_reply_to_status_id_str": null, "is_quote_status": true, "source": "<a href=\"http://twitter.com/download/android\" rel=\"nofollow\">Twitter for Android</a>", "id_str": "923021172236619777", "in_reply_to_screen_name": null, "possibly_sensitive": false, "in_reply_to_status_id": null, "created_at": "Wed Oct 25 02:59:31 +0000 2017", "id": 923021172236619777, "text": "Flake and Corker, all talk and no balls.  Empty suits. https://t.co/kGKAjrTtML", "in_reply_to_user_id_str": null}, "lang": "en", "is_translator": false, "name": "Angeline Tan", "following": false, "screen_name": "agilemeister", "translator_type": "none", "default_profile_image": false, "description": "Badass agile practitioner & instigator, Delicate flower w/ a big mouth. Tweets & opinions are mine & mine only.  @Addicaid early funder.", "has_extended_profile": false, "notifications": false, "is_translation_enabled": false, "id_str": "68325967", "profile_background_image_url_https": "https://abs.twimg.com/images/themes/theme1/bg.png", "followers_count": 1422, "profile_link_color": "1DA1F2", "favourites_count": 5222, "geo_enabled": true, "profile_text_color": "333333", "profile_image_url_https": "https://pbs.twimg.com/profile_images/1170469190/twitter44_normal.jpg", "friends_count": 985, "profile_sidebar_fill_color": "DDEEF6", "statuses_count": 29075, "profile_background_tile": false, "profile_image_url": "http://pbs.twimg.com/profile_images/1170469190/twitter44_normal.jpg", "profile_background_color": "C0DEED", "contributors_enabled": false}
